Constituency,Candidate,Party,EVM_Votes,Postal_Votes,Total_Votes,%_of_Votes,Tot_Constituency_votes_polled,Tot_votes_by_parties,Winning_votes,Win_Lost_Flag
Alandur,M.HARISH,Tamilaga Vettri Kazhagam,111572,633,112205,42.9,261570,17226030,112205,True
Alandur,T.M.ANBARASAN,Dravida Munnetra Kazhagam,81642,954,82596,31.58,261570,11928996,112205,False
Alandur,S.SARAVANAN,All India Anna Dravida Munnetra Kazhagam,51652,591,52243,19.97,261570,10462146,112205,False
Alandur,Y.G.MAHALAKSHMI,Naam Tamilar Katchi,10346,59,10405,3.98,261570,1972520,112205,False
Alandur,NOTA,None of the Above,1252,11,1263,0.48,261570,199800,112205,False
Alandur,M.HARISH,Independent,845,8,853,0.33,261570,524736,112205,False
Alandur,N.HARI KRISHNAN,All India Puratchi Thalaivar Makkal Munnettra Kazhagam,315,2,317,0.12,261570,133479,112205,False
Alandur,J.AGNI SELVARASU,Naadaalum Makkal Katchi,230,3,233,0.09,261570,9715,112205,False
Alandur,SENKODI VIJAYALAKSHMI,Independent,231,2,233,0.09,261570,524736,112205,False
Alandur,R.SURESH,Independent,166,2,168,0.06,261570,524736,112205,False
Alandur,R.SARAVANAN,Independent,148,2,150,0.06,261570,524736,112205,False
Alandur,V.ANBARASAN,Independent,119,1,120,0.05,261570,524736,112205,False
Alandur,MAHESH KUMAR,Independent,103,2,105,0.04,261570,524736,112205,False
Alandur,A.VELUSAMY,Puthiya Tamilagam,92,1,93,0.04,261570,93652,112205,False
Alandur,S.ROYAPPAN,Tamizhaga Vaazhvurimai Katchi,89,0,89,0.03,261570,74809,112205,False
Alandur,A.SARAVANAN,Independent,77,1,78,0.03,261570,524736,112205,False
Alandur,ARAVIND CHANDRASEKAR,Indhu Dravida Makkal Katchi,76,1,77,0.03,261570,2112,112205,False
Alandur,S.SARAVANAN,Independent,64,12,76,0.03,261570,524736,112205,False
Alandur,R.SELVAKUMAR,Independent,69,0,69,0.03,261570,524736,112205,False
Alandur,B. KALYANARAMKUMAR,Naam Indiar Party,59,1,60,0.02,261570,4474,112205,False
Alandur,K.VELAYUDHAM,Independent,50,1,51,0.02,261570,524736,112205,False
Alandur,D.SARAVANAN,Independent,38,12,50,0.02,261570,524736,112205,False
Alandur,G.DANIEL ANTONYRAJ,Independent,19,0,19,0.01,261570,524736,112205,False
Alandur,G.RAMANAN,Independent,17,0,17,0.01,261570,524736,112205,False
Alangudi,SIVA.V.MEYYANATHAN,Dravida Munnetra Kazhagam,64162,767,64929,35.98,180483,11928996,64929,True
Alangudi,KANDASAMY,Tamilaga Vettri Kazhagam,51577,375,51952,28.78,180483,17226030,64929,False
Alangudi,DHANA VIMAL,All India Anna Dravida Munnetra Kazhagam,49794,269,50063,27.74,180483,10462146,64929,False
Alangudi,R.RAJARAM,Naam Tamilar Katchi,10531,121,10652,5.9,180483,1972520,64929,False
Alangudi,NOTA,None of the Above,664,9,673,0.37,180483,199800,64929,False
Alangudi,D.PUSHPARAJ,All India Puratchi Thalaivar Makkal Munnettra Kazhagam,603,15,618,0.34,180483,133479,64929,False
Alangudi,R.SURESH,Party for the Rights of Other backward Classes,530,0,530,0.29,180483,4101,64929,False
Alangudi,S MALAIYANDI,Akila Inthiya Makkal Marumalarchi Kazhakam,183,1,184,0.1,180483,425,64929,False
Alangudi,K.MURUGESAN,Independent,174,0,174,0.1,180483,524736,64929,False
Alangudi,SASIKUMAR.P,Independent,155,3,158,0.09,180483,524736,64929,False
Alangudi,B.SELVAM,Independent,131,5,136,0.08,180483,524736,64929,False
Alangudi,S.VANMEGANADHAN,Independent,131,1,132,0.07,180483,524736,64929,False
Alangudi,M.NAGARAJAN,Independent,123,2,125,0.07,180483,524736,64929,False
Alangudi,T.THIRUMARAN,Independent,90,1,91,0.05,180483,524736,64929,False
Alangudi,V.KANNADASSAN,Independent,66,0,66,0.04,180483,524736,64929,False
Alangulam,PAUL MANOJ PANDIAN,Dravida Munnetra Kazhagam,67974,1196,69170,31.32,220857,11928996,69170,True
Alangulam,K R P PRABAKARAN,All India Anna Dravida Munnetra Kazhagam,60584,788,61372,27.79,220857,10462146,69170,False
Alangulam,VIBIN CHAKKARAVARTHY,Tamilaga Vettri Kazhagam,60046,638,60684,27.48,220857,17226030,69170,False
Alangulam,R PAULRAJ,Naam Tamilar Katchi,23017,363,23380,10.59,220857,1972520,69170,False
Alangulam,MADASAMY,All India Puratchi Thalaivar Makkal Munnettra Kazhagam,2113,45,2158,0.98,220857,133479,69170,False
Alangulam,A UDHAYAKUMAR,Puthiya Tamilagam,1590,30,1620,0.73,220857,93652,69170,False
Alangulam,NOTA,None of the Above,961,21,982,0.44,220857,199800,69170,False
Alangulam,JEYANTHI,Independent,426,6,432,0.2,220857,524736,69170,False
Alangulam,R KOTHERIMOHIDEEN,Independent,195,4,199,0.09,220857,524736,69170,False
Alangulam,W JAYSON,Independent,196,0,196,0.09,220857,524736,69170,False
Alangulam,U ARAVIND,Independent,183,6,189,0.09,220857,524736,69170,False
Alangulam,A SUBASH CHANDRA BOSE,Thakkam Katchi,180,2,182,0.08,220857,2416,69170,False
Alangulam,T MARIKUMAR,Independent,151,10,161,0.07,220857,524736,69170,False
Alangulam,K ARUNKUMAR,Independent,111,21,132,0.06,220857,524736,69170,False
Ambasamudram,DR.ESAKKI SUBAYA,All India Anna Dravida Munnetra Kazhagam,64632,957,65589,34.3,191195,10462146,65589,True
Ambasamudram,V.P.DURAI,Indian National Congress,54622,722,55344,28.95,191195,1661312,65589,False
Ambasamudram,S.RAJAGOPAL,Tamilaga Vettri Kazhagam,53087,524,53611,28.04,191195,17226030,65589,False
Ambasamudram,DR.V.SIVASANKARAN,Naam Tamilar Katchi,14669,237,14906,7.8,191195,1972520,65589,False
Ambasamudram,NOTA,None of the Above,1046,14,1060,0.55,191195,199800,65589,False
Ambasamudram,R.ESAIKANNAN,Bahujan Samaj Party,675,10,685,0.36,191195,53369,65589,False
Ambattur,BALAMURUGAN.G,Tamilaga Vettri Kazhagam,132995,344,133339,51.29,259986,17226030,133339,True
Ambattur,DR A.P. POORNIMA,Dravida Munnetra Kazhagam,74156,402,74558,28.68,259986,11928996,133339,False
Ambattur,K.N. SEKAR,Pattali Makkal Katchi,35826,171,35997,13.85,259986,1070745,133339,False
Ambattur,SILAMBARASAN,Naam Tamilar Katchi,11049,39,11088,4.26,259986,1972520,133339,False
Ambattur,NOTA,None of the Above,1474,16,1490,0.57,259986,199800,133339,False
Ambattur,A.KALYANASUNDARAM,Nationalist Janshakti Party,584,4,588,0.23,259986,588,133339,False
Ambattur,R.BALAMURUGAN,Independent,493,0,493,0.19,259986,524736,133339,False
Ambattur,DR. J.SAILAS,Bahujan Samaj Party,441,2,443,0.17,259986,53369,133339,False
Ambattur,DR. S.PRAVEEN,Independent,305,3,308,0.12,259986,524736,133339,False
Ambattur,V. RAMKUMAR,India Suyarajya Party,224,0,224,0.09,259986,224,133339,False
Ambattur,S. MADHAVAN,Independent,179,0,179,0.07,259986,524736,133339,False
Ambattur,M.S. ARUMUGAM,Independent,135,0,135,0.05,259986,524736,133339,False
Ambattur,RAJKUMAR,Tamizhaga Vaazhvurimai Katchi,125,2,127,0.05,259986,74809,133339,False
Ambattur,K. SEKAR,Independent,125,2,127,0.05,259986,524736,133339,False
Ambattur,S. JANARTHANAN,Independent,125,1,126,0.05,259986,524736,133339,False
Ambattur,G.P. SEKAR,Independent,102,1,103,0.04,259986,524736,133339,False
Ambattur,PALANI,Independent,99,4,103,0.04,259986,524736,133339,False
Ambattur,D.K.MESHACK KIRUBAKARAN,Independent,102,0,102,0.04,259986,524736,133339,False
Ambattur,JOTHI.M,Independent,89,0,89,0.03,259986,524736,133339,False
Ambattur,VINAYAGAMOORTHY.R,Independent,82,1,83,0.03,259986,524736,133339,False
Ambattur,P. ARUMUGAM,Independent,77,0,77,0.03,259986,524736,133339,False
Ambattur,G. SAMPATH,Independent,71,1,72,0.03,259986,524736,133339,False
Ambattur,D. PUSHPA,Independent,66,2,68,0.03,259986,524736,133339,False
Ambattur,D. JEYAGANESH,Naam Indiar Party,67,0,67,0.03,259986,4474,133339,False
Ambur,VILWANATHAN. A.C.,Dravida Munnetra Kazhagam,73543,559,74102,37.89,195584,11928996,74102,True
Ambur,IMTHIYAZ PANDARATTUDU ABDU,Tamilaga Vettri Kazhagam,66689,282,66971,34.24,195584,17226030,74102,False
Ambur,VENKATESAN. R,All India Anna Dravida Munnetra Kazhagam,46768,332,47100,24.08,195584,10462146,74102,False
Ambur,AFSHIA NASRIN. S,Naam Tamilar Katchi,4143,42,4185,2.14,195584,1972520,74102,False
Ambur,VISWANATHAN. J,Independent,486,4,490,0.25,195584,524736,74102,False
Ambur,NOTA,None of the Above,465,3,468,0.24,195584,199800,74102,False
Ambur,ASADULLAH. B,Indian National League,457,0,457,0.23,195584,457,74102,False
Ambur,WAZEER AHMED. J,Bahujan Samaj Party,381,3,384,0.2,195584,53369,74102,False
Ambur,SRINATH,Independent,231,0,231,0.12,195584,524736,74102,False
Ambur,SASI REKA. Y,Makkal Arasial Katchi,193,1,194,0.1,195584,1008,74102,False
Ambur,KUMARAVEL. P,Independent,193,0,193,0.1,195584,524736,74102,False
Ambur,VENKATESAN. M,Independent,181,1,182,0.09,195584,524736,74102,False
Ambur,KAREEM BASHA. A,All India Majlis-E-Inquilab-E-Millat,168,0,168,0.09,195584,168,74102,False
Ambur,MUSHTAQ AHMED KUTLAPPAI,Independent,150,1,151,0.08,195584,524736,74102,False
Ambur,FIRDOSE AHMED. M,Independent,124,6,130,0.07,195584,524736,74102,False
Ambur,HAROON RASHEED BADU,All India Puratchi Thalaivar Makkal Munnettra Kazhagam,91,2,93,0.05,195584,133479,74102,False
Ambur,GOVINDHAN. A,All India Youth Development Party,85,0,85,0.04,195584,1203,74102,False
Anaikattu,D.VELAZHAGAN,All India Anna Dravida Munnetra Kazhagam,75629,673,76302,35.27,216318,10462146,76302,True
Anaikattu,A.P.NANDAKUMAR,Dravida Munnetra Kazhagam,68468,753,69221,32.0,216318,11928996,76302,False
Anaikattu,R.VELMURUGAN,Tamilaga Vettri Kazhagam,62602,685,63287,29.26,216318,17226030,76302,False
Anaikattu,M.RAVIKUMAR,Naam Tamilar Katchi,4630,116,4746,2.19,216318,1972520,76302,False
Anaikattu,NOTA,None of the Above,1092,11,1103,0.51,216318,199800,76302,False
Anaikattu,R.SARAVANAN,Namadhu Makkal Katchi,346,5,351,0.16,216318,756,76302,False
Anaikattu,K.MANOHARAN,Independent,318,1,319,0.15,216318,524736,76302,False
Anaikattu,V.S.VENKATESH,Aanaithinthiya Jananayaka Pathukappu Kazhagam,216,1,217,0.1,216318,22964,76302,False
Anaikattu,V.VINOTHKANNA,Tamizhaga Vaazhvurimai Katchi,172,20,192,0.09,216318,74809,76302,False
Anaikattu,P.JAYASEELAN,Puthiya Tamilagam,163,3,166,0.08,216318,93652,76302,False
Anaikattu,R.RAMESH,Independent,150,2,152,0.07,216318,524736,76302,False
Anaikattu,M.NANDHA KUMAR,Independent,91,4,95,0.04,216318,524736,76302,False
Anaikattu,S.SELVAMOORTHY,Independent,87,3,90,0.04,216318,524736,76302,False
Anaikattu,E.SURESH,Independent,75,2,77,0.04,216318,524736,76302,False
Andipatti,MAHARAJAN.A,Dravida Munnetra Kazhagam,73609,715,74324,34.2,217329,11928996,74324,True
Andipatti,PANDI.V,Tamilaga Vettri Kazhagam,63841,929,64770,29.8,217329,17226030,74324,False
Andipatti,LOGIRAJAN.A,All India Anna Dravida Munnetra Kazhagam,62645,698,63343,29.15,217329,10462146,74324,False
Andipatti,GOMATHI .M,Naam Tamilar Katchi,10075,271,10346,4.76,217329,1972520,74324,False
Andipatti,NOTA,None of the Above,998,30,1028,0.47,217329,199800,74324,False
Andipatti,CHELLAPANDIYAN.S,All India Puratchi Thalaivar Makkal Munnettra Kazhagam,570,16,586,0.27,217329,133479,74324,False
Andipatti,ELAYARAJA.M,Puthiya Tamilagam,499,17,516,0.24,217329,93652,74324,False
Andipatti,IRUMBORAI.G,Communist Party of India (Marxist-Leninist) Red Star,503,2,505,0.23,217329,790,74324,False
Andipatti,ESAKKIAMMAL.M,Bahujan Samaj Party,416,4,420,0.19,217329,53369,74324,False
Andipatti,GOPAL.S,Independent,229,3,232,0.11,217329,524736,74324,False
Andipatti,PANDIDURAI.P,Independent,220,0,220,0.1,217329,524736,74324,False
Andipatti,GOPINATH.P,Independent,181,2,183,0.08,217329,524736,74324,False
Andipatti,NEELAKANNAN.T,Independent,158,1,159,0.07,217329,524736,74324,False
Andipatti,JAGADEESAN.P,Independent,151,2,153,0.07,217329,524736,74324,False
Andipatti,MOHAMMED RUKMAN.M,Tamizhaga Vaazhvurimai Katchi,142,6,148,0.07,217329,74809,74324,False
Andipatti,PACKIARAJ.S,Independent,130,3,133,0.06,217329,524736,74324,False
Andipatti,VIJAYARAJ.R,Independent,112,1,113,0.05,217329,524736,74324,False
Andipatti,JEYAMURUGAN.M.P,Veerath Thiyagi Viswanathadoss Thozhilalarkal Katchi,81,1,82,0.04,217329,5624,74324,False
Andipatti,KARUPPAIYA,Independent,67,1,68,0.03,217329,524736,74324,False
Anna Nagar,V.K.RAMKUMAR,Tamilaga Vettri Kazhagam,70986,389,71375,43.7,163339,17226030,71375,True
Anna Nagar,N.CHITRARASU,Dravida Munnetra Kazhagam,49367,645,50012,30.62,163339,11928996,71375,False
Anna Nagar,S.GOKULA INDIRA,All India Anna Dravida Munnetra Kazhagam,33923,459,34382,21.05,163339,10462146,71375,False
Anna Nagar,S.SHANKAR,Naam Tamilar Katchi,4796,43,4839,2.96,163339,1972520,71375,False
Anna Nagar,NOTA,None of the Above,945,18,963,0.59,163339,199800,71375,False
Anna Nagar,S VINESH KUMAR,Independent,286,3,289,0.18,163339,524736,71375,False
Anna Nagar,S.DHAYALAN,Thamizhaga Munnetra Congress,184,2,186,0.11,163339,186,71375,False
Anna Nagar,E.V.S.RAJAKUMAR NAIDU,Tamil Telugu National Party,133,1,134,0.08,163339,642,71375,False
Anna Nagar,T S HABEEB MOHAMMAD,Independent,127,4,131,0.08,163339,524736,71375,False
Anna Nagar,L NARENDRAN,Independent,129,0,129,0.08,163339,524736,71375,False
Anna Nagar,B.ANAND,Thakkam Katchi,124,3,127,0.08,163339,2416,71375,False
Anna Nagar,J NAGARAJ,Independent,126,0,126,0.08,163339,524736,71375,False
Anna Nagar,MOHAMMED BILAL FATHICK,Independent,101,0,101,0.06,163339,524736,71375,False
Anna Nagar,JANARTHANAN P,Independent,71,0,71,0.04,163339,524736,71375,False
Anna Nagar,RAJENDIRAN NAIDU,Independent,70,0,70,0.04,163339,524736,71375,False
Anna Nagar,G.SIVA KUMAR,Independent,57,1,58,0.04,163339,524736,71375,False
Anna Nagar,M HARISHANKAR,Independent,56,1,57,0.03,163339,524736,71375,False
Anna Nagar,L KASINATHAN,Independent,50,0,50,0.03,163339,524736,71375,False
Anna Nagar,S SATHISH KUMAR,Independent,50,0,50,0.03,163339,524736,71375,False
Anna Nagar,G OMPRAKASH,Independent,39,2,41,0.03,163339,524736,71375,False
Anna Nagar,M SELVAMUTHUKUMAR,Independent,36,0,36,0.02,163339,524736,71375,False
Anna Nagar,RAMAMOORTHY E,Independent,33,2,35,0.02,163339,524736,71375,False
Anna Nagar,S ANSAR ALI,Independent,24,3,27,0.02,163339,524736,71375,False
Anna Nagar,M MANOHARAN,Independent,26,1,27,0.02,163339,524736,71375,False
Anna Nagar,N.P.RAJHA,Naam Indiar Party,23,0,23,0.01,163339,4474,71375,False
Anthiyur,HARIBASKAR.P,All India Anna Dravida Munnetra Kazhagam,59183,859,60042,32.32,185775,10462146,60042,True
Anthiyur,SIVABALAN.M,Dravida Munnetra Kazhagam,57640,1142,58782,31.64,185775,11928996,60042,False
Anthiyur,VIJAY VENKATESH.M,Tamilaga Vettri Kazhagam,55726,646,56372,30.34,185775,17226030,60042,False
Anthiyur,AALANGATTUR ANANDHI,Naam Tamilar Katchi,5164,123,5287,2.85,185775,1972520,60042,False
Anthiyur,VEERAN.K,Independent,988,2,990,0.53,185775,524736,60042,False
Anthiyur,DHANABAL.C,Independent,778,4,782,0.42,185775,524736,60042,False
Anthiyur,NOTA,None of the Above,730,24,754,0.41,185775,199800,60042,False
Anthiyur,RAMASAMY.S,Samaniya Makkal Nala Katchi,611,0,611,0.33,185775,5144,60042,False
Anthiyur,GOBAL.S.C.R,Aanaithinthiya Jananayaka Pathukappu Kazhagam,425,7,432,0.23,185775,22964,60042,False
Anthiyur,EASWARAMURTHI.K,Tamizhaga Vaazhvurimai Katchi,381,9,390,0.21,185775,74809,60042,False
Anthiyur,KAVIBHARATHI.K,Bahujan Samaj Party,374,6,380,0.2,185775,53369,60042,False
Anthiyur,SANKARKUMAR.K.A,Independent,330,0,330,0.18,185775,524736,60042,False
Anthiyur,SHEIK DAVOOD.A.M,Independent,249,1,250,0.13,185775,524736,60042,False
Anthiyur,KARTHI.M,Independent,196,1,197,0.11,185775,524736,60042,False
Anthiyur,SELVI.A,Independent,173,3,176,0.09,185775,524736,60042,False
Arakkonam,V. GANDHIRAJ,Tamilaga Vettri Kazhagam,73358,418,73776,40.46,182340,17226030,73776,True
Arakkonam,EZHIL CAROLINE,Viduthalai Chiruthaigal Katchi,50255,400,50655,27.78,182340,540056,73776,False
Arakkonam,S. RAVI,All India Anna Dravida Munnetra Kazhagam,49638,414,50052,27.45,182340,10462146,73776,False
Arakkonam,K. RAJKUMAR,Naam Tamilar Katchi,5134,57,5191,2.85,182340,1972520,73776,False
Arakkonam,NOTA,None of the Above,889,10,899,0.49,182340,199800,73776,False
Arakkonam,P. SUDHAKAR,Bahujan Samaj Party,441,10,451,0.25,182340,53369,73776,False
Arakkonam,VETRIVEL. M,Aanaithinthiya Jananayaka Pathukappu Kazhagam,249,2,251,0.14,182340,22964,73776,False
Arakkonam,N. PRAVEENKUMAR,Independent,238,0,238,0.13,182340,524736,73776,False
Arakkonam,N. LAKSHMIPATHY,Tamizhaga Vaazhvurimai Katchi,228,1,229,0.13,182340,74809,73776,False
Arakkonam,T. MURALIDHARAN,Independent,195,2,197,0.11,182340,524736,73776,False
Arakkonam,M. SANTHANAM,Independent,148,2,150,0.08,182340,524736,73776,False
Arakkonam,G. MOHAN,Independent,106,0,106,0.06,182340,524736,73776,False
Arakkonam,M. MANIKANDAN,Independent,75,0,75,0.04,182340,524736,73776,False
Arakkonam,P. GOVINDARAJ,Independent,69,1,70,0.04,182340,524736,73776,False
Arani,JAYASUDHA. L,All India Anna Dravida Munnetra Kazhagam,75881,854,76735,33.34,230162,10462146,76735,True
Arani,MAHALAKSHMI GOVARTHANAN,Dravida Munnetra Kazhagam,70213,891,71104,30.89,230162,11928996,76735,False
Arani,VENKATESH KUMAR. D,Tamilaga Vettri Kazhagam,70191,666,70857,30.79,230162,17226030,76735,False
Arani,DHAVAMANI. R,Naam Tamilar Katchi,6722,166,6888,2.99,230162,1972520,76735,False
Arani,NOTA,None of the Above,694,13,707,0.31,230162,199800,76735,False
Arani,BASKARAN. S,Independent,423,1,424,0.18,230162,524736,76735,False
Arani,DHAMOTHARAN. M,Independent,387,0,387,0.17,230162,524736,76735,False
Arani,MAHALAKSHMI. G,Independent,357,2,359,0.16,230162,524736,76735,False
Arani,GANAPATHY. S,Thamizhaka Padaippalar Makkal Katchi,355,3,358,0.16,230162,4020,76735,False
Arani,KALAIMANI. V,Aanaithinthiya Jananayaka Pathukappu Kazhagam,288,4,292,0.13,230162,22964,76735,False
Arani,SUDHA. S,Independent,257,0,257,0.11,230162,524736,76735,False
Arani,SARAVANAN. S,Independent,228,1,229,0.1,230162,524736,76735,False
Arani,SILAMBARASAN. C,Independent,202,0,202,0.09,230162,524736,76735,False
Arani,SAKTHIVEL. S,Independent,171,13,184,0.08,230162,524736,76735,False
Arani,SETHURAMA SASTHRI. G,Independent,178,0,178,0.08,230162,524736,76735,False
Arani,TAMILMANNAN. D,Samaniya Makkal Nala Katchi,164,0,164,0.07,230162,5144,76735,False
Arani,EKAMBARAM. V,Independent,122,32,154,0.07,230162,524736,76735,False
Arani,SURESH. S,Tamizhaga Vaazhvurimai Katchi,131,12,143,0.06,230162,74809,76735,False
Arani,MAHALAKSHMI. G,Independent,115,2,117,0.05,230162,524736,76735,False
Arani,AMMU. V,Independent,100,4,104,0.05,230162,524736,76735,False
Arani,JAYANTHI. M,Independent,89,1,90,0.04,230162,524736,76735,False
Arani,SELVAKOTTI. E,Veerath Thiyagi Viswanathadoss Thozhilalarkal Katchi,68,0,68,0.03,230162,5624,76735,False
Arani,JAYANTHI. E,Independent,59,1,60,0.03,230162,524736,76735,False
Arani,VENKATESAN. P,Independent,53,0,53,0.02,230162,524736,76735,False
Arani,VINOTH. A,Independent,47,1,48,0.02,230162,524736,76735,False
Aranthangi,MOHAMED FARVAS. J,Tamilaga Vettri Kazhagam,72661,583,73244,40.08,182730,17226030,73244,True
Aranthangi,RAMACHANDRAN . T,Indian National Congress,62449,733,63182,34.58,182730,1661312,73244,False
Aranthangi,KAVITHA SRIKANTH,Bharatiya Janata Party,31147,309,31456,17.21,182730,1466979,73244,False
Aranthangi,MUTHULAKSHMI. S,Naam Tamilar Katchi,9871,104,9975,5.46,182730,1972520,73244,False
Aranthangi,SHAHUL HAMEED . N,Independent,798,0,798,0.44,182730,524736,73244,False
Aranthangi,NAZIM KHAN. M,Tamizhaga Vaazhvurimai Katchi,767,7,774,0.42,182730,74809,73244,False
Aranthangi,KALIMUTHU. P,Independent,754,8,762,0.42,182730,524736,73244,False
Aranthangi,NOTA,None of the Above,575,5,580,0.32,182730,199800,73244,False
Aranthangi,DHETCHNA MOORTHY. DOCTOR. S,Independent,401,7,408,0.22,182730,524736,73244,False
Aranthangi,ABDUL JAFFAR. S,Independent,319,3,322,0.18,182730,524736,73244,False
Aranthangi,MURUGARETHINAM. T,Independent,302,3,305,0.17,182730,524736,73244,False
Aranthangi,SUNDAR . A,Independent,291,2,293,0.16,182730,524736,73244,False
Aranthangi,ARUNAGIRI . M,Independent,209,1,210,0.11,182730,524736,73244,False
Aranthangi,KARTHIKEYAN. N,Independent,147,2,149,0.08,182730,524736,73244,False
Aranthangi,AIYAPPAN,Independent,136,2,138,0.08,182730,524736,73244,False
Aranthangi,UDAIYAPPAN. M,Independent,134,0,134,0.07,182730,524736,73244,False
Aravakurichi,ELANGO. R,Dravida Munnetra Kazhagam,70058,769,70827,39.11,181078,11928996,70827,True
Aravakurichi,KARTHIKEYAN. P,Tamilaga Vettri Kazhagam,51118,327,51445,28.41,181078,17226030,70827,False
Aravakurichi,SELVAKUMAR. K,All India Anna Dravida Munnetra Kazhagam,48823,466,49289,27.22,181078,10462146,70827,False
Aravakurichi,NAREN. S,Naam Tamilar Katchi,5083,71,5154,2.85,181078,1972520,70827,False
Aravakurichi,NOTA,None of the Above,626,11,637,0.35,181078,199800,70827,False
Aravakurichi,RAVI. AG,Tamizhaga Vaazhvurimai Katchi,392,6,398,0.22,181078,74809,70827,False
Aravakurichi,SUGANYA. S,Bahujan Samaj Party,354,5,359,0.2,181078,53369,70827,False
Aravakurichi,TAMILARASAN. M,Independent,346,0,346,0.19,181078,524736,70827,False
Aravakurichi,NATARAJAN. P,Independent,326,0,326,0.18,181078,524736,70827,False
Aravakurichi,ASIYA BEGUM,All India Puratchi Thalaivar Makkal Munnettra Kazhagam,290,0,290,0.16,181078,133479,70827,False
Aravakurichi,SOWMIYA. R,Independent,284,0,284,0.16,181078,524736,70827,False
Aravakurichi,BOOPATHY. S,Independent,283,1,284,0.16,181078,524736,70827,False
Aravakurichi,SAKTHIVEL. R,Viduthalai Kalam Katchi,210,1,211,0.12,181078,211,70827,False
Aravakurichi,NARENDRAKUMAR. G,Independent,158,0,158,0.09,181078,524736,70827,False
Aravakurichi,SIVALINGAM. T,Independent,120,2,122,0.07,181078,524736,70827,False
Aravakurichi,SILAMBARASAN. P,Independent,114,0,114,0.06,181078,524736,70827,False
Aravakurichi,NATCHIMUTHU. V,Independent,92,0,92,0.05,181078,524736,70827,False
Aravakurichi,MANIKANDAN. T,Independent,86,0,86,0.05,181078,524736,70827,False
Aravakurichi,RAJASEKARAN. N,Independent,70,0,70,0.04,181078,524736,70827,False
Aravakurichi,ARASUMANI. G,Independent,61,0,61,0.03,181078,524736,70827,False
Aravakurichi,KIRUBANANTH. S,Independent,61,0,61,0.03,181078,524736,70827,False
Aravakurichi,MATHIYALAGAN. P,Independent,58,0,58,0.03,181078,524736,70827,False
Aravakurichi,RAJENDARAN. N,Independent,56,0,56,0.03,181078,524736,70827,False
Aravakurichi,ARIVALAGAN. M,Independent,51,0,51,0.03,181078,524736,70827,False
Aravakurichi,KAVIYARASU. T,Independent,49,1,50,0.03,181078,524736,70827,False
Aravakurichi,KATHIRESAN. M,Independent,49,0,49,0.03,181078,524736,70827,False
Aravakurichi,PRAVEEN. S,Independent,47,0,47,0.03,181078,524736,70827,False
Aravakurichi,MOHANKUMAR. K,Independent,47,0,47,0.03,181078,524736,70827,False
Aravakurichi,RAMALINGAM. V,Independent,38,0,38,0.02,181078,524736,70827,False
Aravakurichi,RAGUPATHI. S,Independent,35,0,35,0.02,181078,524736,70827,False
Aravakurichi,MURUGESAN. R,Independent,33,0,33,0.02,181078,524736,70827,False
Arcot,S.M.SUKUMAR,All India Anna Dravida Munnetra Kazhagam,104696,912,105608,46.77,225786,10462146,105608,True
Arcot,G.VIJAY MOHAN,Tamilaga Vettri Kazhagam,62035,853,62888,27.85,225786,17226030,105608,False
Arcot,J.L.ESWARAPPAN,Dravida Munnetra Kazhagam,48306,534,48840,21.63,225786,11928996,105608,False
Arcot,ARCHANA NARASIMMAN,Naam Tamilar Katchi,5381,137,5518,2.44,225786,1972520,105608,False
Arcot,NOTA,None of the Above,644,12,656,0.29,225786,199800,105608,False
Arcot,M.VASANTHAKUMAR,Bahujan Samaj Party,459,9,468,0.21,225786,53369,105608,False
Arcot,K.MANIKANDAN,Independent,397,0,397,0.18,225786,524736,105608,False
Arcot,A.VIJAY,Independent,365,4,369,0.16,225786,524736,105608,False
Arcot,S.P.SHANMUGAM,Aanaithinthiya Jananayaka Pathukappu Kazhagam,244,8,252,0.11,225786,22964,105608,False
Arcot,V.GANDHI,Vanchit Bahujan Aaghadi,192,5,197,0.09,225786,1027,105608,False
Arcot,V.SEETHARAMAN,Anti Corruption Dynamic Party,161,7,168,0.07,225786,4558,105608,False
Arcot,P.VENKATESAN,Tamizhaga Vaazhvurimai Katchi,146,5,151,0.07,225786,74809,105608,False
Arcot,V.SHANTHI,Independent,105,8,113,0.05,225786,524736,105608,False
Arcot,ESWARAPPAN.M,Independent,95,8,103,0.05,225786,524736,105608,False
Arcot,R.INDHUMATHI,Independent,58,0,58,0.03,225786,524736,105608,False
Ariyalur,RAJENDRAN S,All India Anna Dravida Munnetra Kazhagam,94468,751,95219,40.37,235858,10462146,95219,True
Ariyalur,LATHA BALU,Dravida Munnetra Kazhagam,70092,629,70721,29.98,235858,11928996,95219,False
Ariyalur,SIVAKUMAR M,Tamilaga Vettri Kazhagam,57001,358,57359,24.32,235858,17226030,95219,False
Ariyalur,PUGAZHENDHI D,Naam Tamilar Katchi,8425,102,8527,3.62,235858,1972520,95219,False
Ariyalur,JOTHIBASU K,Independent,690,1,691,0.29,235858,524736,95219,False
Ariyalur,NOTA,None of the Above,633,8,641,0.27,235858,199800,95219,False
Ariyalur,THANGA. SHANMUGA SUNDARAM,Naadaalum Makkal Katchi,634,3,637,0.27,235858,9715,95219,False
Ariyalur,VETRIVEL G,Independent,553,1,554,0.23,235858,524736,95219,False
Ariyalur,STALIN V,Bahujan Samaj Party,472,3,475,0.2,235858,53369,95219,False
Ariyalur,SEMMALAI T,Independent,256,3,259,0.11,235858,524736,95219,False
Ariyalur,RAJKUMAR K,Independent,201,0,201,0.09,235858,524736,95219,False
Ariyalur,SUDHAKAR M,Tamizhaga Vaazhvurimai Katchi,175,2,177,0.08,235858,74809,95219,False
Ariyalur,KUMAR K,Independent,135,1,136,0.06,235858,524736,95219,False
Ariyalur,RAJKUMAR S,All India Puratchi Thalaivar Makkal Munnettra Kazhagam,117,0,117,0.05,235858,133479,95219,False
Ariyalur,KRISHNAMOORTHY C,Independent,71,3,74,0.03,235858,524736,95219,False
Ariyalur,ELAIYARAJA C,Independent,70,0,70,0.03,235858,524736,95219,False
Aruppukkottai,RAMACHANDRAN. K.K.S.S.R,Dravida Munnetra Kazhagam,64124,980,65104,36.49,178413,11928996,65104,True
Aruppukkottai,KARTHIK KUMAR. K,Tamilaga Vettri Kazhagam,59556,605,60161,33.72,178413,17226030,65104,False
Aruppukkottai,SETHUPATHY. S,All India Anna Dravida Munnetra Kazhagam,36783,407,37190,20.84,178413,10462146,65104,False
Aruppukkottai,MANIMARAN. G,Naam Tamilar Katchi,8338,161,8499,4.76,178413,1972520,65104,False
Aruppukkottai,RAGUPATHI. K,Puthiya Tamilagam,2107,72,2179,1.22,178413,93652,65104,False
Aruppukkottai,DHARMARAJ. P,All India Puratchi Thalaivar Makkal Munnettra Kazhagam,1130,17,1147,0.64,178413,133479,65104,False
Aruppukkottai,NOTA,None of the Above,666,26,692,0.39,178413,199800,65104,False
Aruppukkottai,ARUMUGAM. V,Independent,639,2,641,0.36,178413,524736,65104,False
Aruppukkottai,SURESHKUMAR. K,Independent,573,0,573,0.32,178413,524736,65104,False
Aruppukkottai,SUNDARAMOORTHI. S,Independent,424,0,424,0.24,178413,524736,65104,False
Aruppukkottai,SENTHILKUMAR. S,Independent,263,2,265,0.15,178413,524736,65104,False
Aruppukkottai,GANESAN. V,Puthiya Makkal Tamil Desam Katchi,194,0,194,0.11,178413,2651,65104,False
Aruppukkottai,RAMAKRISHNAN. S,Independent,161,1,162,0.09,178413,524736,65104,False
Aruppukkottai,SANJAY GANDHI. V,Desa Makkal Munnetrak Kazhagam,160,0,160,0.09,178413,278,65104,False
Aruppukkottai,ADVOCATE SADHURAGIRI. M,Independent,159,1,160,0.09,178413,524736,65104,False
Aruppukkottai,ELANGO. G,Ezhuchi Tamilargal Munnetra Kazhagam,137,2,139,0.08,178413,802,65104,False
Aruppukkottai,SUNDARAMAHALINGAM. A,Independent,120,0,120,0.07,178413,524736,65104,False
Aruppukkottai,ANANDHAN. A,Independent,112,3,115,0.06,178413,524736,65104,False
Aruppukkottai,MUNIYANDI. M,Independent,79,1,80,0.04,178413,524736,65104,False
Aruppukkottai,CHINNASAMY. G,Independent,75,1,76,0.04,178413,524736,65104,False
Aruppukkottai,PALANIKUMAR. M,Independent,68,0,68,0.04,178413,524736,65104,False
Aruppukkottai,RAMAMOORTHY. G,Independent,57,1,58,0.03,178413,524736,65104,False
Aruppukkottai,VEERARAJ. R,Independent,55,1,56,0.03,178413,524736,65104,False
Aruppukkottai,KARTHIK. M,Independent,52,1,53,0.03,178413,524736,65104,False
Aruppukkottai,VENKATESAN. P.S,Independent,49,0,49,0.03,178413,524736,65104,False
Aruppukkottai,MARIVEL. K,Independent,48,0,48,0.03,178413,524736,65104,False
Athoor,I. PERIASAMY,Dravida Munnetra Kazhagam,104467,1773,106240,44.79,237183,11928996,106240,True
Athoor,N. KALAISELVI,Tamilaga Vettri Kazhagam,83113,759,83872,35.36,237183,17226030,106240,False
Athoor,A. VISWANATHAN,All India Anna Dravida Munnetra Kazhagam,32172,305,32477,13.69,237183,10462146,106240,False
Athoor,DR. A. SIMON JUSTIN,Naam Tamilar Katchi,9759,187,9946,4.19,237183,1972520,106240,False
Athoor,NOTA,None of the Above,797,15,812,0.34,237183,199800,106240,False
Athoor,D. SANKAR,Naadaalum Makkal Katchi,719,1,720,0.3,237183,9715,106240,False
Athoor,M.K. NAGENDRAN,Aanaithinthiya Jananayaka Pathukappu Kazhagam,575,1,576,0.24,237183,22964,106240,False
Athoor,K. VISVANATHAN,Independent,538,0,538,0.23,237183,524736,106240,False
Athoor,S. KARTHIGAISELVAN,Bahujan Samaj Party,525,6,531,0.22,237183,53369,106240,False
Athoor,P. MANIVEL,Independent,353,0,353,0.15,237183,524736,106240,False
Athoor,M. PERIYASAMY,Independent,225,11,236,0.1,237183,524736,106240,False
Athoor,K. JAYAPRAKASH,Puthiya Tamilagam,226,4,230,0.1,237183,93652,106240,False
Athoor,K. KATHIRESAN,Independent,200,0,200,0.08,237183,524736,106240,False
Athoor,S. BALA MURUGAN,Tamizhaga Vaazhvurimai Katchi,177,6,183,0.08,237183,74809,106240,False
Athoor,D. NAGARAJ,Independent,154,1,155,0.07,237183,524736,106240,False
Athoor,K. VELMURUGAN,Independent,114,0,114,0.05,237183,524736,106240,False
Attur,JAYASANKARAN. A.P.,All India Anna Dravida Munnetra Kazhagam,79825,1018,80843,38.81,208296,10462146,80843,True
Attur,SELVABHARATHI. R.,Tamilaga Vettri Kazhagam,64980,545,65525,31.46,208296,17226030,80843,False
Attur,ARTHANARI. S.K.,Indian National Congress,51100,796,51896,24.91,208296,1661312,80843,False
Attur,MONISHA CHINNADURAI.,Naam Tamilar Katchi,6395,137,6532,3.14,208296,1972520,80843,False
Attur,NOTA,None of the Above,1021,10,1031,0.49,208296,199800,80843,False
Attur,RAJESHKANNAN. K.,Independent,505,6,511,0.25,208296,524736,80843,False
Attur,SELLAMMAL. V.M.,Bahujan Samaj Party,409,3,412,0.2,208296,53369,80843,False
Attur,MANICKAM. K.,Independent,255,1,256,0.12,208296,524736,80843,False
Attur,POOMALAI. C.,Independent,235,0,235,0.11,208296,524736,80843,False
Attur,PALANIYAMMAL. S.,Desiya Makkal Sakthi Katchi,211,4,215,0.1,208296,2279,80843,False
Attur,SELVAKANNAN. L.,Independent,172,1,173,0.08,208296,524736,80843,False
Attur,RAMESH. G.,Tamizhaga Vaazhvurimai Katchi,171,1,172,0.08,208296,74809,80843,False
Attur,JAGAN. T.,Independent,156,2,158,0.08,208296,524736,80843,False
Attur,VARATHARAJ. G.,Independent,140,1,141,0.07,208296,524736,80843,False
Attur,MANIMARAN. A.,Independent,107,0,107,0.05,208296,524736,80843,False
Attur,MANIKANDAN. M.,Independent,82,7,89,0.04,208296,524736,80843,False
Avadi,R.RAMESH KUMAR,Tamilaga Vettri Kazhagam,179472,912,180384,52.13,346005,17226030,180384,True
Avadi,S.M.NASAR,Dravida Munnetra Kazhagam,103115,958,104073,30.08,346005,11928996,180384,False
Avadi,RAJASIMHA MAHENDRA,Bharatiya Janata Party,39170,435,39605,11.45,346005,1466979,180384,False
Avadi,PUNITHA SHANMUGAM,Naam Tamilar Katchi,16190,145,16335,4.72,346005,1972520,180384,False
Avadi,NOTA,None of the Above,1519,14,1533,0.44,346005,199800,180384,False
Avadi,S. CHARLES,Bahujan Samaj Party,746,15,761,0.22,346005,53369,180384,False
Avadi,R. BAKTHAVATCHALAM,All India Puratchi Thalaivar Makkal Munnettra Kazhagam,625,2,627,0.18,346005,133479,180384,False
Avadi,R.Edmund Jayendren,Tamizhaga Vaazhvurimai Katchi,471,7,478,0.14,346005,74809,180384,False
Avadi,R. KUMAR,Independent,305,3,308,0.09,346005,524736,180384,False
Avadi,P. CHELLAPANDIAN,Independent,254,1,255,0.07,346005,524736,180384,False
Avadi,C.S. Karnan,Anti Corruption Dynamic Party,222,2,224,0.06,346005,4558,180384,False
Avadi,G.D. ARUNKUMAR,Independent,205,0,205,0.06,346005,524736,180384,False
Avadi,R. MANIKANDAN,Independent,195,0,195,0.06,346005,524736,180384,False
Avadi,P.JAYAKUMAR,Samaniya Makkal Nala Katchi,177,0,177,0.05,346005,5144,180384,False
Avadi,S. SENTHILKUMAR,Independent,167,0,167,0.05,346005,524736,180384,False
Avadi,SENTHILKUMAR. S,Anna Puratchi Thalaivar Amma Dravida Munnetra Kazhagam,156,0,156,0.05,346005,3034,180384,False
Avadi,K. BALAKRISHNAN,Independent,141,0,141,0.04,346005,524736,180384,False
Avadi,M. ERAJASIMMAN,Independent,105,0,105,0.03,346005,524736,180384,False
Avadi,RAJASEKAR. R,Independent,105,0,105,0.03,346005,524736,180384,False
Avadi,UNIESH RAJ. M,Independent,93,1,94,0.03,346005,524736,180384,False
Avadi,K. ANNAMALAI,Independent,77,0,77,0.02,346005,524736,180384,False
Avanashi,KAMALI.S,Tamilaga Vettri Kazhagam,83730,479,84209,36.36,231600,17226030,84209,True
Avanashi,DR. L. MURUGAN,Bharatiya Janata Party,68138,698,68836,29.72,231600,1466979,84209,False
Avanashi,DR. GOKILAMANI.V,Dravida Munnetra Kazhagam,64706,824,65530,28.29,231600,11928996,84209,False
Avanashi,MENAKA. V,Naam Tamilar Katchi,7623,81,7704,3.33,231600,1972520,84209,False
Avanashi,NOTA,None of the Above,1539,24,1563,0.67,231600,199800,84209,False
Avanashi,GOKILAMANI. M,Independent,650,2,652,0.28,231600,524736,84209,False
Avanashi,GOVINDAN.P,Bahujan Samaj Party,576,9,585,0.25,231600,53369,84209,False
Avanashi,DHANABAL.R,Independent,546,0,546,0.24,231600,524736,84209,False
Avanashi,ARUMUGAM.R,Ganasangam Party of India,498,3,501,0.22,231600,3235,84209,False
Avanashi,MOORTHI.R,Independent,311,2,313,0.14,231600,524736,84209,False
Avanashi,SUBRAMANI.C.K,Independent,261,3,264,0.11,231600,524736,84209,False
Avanashi,CHINNASAMY.V,Tamizhaga Vaazhvurimai Katchi,259,0,259,0.11,231600,74809,84209,False
Avanashi,ANANDHI.S,Independent,231,4,235,0.1,231600,524736,84209,False
Avanashi,SATHIYARASU. R,Independent,208,7,215,0.09,231600,524736,84209,False
Avanashi,ARUMUGAM. P,Independent,187,1,188,0.08,231600,524736,84209,False
Bargur,E.C. GOVINDARASAN,All India Anna Dravida Munnetra Kazhagam,70298,942,71240,33.3,213960,10462146,71240,True
Bargur,E. MURALIDHARAN,Tamilaga Vettri Kazhagam,66044,955,66999,31.31,213960,17226030,71240,False
Bargur,D. MATHIAZHAGAN,Dravida Munnetra Kazhagam,63874,1354,65228,30.49,213960,11928996,71240,False
Bargur,KAVINKUMAR. S,Naam Tamilar Katchi,5321,141,5462,2.55,213960,1972520,71240,False
Bargur,D. SIVASANKARAN,Bahujan Samaj Party,695,13,708,0.33,213960,53369,71240,False
Bargur,A. SUDHAKAR,Republican Party of India (Athawale),680,18,698,0.33,213960,11047,71240,False
Bargur,NOTA,None of the Above,607,24,631,0.29,213960,199800,71240,False
Bargur,S. ALBERT FRANCIS XAVIER,Tamizhaga Vaazhvurimai Katchi,591,16,607,0.28,213960,74809,71240,False
Bargur,MANI. K,All India Youth Development Party,522,2,524,0.24,213960,1203,71240,False
Bargur,MATHESH. R,Independent,473,4,477,0.22,213960,524736,71240,False
Bargur,E.C. GOVINDARAJE,Independent,340,5,345,0.16,213960,524736,71240,False
Bargur,M. NEDUNCHEZLIAN,Periyar Ambedkar Munnetra Kazhagam (PAMK),273,1,274,0.13,213960,274,71240,False
Bargur,S. SASIKUMAR,Independent,255,0,255,0.12,213960,524736,71240,False
Bargur,D. GOVINDARAJAN,Independent,208,2,210,0.1,213960,524736,71240,False
Bargur,K. ANNADURAI,Independent,156,3,159,0.07,213960,524736,71240,False
Bargur,ANITHA MAYAPERUMAL,Independent,130,13,143,0.07,213960,524736,71240,False
Bhavani,KARUPPANAN. K.C,All India Anna Dravida Munnetra Kazhagam,74402,1175,75577,36.28,208323,10462146,75577,True
Bhavani,BALAKRISHNAN,Tamilaga Vettri Kazhagam,67518,663,68181,32.73,208323,17226030,75577,False
Bhavani,CHANDRASEKAR. K.A,Dravida Munnetra Kazhagam,52906,1181,54087,25.96,208323,11928996,75577,False
Bhavani,MOHANADEVI. R,Naam Tamilar Katchi,6075,120,6195,2.97,208323,1972520,75577,False
Bhavani,NOTA,None of the Above,1386,23,1409,0.68,208323,199800,75577,False
Bhavani,MANIKKAM. P,Independent,524,2,526,0.25,208323,524736,75577,False
Bhavani,SEKAR. K,Bahujan Samaj Party,449,7,456,0.22,208323,53369,75577,False
Bhavani,ARUMUGAM. P.V,Independent,378,4,382,0.18,208323,524736,75577,False
Bhavani,PALANISAMY. P.K,Tamizhaga Vaazhvurimai Katchi,350,4,354,0.17,208323,74809,75577,False
Bhavani,KANNAN. M,Independent,326,5,331,0.16,208323,524736,75577,False
Bhavani,VIMALRAJ. R,Makkal Munnetra Katchi,253,0,253,0.12,208323,305,75577,False
Bhavani,PERUMAL. V.M,Independent,209,1,210,0.1,208323,524736,75577,False
Bhavani,BOOPATHI RAJARAJA CHOZHAN. M,Independent,134,0,134,0.06,208323,524736,75577,False
Bhavani,KARTHIKEYAN. P,Independent,123,4,127,0.06,208323,524736,75577,False
Bhavani,PARASAKTHI. P,Samaniya Makkal Nala Katchi,100,1,101,0.05,208323,5144,75577,False
Bhavanisagar,V.P.TAMILSELVI,Tamilaga Vettri Kazhagam,71879,512,72391,33.73,214595,17226030,72391,True
Bhavanisagar,A.BANNARI,All India Anna Dravida Munnetra Kazhagam,67116,706,67822,31.6,214595,10462146,72391,False
Bhavanisagar,P.L.SUNDARAM,Communist Party of India,62178,929,63107,29.41,214595,326488,72391,False
Bhavanisagar,S.SOUNDARYA,Naam Tamilar Katchi,5766,66,5832,2.72,214595,1972520,72391,False
Bhavanisagar,NOTA,None of the Above,1787,17,1804,0.84,214595,199800,72391,False
Bhavanisagar,B.PALANISWAMY,Bahujan Samaj Party,1021,8,1029,0.48,214595,53369,72391,False
Bhavanisagar,DR.HANUMAIAH.C,Independent,551,5,556,0.26,214595,524736,72391,False
Bhavanisagar,RAMAKRISHNAN,Independent,540,3,543,0.25,214595,524736,72391,False
Bhavanisagar,C.PALANICHAMY,Independent,476,5,481,0.22,214595,524736,72391,False
Bhavanisagar,S.PALANISWAMY,Independent,329,4,333,0.16,214595,524736,72391,False
Bhavanisagar,RAKKI,All India Puratchi Thalaivar Makkal Munnettra Kazhagam,323,4,327,0.15,214595,133479,72391,False
Bhavanisagar,GOPALAN.M,Independent,192,1,193,0.09,214595,524736,72391,False
Bhavanisagar,A.AMRISH,Independent,175,2,177,0.08,214595,524736,72391,False
Bhuvanagiri,ARUNMOZHITHEVAN . A,All India Anna Dravida Munnetra Kazhagam,74628,1079,75707,36.52,207310,10462146,75707,True
Bhuvanagiri,SARAVANAN. DURAI . K,Dravida Munnetra Kazhagam,72220,1000,73220,35.32,207310,11928996,75707,False
Bhuvanagiri,MAHALINGAM . T,Tamilaga Vettri Kazhagam,49506,398,49904,24.07,207310,17226030,75707,False
Bhuvanagiri,SUMATHI . S,Naam Tamilar Katchi,5025,80,5105,2.46,207310,1972520,75707,False
Bhuvanagiri,MUTHAMIZHAN . SEVA,Tamizhaga Vaazhvurimai Katchi,894,18,912,0.44,207310,74809,75707,False
Bhuvanagiri,NOTA,None of the Above,672,9,681,0.33,207310,199800,75707,False
Bhuvanagiri,KUMARAVELU . M,Bahujan Samaj Party,360,3,363,0.18,207310,53369,75707,False
Bhuvanagiri,BALAMURUGAN . G. C,Independent,336,3,339,0.16,207310,524736,75707,False
Bhuvanagiri,BALAMURUGAN . M. R,Independent,324,0,324,0.16,207310,524736,75707,False
Bhuvanagiri,ARUNMOZHI . V,Independent,306,2,308,0.15,207310,524736,75707,False
Bhuvanagiri,RAJA SEKAR . G,Independent,239,0,239,0.12,207310,524736,75707,False
Bhuvanagiri,SARAVANAN . J,Independent,83,6,89,0.04,207310,524736,75707,False
Bhuvanagiri,IYYAPPAN . S,Independent,69,1,70,0.03,207310,524736,75707,False
Bhuvanagiri,EZHILVENTHAN . P,Independent,48,1,49,0.02,207310,524736,75707,False
Bodinayakanur,PANNEERSELVAM.O,Dravida Munnetra Kazhagam,84228,978,85206,38.62,220628,11928996,85206,True
Bodinayakanur,PRAKASH.S,Tamilaga Vettri Kazhagam,77571,830,78401,35.54,220628,17226030,85206,False
Bodinayakanur,NARAYANASAMY V.T.,All India Anna Dravida Munnetra Kazhagam,40787,499,41286,18.71,220628,10462146,85206,False
Bodinayakanur,KALAIARASU.S,Naam Tamilar Katchi,11172,283,11455,5.19,220628,1972520,85206,False
Bodinayakanur,NOTA,None of the Above,900,31,931,0.42,220628,199800,85206,False
Bodinayakanur,PADMANABHAN.N,All India Puratchi Thalaivar Makkal Munnettra Kazhagam,651,8,659,0.3,220628,133479,85206,False
Bodinayakanur,SELVAMURUGAN.P,Independent,514,15,529,0.24,220628,524736,85206,False
Bodinayakanur,NAGANANTHINI.V,Independent,524,2,526,0.24,220628,524736,85206,False
Bodinayakanur,DR.PANDIKUMAR.S,Communist Party of India (Marxist-Leninist) (Liberation),404,13,417,0.19,220628,3983,85206,False
Bodinayakanur,BALASUBRAMANI.R,Independent,279,0,279,0.13,220628,524736,85206,False
Bodinayakanur,KARUPPAIAH.G,Independent,191,10,201,0.09,220628,524736,85206,False
Bodinayakanur,RAJA.M,Vishwa Tamil Kazhagam,188,1,189,0.09,220628,3576,85206,False
Bodinayakanur,VELRAJ.K,Independent,180,0,180,0.08,220628,524736,85206,False
Bodinayakanur,SARAVANAKUMAR.V,Independent,170,2,172,0.08,220628,524736,85206,False
Bodinayakanur,CHANDRASEKARAN.S,Independent,115,4,119,0.05,220628,524736,85206,False
Bodinayakanur,GOWTHAM.R,Independent,78,0,78,0.04,220628,524736,85206,False
Chengalpattu,S. THIYAGARAJAN,Tamilaga Vettri Kazhagam,136578,558,137136,42.32,324010,17226030,137136,True
Chengalpattu,KARTHIKDHANDAPANI,Dravida Munnetra Kazhagam,100715,780,101495,31.32,324010,11928996,137136,False
Chengalpattu,M.GAJENDRAN,All India Anna Dravida Munnetra Kazhagam,69280,483,69763,21.53,324010,10462146,137136,False
Chengalpattu,AMUTHA.N,Naam Tamilar Katchi,11942,90,12032,3.71,324010,1972520,137136,False
Chengalpattu,NOTA,None of the Above,1376,19,1395,0.43,324010,199800,137136,False
Chengalpattu,S.SELVAM (A) CHELLA,Tamizhaga Vaazhvurimai Katchi,380,1,381,0.12,324010,74809,137136,False
Chengalpattu,S. SARAVANAN,Bahujan Samaj Party,373,1,374,0.12,324010,53369,137136,False
Chengalpattu,M.ANANDAN,Independent,296,3,299,0.09,324010,524736,137136,False
Chengalpattu,C.VIMALRAJ,Independent,288,2,290,0.09,324010,524736,137136,False
Chengalpattu,P.GEORGE DEVADOSS,Independent,184,0,184,0.06,324010,524736,137136,False
Chengalpattu,V. RAMAKRISHNAN,Independent,166,0,166,0.05,324010,524736,137136,False
Chengalpattu,S.DELHI BABU,Independent,119,8,127,0.04,324010,524736,137136,False
Chengalpattu,A.ESAKKIAPPAN,Independent,121,1,122,0.04,324010,524736,137136,False
Chengalpattu,KARTHICK.A,Independent,105,2,107,0.03,324010,524736,137136,False
Chengalpattu,T. PREM BALAJI,Independent,69,2,71,0.02,324010,524736,137136,False
Chengalpattu,G. CHRISTOPHER,Independent,62,6,68,0.02,324010,524736,137136,False
Chengam,S.VELU,All India Anna Dravida Munnetra Kazhagam,86953,849,87802,36.15,242897,10462146,87802,True
Chengam,K BHARATHIDHASAN,Tamilaga Vettri Kazhagam,73985,539,74524,30.68,242897,17226030,87802,False
Chengam,M.P.GIRI,Dravida Munnetra Kazhagam,69497,849,70346,28.96,242897,11928996,87802,False
Chengam,J.SHOBA,Naam Tamilar Katchi,6249,86,6335,2.61,242897,1972520,87802,False
Chengam,NOTA,None of the Above,1103,11,1114,0.46,242897,199800,87802,False
Chengam,C SELVAN,Republican Party of India (Athawale),871,24,895,0.37,242897,11047,87802,False
Chengam,A.BHARATHI,Independent,399,1,400,0.16,242897,524736,87802,False
Chengam,K.VELU,Independent,393,1,394,0.16,242897,524736,87802,False
Chengam,A POONGODI,Independent,197,0,197,0.08,242897,524736,87802,False
Chengam,A.CHIDAMBARAM,Independent,172,1,173,0.07,242897,524736,87802,False
Chengam,M.RAMAN MASILAMANI,Independent,156,0,156,0.06,242897,524736,87802,False
Chengam,K MANIKANDAN,Makkal Sananayaga Kudiyarasu Katchi,149,0,149,0.06,242897,149,87802,False
Chengam,M.MUGILARASAN,Independent,133,4,137,0.06,242897,524736,87802,False
Chengam,P.SELVAM,Independent,93,27,120,0.05,242897,524736,87802,False
Chengam,C.MALATHI,Tamizhaga Vaazhvurimai Katchi,82,2,84,0.03,242897,74809,87802,False
Chengam,D DHILIPKUMAR,Independent,58,13,71,0.03,242897,524736,87802,False
Chepauk-Thiruvallikeni,UDHAYANIDHI STALIN,Dravida Munnetra Kazhagam,62560,432,62992,44.76,140741,11928996,62992,True
Chepauk-Thiruvallikeni,SELVAM. D,Tamilaga Vettri Kazhagam,55636,216,55852,39.68,140741,17226030,62992,False
Chepauk-Thiruvallikeni,AADIRAJARAM,All India Anna Dravida Munnetra Kazhagam,16368,139,16507,11.73,140741,10462146,62992,False
Chepauk-Thiruvallikeni,AYSHA,Naam Tamilar Katchi,2959,12,2971,2.11,140741,1972520,62992,False
Chepauk-Thiruvallikeni,NOTA,None of the Above,636,7,643,0.46,140741,199800,62992,False
Chepauk-Thiruvallikeni,MOHAMMED YASSER,Bahujan Samaj Party,243,1,244,0.17,140741,53369,62992,False
Chepauk-Thiruvallikeni,AGNI AALVAR,Independent,242,1,243,0.17,140741,524736,62992,False
Chepauk-Thiruvallikeni,MIRZA SAFDER ALI,Independent,185,0,185,0.13,140741,524736,62992,False
Chepauk-Thiruvallikeni,RAJESHKUMAR. K,Independent,154,0,154,0.11,140741,524736,62992,False
Chepauk-Thiruvallikeni,IRFAN BASHA,Tamizhaga Vaazhvurimai Katchi,144,1,145,0.1,140741,74809,62992,False
Chepauk-Thiruvallikeni,RAJASEKAR. S,Independent,115,0,115,0.08,140741,524736,62992,False
Chepauk-Thiruvallikeni,SYEED LAYAK BHASHA,Independent,83,0,83,0.06,140741,524736,62992,False
Chepauk-Thiruvallikeni,AYISHA,Independent,70,2,72,0.05,140741,524736,62992,False
Chepauk-Thiruvallikeni,BHARATHKUMAR. G,Independent,69,0,69,0.05,140741,524736,62992,False
Chepauk-Thiruvallikeni,MOHAMED MEERA. A,Independent,68,0,68,0.05,140741,524736,62992,False
Chepauk-Thiruvallikeni,SELVAM. K,Independent,42,1,43,0.03,140741,524736,62992,False
Chepauk-Thiruvallikeni,SAAMY. S.K. DR,Independent,40,0,40,0.03,140741,524736,62992,False
Chepauk-Thiruvallikeni,MOHAMED DHARIK. I,Independent,38,0,38,0.03,140741,524736,62992,False
Chepauk-Thiruvallikeni,SELVAM. K,Independent,37,0,37,0.03,140741,524736,62992,False
Chepauk-Thiruvallikeni,VIJAYA KUMAR. B,Independent,34,0,34,0.02,140741,524736,62992,False
Chepauk-Thiruvallikeni,KUMAR. M,Independent,29,4,33,0.02,140741,524736,62992,False
Chepauk-Thiruvallikeni,SELVAM ( ALIAS ) HARINARAYANAN,Independent,33,0,33,0.02,140741,524736,62992,False
Chepauk-Thiruvallikeni,ATHIMULAM,Independent,30,0,30,0.02,140741,524736,62992,False
Chepauk-Thiruvallikeni,MILANY. P,Independent,30,0,30,0.02,140741,524736,62992,False
Chepauk-Thiruvallikeni,SEENIVASAN. L,Independent,27,2,29,0.02,140741,524736,62992,False
Chepauk-Thiruvallikeni,SELVAM ( ALIAS ) VENKATESH,Independent,26,0,26,0.02,140741,524736,62992,False
Chepauk-Thiruvallikeni,ARUMUGAM. C,Independent,25,0,25,0.02,140741,524736,62992,False
Cheyyar,MUKKUR N. SUBRAMANIAN,All India Anna Dravida Munnetra Kazhagam,85939,741,86680,38.95,222570,10462146,86680,True
Cheyyar,DUSI K MOHAN,Tamilaga Vettri Kazhagam,65217,382,65599,29.47,222570,17226030,86680,False
Cheyyar,JOTHI. O,Dravida Munnetra Kazhagam,59231,663,59894,26.91,222570,11928996,86680,False
Cheyyar,TAMILSELVAN. M,Naam Tamilar Katchi,6941,102,7043,3.16,222570,1972520,86680,False
Cheyyar,NOTA,None of the Above,939,11,950,0.43,222570,199800,86680,False
Cheyyar,KUTTIMANI. S,Veerath Thiyagi Viswanathadoss Thozhilalarkal Katchi,397,4,401,0.18,222570,5624,86680,False
Cheyyar,MOHAN. R,Independent,394,0,394,0.18,222570,524736,86680,False
Cheyyar,DURUGAN. M,Vanchit Bahujan Aaghadi,333,1,334,0.15,222570,1027,86680,False
Cheyyar,ARJUNAN. M,Independent,320,0,320,0.14,222570,524736,86680,False
Cheyyar,SRINIVASAN. K,Aanaithinthiya Jananayaka Pathukappu Kazhagam,257,2,259,0.12,222570,22964,86680,False
Cheyyar,VENKATESAN. V,Anaithindia Samudaya Munnetra Kazhagam,224,0,224,0.1,222570,224,86680,False
Cheyyar,PALANI. M,Tamizhaga Vaazhvurimai Katchi,159,23,182,0.08,222570,74809,86680,False
Cheyyar,CHANDRASEKARAN. M,All India Jananayaka Makkal Kazhagam,143,2,145,0.07,222570,1415,86680,False
Cheyyar,RAGUPATHI. S,Anti Corruption Dynamic Party,124,21,145,0.07,222570,4558,86680,False
Cheyyur,RAJASEKAR. E,All India Anna Dravida Munnetra Kazhagam,62909,900,63809,34.02,187584,10462146,63809,True
Cheyyur,MOHAN RAJA.M.G.K,Tamilaga Vettri Kazhagam,57828,313,58141,30.99,187584,17226030,63809,False
Cheyyur,SINTHANAI SELVAN,Viduthalai Chiruthaigal Katchi,57257,652,57909,30.87,187584,540056,63809,False
Cheyyur,SWATHILAKSHMI SEKAR,Naam Tamilar Katchi,4802,51,4853,2.59,187584,1972520,63809,False
Cheyyur,NOTA,None of the Above,775,8,783,0.42,187584,199800,63809,False
Cheyyur,MURUGAVEL. A,All India Puratchi Thalaivar Makkal Munnettra Kazhagam,408,0,408,0.22,187584,133479,63809,False
Cheyyur,GANGADURAI. K,Tamizhaga Vaazhvurimai Katchi,374,1,375,0.2,187584,74809,63809,False
Cheyyur,RAJA. K,Independent,345,0,345,0.18,187584,524736,63809,False
Cheyyur,AMBETHKAR. S,Independent,317,2,319,0.17,187584,524736,63809,False
Cheyyur,GOPIKRISHNA. D,Independent,153,15,168,0.09,187584,524736,63809,False
Cheyyur,JEGAN. M,Independent,157,0,157,0.08,187584,524736,63809,False
Cheyyur,EZHIL. E,Independent,117,18,135,0.07,187584,524736,63809,False
Cheyyur,KRISHNAKANTH. E,Independent,103,0,103,0.05,187584,524736,63809,False
Cheyyur,ARUN. C,Independent,78,1,79,0.04,187584,524736,63809,False
Chidambaram,THAMIMUN ANSARI. M,Dravida Munnetra Kazhagam,68566,1173,69739,35.48,196586,11928996,69739,True
Chidambaram,PANDIAN. K.A,All India Anna Dravida Munnetra Kazhagam,62826,1166,63992,32.55,196586,10462146,69739,False
Chidambaram,NEDUNCHEZHIYAN,Tamilaga Vettri Kazhagam,53945,639,54584,27.77,196586,17226030,69739,False
Chidambaram,THAMIZH,Naam Tamilar Katchi,6014,155,6169,3.14,196586,1972520,69739,False
Chidambaram,NOTA,None of the Above,777,39,816,0.42,196586,199800,69739,False
Chidambaram,DHANASEKARAN. M,All India Puratchi Thalaivar Makkal Munnettra Kazhagam,333,6,339,0.17,196586,133479,69739,False
Chidambaram,MANIMARAN. D,Independent,211,0,211,0.11,196586,524736,69739,False
Chidambaram,THIRUGNANAM. K,Independent,162,1,163,0.08,196586,524736,69739,False
Chidambaram,ER. JAYAKKUMAR. R,Independent,158,2,160,0.08,196586,524736,69739,False
Chidambaram,VENKATESAN. D,Independent,154,3,157,0.08,196586,524736,69739,False
Chidambaram,EASAN NATARAJAN. T,Independent,129,1,130,0.07,196586,524736,69739,False
Chidambaram,MUNISANKAR. K,Anna Puratchi Thalaivar Amma Dravida Munnetra Kazhagam,126,0,126,0.06,196586,3034,69739,False
Coimbatore (North),V. SAMPATHKUMAR,Tamilaga Vettri Kazhagam,92136,364,92500,40.91,226109,17226030,92500,True
Coimbatore (North),DURAI. SENTHAMIL SELVAN B.E,Dravida Munnetra Kazhagam,69739,769,70508,31.18,226109,11928996,92500,False
Coimbatore (North),VANATHI SRINIVASAN,Bharatiya Janata Party,49112,610,49722,21.99,226109,1466979,92500,False
Coimbatore (North),NARMADHA. G.,Naam Tamilar Katchi,8990,46,9036,4.0,226109,1972520,92500,False
Coimbatore (North),NOTA,None of the Above,998,22,1020,0.45,226109,199800,92500,False
Coimbatore (North),P. KRISHNASAMY,Bahujan Samaj Party,379,4,383,0.17,226109,53369,92500,False
Coimbatore (North),A.K. SENTHAMIZH SELVAN,Independent,350,1,351,0.16,226109,524736,92500,False
Coimbatore (North),K. UDHAYAKUMAR,Thamizhaka Padaippalar Makkal Katchi,326,1,327,0.14,226109,4020,92500,False
Coimbatore (North),R. SAMPATH KUMAR,Independent,309,1,310,0.14,226109,524736,92500,False
Coimbatore (North),BALU. P.M.,Independent,275,1,276,0.12,226109,524736,92500,False
Coimbatore (North),PALANIKUMAR. V.,Independent,152,0,152,0.07,226109,524736,92500,False
Coimbatore (North),S. SAMPATHKUMAR,Independent,133,1,134,0.06,226109,524736,92500,False
Coimbatore (North),S. SENTHILKUMAR,Samaniya Makkal Nala Katchi,120,1,121,0.05,226109,5144,92500,False
Coimbatore (North),P. SARAVANAN,Independent,120,1,121,0.05,226109,524736,92500,False
Coimbatore (North),V. KRISHNAN,Independent,115,3,118,0.05,226109,524736,92500,False
Coimbatore (North),K. RAGHUL GANDHI,All India Puratchi Thalaivar Makkal Munnettra Kazhagam,112,0,112,0.05,226109,133479,92500,False
Coimbatore (North),G.D. KRISHNAKUMAR,Independent,104,0,104,0.05,226109,524736,92500,False
Coimbatore (North),RAJASEKARAN. B.,Tamizhaga Vaazhvurimai Katchi,93,3,96,0.04,226109,74809,92500,False
Coimbatore (North),RAVI. V,Independent,95,0,95,0.04,226109,524736,92500,False
Coimbatore (North),R. MANIAN,Independent,89,0,89,0.04,226109,524736,92500,False
Coimbatore (North),S. DHANA RAJ,Independent,86,1,87,0.04,226109,524736,92500,False
Coimbatore (North),S. MEENAKSHI SUNDARAM,Tamizhaga Murpokku Makkal Katchi,75,0,75,0.03,226109,998,92500,False
Coimbatore (North),K. SAMPATH KUMAR,Independent,71,0,71,0.03,226109,524736,92500,False
Coimbatore (North),V. LINGARAJA,Independent,65,0,65,0.03,226109,524736,92500,False
Coimbatore (North),R. SETHURAGUNATHAN,Independent,59,1,60,0.03,226109,524736,92500,False
Coimbatore (North),R. SATHISH KUMAR,Independent,54,0,54,0.02,226109,524736,92500,False
Coimbatore (North),A. MARIMUTHU,Independent,54,0,54,0.02,226109,524736,92500,False
Coimbatore (North),G. RAJKUMAR,Independent,41,1,42,0.02,226109,524736,92500,False
Coimbatore (North),A. RAMESH,Independent,26,0,26,0.01,226109,524736,92500,False
Coimbatore (South),V SENTHILBALAJI,Dravida Munnetra Kazhagam,59167,557,59724,38.16,156499,11928996,59724,True
Coimbatore (South),V. SENTHILKUMAR,Tamilaga Vettri Kazhagam,57176,277,57453,36.71,156499,17226030,59724,False
Coimbatore (South),AMMAN K.ARJUNAN,All India Anna Dravida Munnetra Kazhagam,31236,453,31689,20.25,156499,10462146,59724,False
Coimbatore (South),PERARIVALAN. V,Naam Tamilar Katchi,5017,45,5062,3.23,156499,1972520,59724,False
Coimbatore (South),NOTA,None of the Above,747,12,759,0.48,156499,199800,59724,False
Coimbatore (South),J. PRAVEENKUMAR,Independent,170,0,170,0.11,156499,524736,59724,False
Coimbatore (South),GOKULA KRISHNAN.S,Tamizhaga Vaazhvurimai Katchi,155,3,158,0.1,156499,74809,59724,False
Coimbatore (South),M. SENTHILKUMAR,Independent,154,4,158,0.1,156499,524736,59724,False
Coimbatore (South),B. DHANDAPANI,New Generation People's Party,152,5,157,0.1,156499,476,59724,False
Coimbatore (South),P. PALANIVEL,Independent,153,1,154,0.1,156499,524736,59724,False
Coimbatore (South),K. DINESH KUMAR,Independent,115,2,117,0.07,156499,524736,59724,False
Coimbatore (South),B. YUVARAJ,Independent,105,0,105,0.07,156499,524736,59724,False
Coimbatore (South),V. SENTHILKUMAR,Independent,91,1,92,0.06,156499,524736,59724,False
Coimbatore (South),S. RANGARAJ,Independent,66,1,67,0.04,156499,524736,59724,False
Coimbatore (South),IMTHIYAS,Independent,63,2,65,0.04,156499,524736,59724,False
Coimbatore (South),V. VELMURUGAN,Independent,46,2,48,0.03,156499,524736,59724,False
Coimbatore (South),VENKATACHALAM PARAMASIVAM,Independent,42,1,43,0.03,156499,524736,59724,False
Coimbatore (South),T. MAGIZHAN,Independent,40,0,40,0.03,156499,524736,59724,False
Coimbatore (South),K. RAJAPANDIAN,Independent,40,0,40,0.03,156499,524736,59724,False
Coimbatore (South),L. HAKKIM,Independent,38,0,38,0.02,156499,524736,59724,False
Coimbatore (South),J. SURIYAKUMAR,Independent,37,0,37,0.02,156499,524736,59724,False
Coimbatore (South),G. MAHESHWARAN,Tamizhaga Murpokku Makkal Katchi,35,1,36,0.02,156499,998,59724,False
Coimbatore (South),P. SANGARARAJ,Independent,35,1,36,0.02,156499,524736,59724,False
Coimbatore (South),M. JOHN BOSCO,Independent,32,1,33,0.02,156499,524736,59724,False
Coimbatore (South),D. VIGNESHWARAN,Independent,32,0,32,0.02,156499,524736,59724,False
Coimbatore (South),K. VIJAYAN,Independent,32,0,32,0.02,156499,524736,59724,False
Coimbatore (South),N. ABILAZAN,Independent,31,0,31,0.02,156499,524736,59724,False
Coimbatore (South),P. MANOJ,Independent,27,1,28,0.02,156499,524736,59724,False
Coimbatore (South),K.S. RAJAGOPAL,Independent,26,1,27,0.02,156499,524736,59724,False
Coimbatore (South),GOPALAKRISHNAN,Independent,24,0,24,0.02,156499,524736,59724,False
Coimbatore (South),P. KATHIRAVAN,Independent,22,1,23,0.01,156499,524736,59724,False
Coimbatore (South),M. RAVICHANDRAN,Independent,21,0,21,0.01,156499,524736,59724,False
Colachal,THARAHAI CUTHBERT,Indian National Congress,65190,1017,66207,33.27,199013,1661312,66207,True
Colachal,PREM ALEX LAWRENCE,Tamilaga Vettri Kazhagam,62801,573,63374,31.84,199013,17226030,66207,False
Colachal,SIVAKUMAR. T,Bharatiya Janata Party,53413,971,54384,27.33,199013,1466979,66207,False
Colachal,ANCY SHOBA RANI. L,Naam Tamilar Katchi,12232,226,12458,6.26,199013,1972520,66207,False
Colachal,NOTA,None of the Above,568,13,581,0.29,199013,199800,66207,False
Colachal,SELVARAJ. M,Independent,346,3,349,0.18,199013,524736,66207,False
Colachal,RAJASINGH. C,Bahujan Samaj Party,310,4,314,0.16,199013,53369,66207,False
Colachal,ANTHONY MUTHU. S.M,Communist Party of India (Marxist-Leninist) (Liberation),300,4,304,0.15,199013,3983,66207,False
Colachal,SARAVANAN. M,Independent,243,12,255,0.13,199013,524736,66207,False
Colachal,GANESH. N,Thamizhaka Padaippalar Makkal Katchi,237,7,244,0.12,199013,4020,66207,False
Colachal,CHRIST MILLER. S,All India Puratchi Thalaivar Makkal Munnettra Kazhagam,140,5,145,0.07,199013,133479,66207,False
Colachal,KOIL RAJ. R,Naam Indiar Party,139,1,140,0.07,199013,4474,66207,False
Colachal,ANTONY ALANKARAM. K,Independent,132,2,134,0.07,199013,524736,66207,False
Colachal,MURALI. M,Tamizhaga Vaazhvurimai Katchi,124,0,124,0.06,199013,74809,66207,False
Coonoor,M. RAJU,Dravida Munnetra Kazhagam,49583,887,50470,35.69,141394,11928996,50470,True
Coonoor,A. RAMU,All India Anna Dravida Munnetra Kazhagam,41684,687,42371,29.97,141394,10462146,50470,False
Coonoor,C. THANGARAJU,Tamilaga Vettri Kazhagam,41844,381,42225,29.86,141394,17226030,50470,False
Coonoor,K. DEENU,Naam Tamilar Katchi,4631,64,4695,3.32,141394,1972520,50470,False
Coonoor,NOTA,None of the Above,699,21,720,0.51,141394,199800,50470,False
Coonoor,C. DINESH KUMAR,Independent,570,3,573,0.41,141394,524736,50470,False
Coonoor,D. VIDHYASAGAR,Independent,338,2,340,0.24,141394,524736,50470,False
Cuddalore,B.RAJKUMAR,Tamilaga Vettri Kazhagam,69847,1009,70856,37.22,190378,17226030,70856,True
Cuddalore,A.S.CHANDARASEKARAN,Indian National Congress,54063,1274,55337,29.07,190378,1661312,70856,False
Cuddalore,M.C.SAMPATH,All India Anna Dravida Munnetra Kazhagam,54176,1082,55258,29.03,190378,10462146,70856,False
Cuddalore,S.SARASU,Naam Tamilar Katchi,5649,117,5766,3.03,190378,1972520,70856,False
Cuddalore,NOTA,None of the Above,865,29,894,0.47,190378,199800,70856,False
Cuddalore,K.LENIN,Tamizhaga Vaazhvurimai Katchi,615,8,623,0.33,190378,74809,70856,False
Cuddalore,S. RAMASAMY,All India Puratchi Thalaivar Makkal Munnettra Kazhagam,367,8,375,0.2,190378,133479,70856,False
Cuddalore,P.NAGASUNDARAM,Independent,320,7,327,0.17,190378,524736,70856,False
Cuddalore,R. VEERAMANI,Independent,212,2,214,0.11,190378,524736,70856,False
Cuddalore,R.RAMACHANDRAN,Independent,207,4,211,0.11,190378,524736,70856,False
Cuddalore,P.NATARAJAN,Bahujan Samaj Party,135,1,136,0.07,190378,53369,70856,False
Cuddalore,E.GURUBARAN,Independent,95,2,97,0.05,190378,524736,70856,False
Cuddalore,R.MAYAVAN,Independent,96,1,97,0.05,190378,524736,70856,False
Cuddalore,E.FAROOK ALI,Independent,74,0,74,0.04,190378,524736,70856,False
Cuddalore,V. SUGANTHI,Independent,62,0,62,0.03,190378,524736,70856,False
Cuddalore,S.RAJAMOHAN,Independent,51,0,51,0.03,190378,524736,70856,False
Cumbum,JEGANATHMISHRA PLA,Tamilaga Vettri Kazhagam,84340,1054,85394,40.55,210574,17226030,85394,True
Cumbum,ERAMAKRISHNAN N,Dravida Munnetra Kazhagam,83594,1049,84643,40.2,210574,11928996,85394,False
Cumbum,JAKKAIYAN S.T.K.,All India Anna Dravida Munnetra Kazhagam,26853,454,27307,12.97,210574,10462146,85394,False
Cumbum,ANBUSELVI A,Naam Tamilar Katchi,9367,232,9599,4.56,210574,1972520,85394,False
Cumbum,NOTA,None of the Above,644,23,667,0.32,210574,199800,85394,False
Cumbum,MUTHU BAGAVATHI M.,Tamizhaga Vaazhvurimai Katchi,427,4,431,0.2,210574,74809,85394,False
Cumbum,RAJAMOHAMMED T,Independent,421,1,422,0.2,210574,524736,85394,False
Cumbum,KATHIRAVAN S,New Generation People's Party,317,2,319,0.15,210574,476,85394,False
Cumbum,PRAKASH P.,Independent,253,1,254,0.12,210574,524736,85394,False
Cumbum,MUTHUSELVAM G.,Independent,213,1,214,0.1,210574,524736,85394,False
Cumbum,THASTHAKEER I,Independent,190,6,196,0.09,210574,524736,85394,False
Cumbum,ASHOK KUMAR A,Independent,181,3,184,0.09,210574,524736,85394,False
Cumbum,PRAKASH P.,Independent,177,4,181,0.09,210574,524736,85394,False
Cumbum,ARUNKUMAR A,Independent,161,0,161,0.08,210574,524736,85394,False
Cumbum,VINOTH KUMAR R,Independent,154,0,154,0.07,210574,524736,85394,False
Cumbum,SARAVANAN S.R.,Independent,110,1,111,0.05,210574,524736,85394,False
Cumbum,BALAN R,Independent,103,3,106,0.05,210574,524736,85394,False
Cumbum,RAJADURAI S,Independent,96,2,98,0.05,210574,524736,85394,False
Cumbum,NANTHAKUMAR A.,Independent,69,2,71,0.03,210574,524736,85394,False
Cumbum,SUBRAMANIYAM L R,Independent,61,1,62,0.03,210574,524736,85394,False
Dharapuram,SATHYABAMA.P,All India Anna Dravida Munnetra Kazhagam,80248,852,81100,40.56,199944,10462146,81100,True
Dharapuram,INDIRANI.T,Dravida Munnetra Kazhagam,63336,1037,64373,32.2,199944,11928996,81100,False
Dharapuram,GOWRI CHITRA,Tamilaga Vettri Kazhagam,46099,339,46438,23.23,199944,17226030,81100,False
Dharapuram,DHIVYA,Naam Tamilar Katchi,5936,90,6026,3.01,199944,1972520,81100,False
Dharapuram,NOTA,None of the Above,1037,21,1058,0.53,199944,199800,81100,False
Dharapuram,ROHINI.S,Independent,357,0,357,0.18,199944,524736,81100,False
Dharapuram,MOHANRAJ.M,Independent,173,1,174,0.09,199944,524736,81100,False
Dharapuram,ANANTHI.S,Independent,149,2,151,0.08,199944,524736,81100,False
Dharapuram,INDHIRANI.C,Independent,138,4,142,0.07,199944,524736,81100,False
Dharapuram,GOWRI.P,Independent,120,5,125,0.06,199944,524736,81100,False
Dharmapuri,SOWMIYA ANBUMANI,Pattali Makkal Katchi,91469,2244,93713,39.28,238579,1070745,93713,True
Dharmapuri,SIVAN. M.,Tamilaga Vettri Kazhagam,71487,1330,72817,30.52,238579,17226030,93713,False
Dharmapuri,DR. ELANGOVAN. V.,Desiya Murpokku Dravida Kazhagam,55457,1448,56905,23.85,238579,589500,93713,False
Dharmapuri,SHANTHALAKSHMI. K.,Naam Tamilar Katchi,6558,200,6758,2.83,238579,1972520,93713,False
Dharmapuri,SARAVANAN. A.,Aanaithinthiya Jananayaka Pathukappu Kazhagam,1059,19,1078,0.45,238579,22964,93713,False
Dharmapuri,SARAVANAN. G.,Independent,969,14,983,0.41,238579,524736,93713,False
Dharmapuri,NOTA,None of the Above,889,52,941,0.39,238579,199800,93713,False
Dharmapuri,PRASANTH. DBJ.,Tamizhaga Vaazhvurimai Katchi,813,8,821,0.34,238579,74809,93713,False
Dharmapuri,THIRUPATHI. M.,Independent,763,0,763,0.32,238579,524736,93713,False
Dharmapuri,MANIKANDAN. S.,Vishwa Tamil Kazhagam,705,5,710,0.3,238579,3576,93713,False
Dharmapuri,NAGARAJAN. D.,Independent,615,4,619,0.26,238579,524736,93713,False
Dharmapuri,MADHU. P.,Naadaalum Makkal Katchi,496,9,505,0.21,238579,9715,93713,False
Dharmapuri,SIVAGAMI. G.,Tamilar Makkal Katchi,377,5,382,0.16,238579,2056,93713,False
Dharmapuri,SIVAN. A.,Independent,362,10,372,0.16,238579,524736,93713,False
Dharmapuri,KUMAR. V.,Independent,348,5,353,0.15,238579,524736,93713,False
Dharmapuri,ARUMUGAM. MUNI.,Independent,210,5,215,0.09,238579,524736,93713,False
Dharmapuri,SUNDARAMOORTHY. M.,Independent,190,2,192,0.08,238579,524736,93713,False
Dharmapuri,PALANI. K.,Independent,171,7,178,0.07,238579,524736,93713,False
Dharmapuri,SIVAM. R.,Independent,161,5,166,0.07,238579,524736,93713,False
Dharmapuri,PRABHAKARAN. M.,Independent,106,2,108,0.05,238579,524736,93713,False
Dindigul,SENTHILKUMAR. I.P,Dravida Munnetra Kazhagam,73160,1329,74489,35.13,212024,11928996,74489,True
Dindigul,NAZEER RAJA. G,Tamilaga Vettri Kazhagam,72510,848,73358,34.6,212024,17226030,74489,False
Dindigul,SREENIVASAN. C,All India Anna Dravida Munnetra Kazhagam,53228,758,53986,25.46,212024,10462146,74489,False
Dindigul,MUTHARASI. S,Naam Tamilar Katchi,7142,157,7299,3.44,212024,1972520,74489,False
Dindigul,NOTA,None of the Above,804,29,833,0.39,212024,199800,74489,False
Dindigul,SELVADHAYANITHI. M,Independent,252,0,252,0.12,212024,524736,74489,False
Dindigul,SHEIK BAREETH.B,Tamizhaga Vaazhvurimai Katchi,246,3,249,0.12,212024,74809,74489,False
Dindigul,NAGARAJ. N,Independent,211,0,211,0.1,212024,524736,74489,False
Dindigul,PRADEEP. M,Puthiya Tamilagam,193,10,203,0.1,212024,93652,74489,False
Dindigul,BABU. S,Independent,197,0,197,0.09,212024,524736,74489,False
Dindigul,RAMUTHEVAR. P,All India Puratchi Thalaivar Makkal Munnettra Kazhagam,179,5,184,0.09,212024,133479,74489,False
Dindigul,SEENIVASAN. P,Independent,175,1,176,0.08,212024,524736,74489,False
Dindigul,UMAR ALI. R,Independent,100,3,103,0.05,212024,524736,74489,False
Dindigul,GOPI KRISHNAN PILLAI. S,Rashtriya Samaj Dal (R),95,1,96,0.05,212024,1760,74489,False
Dindigul,SARANYA. M,Independent,87,1,88,0.04,212024,524736,74489,False
Dindigul,ANIS BABU. M,Independent,75,0,75,0.04,212024,524736,74489,False
Dindigul,AROCKIA DASS. J,Independent,54,2,56,0.03,212024,524736,74489,False
Dindigul,KARMEGAM. R,Independent,54,0,54,0.03,212024,524736,74489,False
Dindigul,GANESH PERUMAL. D,Independent,44,1,45,0.02,212024,524736,74489,False
Dindigul,RAJENDRAN. G,Independent,37,1,38,0.02,212024,524736,74489,False
Dindigul,MUNIYAPPAN. M,Independent,32,0,32,0.02,212024,524736,74489,False
Dr.Radhakrishnan Nagar,N. MARIE WILSON,Tamilaga Vettri Kazhagam,97529,271,97800,53.97,181206,17226030,97800,True
Dr.Radhakrishnan Nagar,J. JOHN EBENEZER,Dravida Munnetra Kazhagam,47907,225,48132,26.56,181206,11928996,97800,False
Dr.Radhakrishnan Nagar,R.S.RAAJESH,All India Anna Dravida Munnetra Kazhagam,26754,138,26892,14.84,181206,10462146,97800,False
Dr.Radhakrishnan Nagar,VENNILA.T,Naam Tamilar Katchi,5330,34,5364,2.96,181206,1972520,97800,False
Dr.Radhakrishnan Nagar,NOTA,None of the Above,561,0,561,0.31,181206,199800,97800,False
Dr.Radhakrishnan Nagar,B.NAVIN,Tamizhaga Vaazhvurimai Katchi,337,1,338,0.19,181206,74809,97800,False
Dr.Radhakrishnan Nagar,E. RAAMADASAN,Makkal Nalvaazhvuk Katchi,236,0,236,0.13,181206,461,97800,False
Dr.Radhakrishnan Nagar,D.PRABHU,Independent,210,1,211,0.12,181206,524736,97800,False
Dr.Radhakrishnan Nagar,A.MOHANRAJ,Socialist Unity Centre Of India (COMMUNIST),178,1,179,0.1,181206,642,97800,False
Dr.Radhakrishnan Nagar,J.SARAVANAKUMAR,Independent,149,0,149,0.08,181206,524736,97800,False
Dr.Radhakrishnan Nagar,M. SATHISH,Independent,112,0,112,0.06,181206,524736,97800,False
Dr.Radhakrishnan Nagar,K. MURALI,Independent,91,0,91,0.05,181206,524736,97800,False
Dr.Radhakrishnan Nagar,V.SUDHAKAR,Independent,86,0,86,0.05,181206,524736,97800,False
Dr.Radhakrishnan Nagar,A.VIJAY,Independent,71,0,71,0.04,181206,524736,97800,False
Dr.Radhakrishnan Nagar,C. RAJAMANICKAM,Independent,65,0,65,0.04,181206,524736,97800,False
Dr.Radhakrishnan Nagar,G. VIJAY,Independent,58,0,58,0.03,181206,524736,97800,False
Dr.Radhakrishnan Nagar,L.SARAVANAN,Independent,54,0,54,0.03,181206,524736,97800,False
Dr.Radhakrishnan Nagar,G. BOTHI RAJAN,Independent,53,1,54,0.03,181206,524736,97800,False
Dr.Radhakrishnan Nagar,CHANDRASEKAR,Tamizhaga Murpokku Makkal Katchi,47,0,47,0.03,181206,998,97800,False
Dr.Radhakrishnan Nagar,MANIKANDAN.H,Independent,46,1,47,0.03,181206,524736,97800,False
Dr.Radhakrishnan Nagar,J.MURALI KRISHNAN,Independent,47,0,47,0.03,181206,524736,97800,False
Dr.Radhakrishnan Nagar,D.KARTHIKEYAN,Samata Party,44,0,44,0.02,181206,712,97800,False
Dr.Radhakrishnan Nagar,R.ETHIRAJ,Independent,44,0,44,0.02,181206,524736,97800,False
Dr.Radhakrishnan Nagar,C.JANARTHANAN,Independent,42,0,42,0.02,181206,524736,97800,False
Dr.Radhakrishnan Nagar,A. USHA,Independent,41,0,41,0.02,181206,524736,97800,False
Dr.Radhakrishnan Nagar,V.SHANKAR,Independent,40,0,40,0.02,181206,524736,97800,False
Dr.Radhakrishnan Nagar,R.DEVAKUMAR,Independent,39,1,40,0.02,181206,524736,97800,False
Dr.Radhakrishnan Nagar,R. MUTHU CHELLA BHARATHI,Independent,39,0,39,0.02,181206,524736,97800,False
Dr.Radhakrishnan Nagar,D. JANARTHANAN,Independent,37,0,37,0.02,181206,524736,97800,False
Dr.Radhakrishnan Nagar,R.TAMILARASAN,Independent,36,0,36,0.02,181206,524736,97800,False
Dr.Radhakrishnan Nagar,V. MADHAN MOHAN,Independent,35,0,35,0.02,181206,524736,97800,False
Dr.Radhakrishnan Nagar,P. MARIMUTHU,Independent,35,0,35,0.02,181206,524736,97800,False
Dr.Radhakrishnan Nagar,D. AJITH KUMAR,Independent,31,1,32,0.02,181206,524736,97800,False
Dr.Radhakrishnan Nagar,AMUDHA.N,Independent,30,0,30,0.02,181206,524736,97800,False
Dr.Radhakrishnan Nagar,J.VIJAYAN,Independent,25,1,26,0.01,181206,524736,97800,False
Dr.Radhakrishnan Nagar,K. SUJITH,Independent,25,0,25,0.01,181206,524736,97800,False
Dr.Radhakrishnan Nagar,TAMILSELVAN,Independent,25,0,25,0.01,181206,524736,97800,False
Dr.Radhakrishnan Nagar,S.EMMANUVEL,Independent,24,0,24,0.01,181206,524736,97800,False
Dr.Radhakrishnan Nagar,G. MADHAN KUMAR,Independent,17,0,17,0.01,181206,524736,97800,False
Edappadi,EDAPPADI PALANISWAMI. K,All India Anna Dravida Munnetra Kazhagam,146534,2399,148933,57.67,258263,10462146,148933,True
Edappadi,PREMKUMAR. K,Independent,50765,58,50823,19.68,258263,524736,148933,False
Edappadi,KASI. C,Dravida Munnetra Kazhagam,42967,1044,44011,17.04,258263,11928996,148933,False
Edappadi,PRIYADHARSHINI. A,Naam Tamilar Katchi,8311,139,8450,3.27,258263,1972520,148933,False
Edappadi,GOVINDARAJ.V,Tamizhaga Vaazhvurimai Katchi,1652,10,1662,0.64,258263,74809,148933,False
Edappadi,NOTA,None of the Above,1284,57,1341,0.52,258263,199800,148933,False
Edappadi,RAJA. K. B.SC. B.TECH. EX.INAS,Independent,734,5,739,0.29,258263,524736,148933,False
Edappadi,THULASIMANI. P,Independent,419,16,435,0.17,258263,524736,148933,False
Edappadi,SURESH. L,All India Puratchi Thalaivar Makkal Munnettra Kazhagam,426,3,429,0.17,258263,133479,148933,False
Edappadi,STUDENT'S FRIEND MURUGAN. M,Independent,387,12,399,0.15,258263,524736,148933,False
Edappadi,IYYAPPAN PERUMAL. P,Independent,289,7,296,0.11,258263,524736,148933,False
Edappadi,ELUMALAI. P,Independent,212,3,215,0.08,258263,524736,148933,False
Edappadi,KUMARESAN. M,Independent,205,2,207,0.08,258263,524736,148933,False
Edappadi,MURUGAN. C,Independent,158,1,159,0.06,258263,524736,148933,False
Edappadi,SUBRAMANI. P,Independent,91,6,97,0.04,258263,524736,148933,False
Edappadi,SAKTHIVEL. S,Independent,66,1,67,0.03,258263,524736,148933,False
Egmore,RAJMOHAN,Tamilaga Vettri Kazhagam,53520,381,53901,45.02,119738,17226030,53901,True
Egmore,TAMILAN PRASANNA,Dravida Munnetra Kazhagam,42728,369,43097,35.99,119738,11928996,53901,False
Egmore,ABISHEK. R,All India Anna Dravida Munnetra Kazhagam,17976,215,18191,15.19,119738,10462146,53901,False
Egmore,SARANYA IMRAN,Naam Tamilar Katchi,2497,25,2522,2.11,119738,1972520,53901,False
Egmore,NOTA,None of the Above,692,3,695,0.58,119738,199800,53901,False
Egmore,DR.N. GUNASEKAR,Republican Party of India (Athawale),204,5,209,0.17,119738,11047,53901,False
Egmore,G.R. RAJENDRAN,National Maha Sabha Party,169,4,173,0.14,119738,278,53901,False
Egmore,S. VINOTH KUMAR,Independent,153,2,155,0.13,119738,524736,53901,False
Egmore,ARUN RAO. N.A,Naam Indiar Party,152,0,152,0.13,119738,4474,53901,False
Egmore,D. THIRUNAVUKKARASAR,Tamizhaga Vaazhvurimai Katchi,109,2,111,0.09,119738,74809,53901,False
Egmore,T. MAGIZHANBAN,All India Puratchi Thalaivar Makkal Munnettra Kazhagam,97,2,99,0.08,119738,133479,53901,False
Egmore,RAJMOHAN,Independent,88,4,92,0.08,119738,524736,53901,False
Egmore,ARAVINDAN,Independent,65,0,65,0.05,119738,524736,53901,False
Egmore,VENKATESH. K,Independent,60,0,60,0.05,119738,524736,53901,False
Egmore,M. NAGARAJAN,Independent,54,0,54,0.05,119738,524736,53901,False
Egmore,S. PICHAMUTHU,Independent,51,0,51,0.04,119738,524736,53901,False
Egmore,RAJKUMAR,Independent,44,0,44,0.04,119738,524736,53901,False
Egmore,R. KUMARAVEL,Independent,41,0,41,0.03,119738,524736,53901,False
Egmore,SRIDHAR. M,Independent,26,0,26,0.02,119738,524736,53901,False
Erode (East),M.VIJAY BALAJI,Tamilaga Vettri Kazhagam,69384,363,69747,42.93,162453,17226030,69747,True
Erode (East),GOPINATH PALANIYAPPAN,Indian National Congress,45327,454,45781,28.18,162453,1661312,69747,False
Erode (East),R.MANOHARAN,All India Anna Dravida Munnetra Kazhagam,37904,279,38183,23.5,162453,10462146,69747,False
Erode (East),S.THANDAVAMOORTHY,Naam Tamilar Katchi,4924,63,4987,3.07,162453,1972520,69747,False
Erode (East),NOTA,None of the Above,851,28,879,0.54,162453,199800,69747,False
Erode (East),J.MUTHU BAVA,Independent,854,4,858,0.53,162453,524736,69747,False
Erode (East),H.MOHAMED GAIPEER,Independent,320,1,321,0.2,162453,524736,69747,False
Erode (East),B.CHITRA,Bahujan Samaj Party,254,2,256,0.16,162453,53369,69747,False
Erode (East),M.KAMAL KUMAR,Vishwa Tamil Kazhagam,225,2,227,0.14,162453,3576,69747,False
Erode (East),R.VAIRAM,Independent,194,2,196,0.12,162453,524736,69747,False
Erode (East),K.MANIKANNAN,Samaniya Makkal Nala Katchi,172,1,173,0.11,162453,5144,69747,False
Erode (East),NATHIYA.S,Independent,133,3,136,0.08,162453,524736,69747,False
Erode (East),C.THIYAGARAJAN,Independent,131,1,132,0.08,162453,524736,69747,False
Erode (East),M.DHARANI KUMAR,Independent,95,1,96,0.06,162453,524736,69747,False
Erode (East),A.MANIKANDAN,Tamizhaga Vaazhvurimai Katchi,85,1,86,0.05,162453,74809,69747,False
Erode (East),K.DHAVASIAPPAN,Tamilaga Makkal Nala Katchi,79,1,80,0.05,162453,1555,69747,False
Erode (East),R.DHANDAPANI,Veerath Thiyagi Viswanathadoss Thozhilalarkal Katchi,75,1,76,0.05,162453,5624,69747,False
Erode (East),S.LAKSHMANATHAN,Independent,67,0,67,0.04,162453,524736,69747,False
Erode (East),M.V.KARTHY,Independent,65,1,66,0.04,162453,524736,69747,False
Erode (East),SHANMUGAM.P,Independent,53,2,55,0.03,162453,524736,69747,False
Erode (East),M.MURUGESAN,Independent,48,3,51,0.03,162453,524736,69747,False
Erode (West),ANANTH MOGHAN K.K.,Tamilaga Vettri Kazhagam,96364,472,96836,43.74,221400,17226030,96836,True
Erode (West),S. MUTHUSAMY,Dravida Munnetra Kazhagam,73628,958,74586,33.69,221400,11928996,96836,False
Erode (West),M. YUVARAJA,Bharatiya Janata Party,37666,519,38185,17.25,221400,1466979,96836,False
Erode (West),N. VIJAY,Naam Tamilar Katchi,8047,77,8124,3.67,221400,1972520,96836,False
Erode (West),NOTA,None of the Above,1236,21,1257,0.57,221400,199800,96836,False
Erode (West),V . PALANI,Bahujan Samaj Party,515,1,516,0.23,221400,53369,96836,False
Erode (West),K. KALAIYARASAN,Party for the Rights of Other backward Classes,434,5,439,0.2,221400,4101,96836,False
Erode (West),C. RAJENDRAN,Independent,330,2,332,0.15,221400,524736,96836,False
Erode (West),SHANMUGAM M.,Independent,234,1,235,0.11,221400,524736,96836,False
Erode (West),A. RAMU,Independent,226,1,227,0.1,221400,524736,96836,False
Erode (West),MOORTHI P.,Independent,202,3,205,0.09,221400,524736,96836,False
Erode (West),M. NATARAJ,Vishwa Tamil Kazhagam,176,1,177,0.08,221400,3576,96836,False
Erode (West),V. DHANALAKSHMI,Tamizhaga Vaazhvurimai Katchi,161,2,163,0.07,221400,74809,96836,False
Erode (West),M. RUKMANI,Samaniya Makkal Nala Katchi,116,2,118,0.05,221400,5144,96836,False
Gandarvakkottai,N. SUBRAMANIAN,Tamilaga Vettri Kazhagam,58386,409,58795,35.08,167618,17226030,58795,True
Gandarvakkottai,C. UTHAYAKUMAR,Bharatiya Janata Party,47427,329,47756,28.49,167618,1466979,58795,False
Gandarvakkottai,M. CHINNADURAI,Communist Party of India (Marxist),46188,546,46734,27.88,167618,293817,58795,False
Gandarvakkottai,NATHIYA,Naam Tamilar Katchi,10082,107,10189,6.08,167618,1972520,58795,False
Gandarvakkottai,NOTA,None of the Above,1120,7,1127,0.67,167618,199800,58795,False
Gandarvakkottai,ARUNKUMAR . S,Independent,642,11,653,0.39,167618,524736,58795,False
Gandarvakkottai,SENTHILKUMAR N,Independent,637,5,642,0.38,167618,524736,58795,False
Gandarvakkottai,M. LAKSHMANAN,Independent,584,0,584,0.35,167618,524736,58795,False
Gandarvakkottai,DHANARASU,Namadhu Makkal Katchi,403,2,405,0.24,167618,756,58795,False
Gandarvakkottai,T. MURUGESAN,Independent,403,1,404,0.24,167618,524736,58795,False
Gandarvakkottai,SASIKUMAR P,Independent,320,9,329,0.2,167618,524736,58795,False
Gangavalli,NALLATHAMBI. A,All India Anna Dravida Munnetra Kazhagam,72152,1015,73167,37.2,196679,10462146,73167,True
Gangavalli,CHINNADURAI. K,Dravida Munnetra Kazhagam,57619,1144,58763,29.88,196679,11928996,73167,False
Gangavalli,SUJATHA. V,Tamilaga Vettri Kazhagam,54756,535,55291,28.11,196679,17226030,73167,False
Gangavalli,ABIRAMI. A,Naam Tamilar Katchi,6134,108,6242,3.17,196679,1972520,73167,False
Gangavalli,NOTA,None of the Above,712,19,731,0.37,196679,199800,73167,False
Gangavalli,BALAKRISHNAN. P,Bahujan Samaj Party,530,3,533,0.27,196679,53369,73167,False
Gangavalli,DHANAPAL. S,Independent,439,5,444,0.23,196679,524736,73167,False
Gangavalli,RAMESH. S,Independent,389,1,390,0.2,196679,524736,73167,False
Gangavalli,KAVIARASAN. T.T,Tamizhaga Vaazhvurimai Katchi,230,4,234,0.12,196679,74809,73167,False
Gangavalli,MARIMUTHU. S,Puthiya Tamilagam,218,2,220,0.11,196679,93652,73167,False
Gangavalli,KANNAN. S,Independent,212,0,212,0.11,196679,524736,73167,False
Gangavalli,TAMILARASAN. T,Independent,189,7,196,0.1,196679,524736,73167,False
Gangavalli,ANBAZHAGAN. S,Anna Makkal Katchi,149,2,151,0.08,196679,1197,73167,False
Gangavalli,GUNAPRAKASH. D,Independent,105,0,105,0.05,196679,524736,73167,False
Gingee,GANESHKUMAR A,Pattali Makkal Katchi,77324,877,78201,36.1,216652,1070745,78201,True
Gingee,GINGEE MASTHAN K S,Dravida Munnetra Kazhagam,64795,761,65556,30.26,216652,11928996,78201,False
Gingee,CHANDRASEKARAN B,Tamilaga Vettri Kazhagam,61209,400,61609,28.44,216652,17226030,78201,False
Gingee,ADVOCATE KRISHNAN E,Naam Tamilar Katchi,6296,75,6371,2.94,216652,1972520,78201,False
Gingee,NOTA,None of the Above,495,13,508,0.23,216652,199800,78201,False
Gingee,RAMESH R,Independent,483,0,483,0.22,216652,524736,78201,False
Gingee,MUNUSAMY A,Independent,435,0,435,0.2,216652,524736,78201,False
Gingee,SAKTHIVEL A,Thakkam Katchi,431,1,432,0.2,216652,2416,78201,False
Gingee,PRABAKARAN M,Independent,431,0,431,0.2,216652,524736,78201,False
Gingee,RASANAYAGAM N,Tamizhaga Vaazhvurimai Katchi,415,5,420,0.19,216652,74809,78201,False
Gingee,POYYATHAPPAN K,Independent,411,0,411,0.19,216652,524736,78201,False
Gingee,RANGARAJAN E,Bahujan Samaj Party,379,2,381,0.18,216652,53369,78201,False
Gingee,DEVENDIRAN M,Independent,319,0,319,0.15,216652,524736,78201,False
Gingee,PERUMAL N,Aanaithinthiya Jananayaka Pathukappu Kazhagam,280,5,285,0.13,216652,22964,78201,False
Gingee,THANIGAIMALAI R,Anti Corruption Dynamic Party,174,0,174,0.08,216652,4558,78201,False
Gingee,SRIDHAR G,Independent,160,0,160,0.07,216652,524736,78201,False
Gingee,MOHAN A,Independent,153,0,153,0.07,216652,524736,78201,False
Gingee,MOHAMMAD SIDDIQ M H,Veerath Thiyagi Viswanathadoss Thozhilalarkal Katchi,127,1,128,0.06,216652,5624,78201,False
Gingee,GOKULRAJ S,Independent,105,8,113,0.05,216652,524736,78201,False
Gingee,BANUKUMAR R,Independent,82,0,82,0.04,216652,524736,78201,False
Gobichettipalayam,SENGOTTAIYAN.K.A,Tamilaga Vettri Kazhagam,81628,984,82612,37.6,219727,17226030,82612,True
Gobichettipalayam,NALLASIVAM.N,Dravida Munnetra Kazhagam,64933,1059,65992,30.03,219727,11928996,82612,False
Gobichettipalayam,PRABHU.V.B,All India Anna Dravida Munnetra Kazhagam,55660,572,56232,25.59,219727,10462146,82612,False
Gobichettipalayam,SEETHALAKSHMI.M.K,Naam Tamilar Katchi,8010,127,8137,3.7,219727,1972520,82612,False
Gobichettipalayam,THIRUVENGATESH.M,Tamizhaga Vaazhvurimai Katchi,1717,29,1746,0.79,219727,74809,82612,False
Gobichettipalayam,NOTA,None of the Above,884,23,907,0.41,219727,199800,82612,False
Gobichettipalayam,RAVIKUMAR.R,Bahujan Samaj Party,758,2,760,0.35,219727,53369,82612,False
Gobichettipalayam,PALANISAMYRAAJ.M,Independent,533,6,539,0.25,219727,524736,82612,False
Gobichettipalayam,BHUVANESHWARI.A,Independent,498,1,499,0.23,219727,524736,82612,False
Gobichettipalayam,VENKATACHALAM,Independent,468,2,470,0.21,219727,524736,82612,False
Gobichettipalayam,DHANAPAL.K,Independent,346,3,349,0.16,219727,524736,82612,False
Gobichettipalayam,SUMATHI.G,Independent,330,2,332,0.15,219727,524736,82612,False
Gobichettipalayam,SELVAKUMAR.R,Independent,289,3,292,0.13,219727,524736,82612,False
Gobichettipalayam,MALARVIZHI,Party for the Rights of Other backward Classes,197,0,197,0.09,219727,4101,82612,False
Gobichettipalayam,ANANDHAKUMAR.M,Independent,159,2,161,0.07,219727,524736,82612,False
Gobichettipalayam,RAMESH.P,Independent,148,1,149,0.07,219727,524736,82612,False
Gobichettipalayam,SEETHA.R,Independent,138,1,139,0.06,219727,524736,82612,False
Gobichettipalayam,SAKTHIVEL.G,Independent,113,1,114,0.05,219727,524736,82612,False
Gobichettipalayam,SHANMUGAM.G,Independent,100,0,100,0.05,219727,524736,82612,False
Gudalur,DHRAVIDAMANI.M,Dravida Munnetra Kazhagam,64926,664,65590,43.37,151241,11928996,65590,True
Gudalur,PON.JAYASEELAN,All India Anna Dravida Munnetra Kazhagam,42268,489,42757,28.27,151241,10462146,65590,False
Gudalur,DEEPAK SAI KISHORE.A,Tamilaga Vettri Kazhagam,34756,206,34962,23.12,151241,17226030,65590,False
Gudalur,KARTHIK.R,Naam Tamilar Katchi,6148,51,6199,4.1,151241,1972520,65590,False
Gudalur,NOTA,None of the Above,863,8,871,0.58,151241,199800,65590,False
Gudalur,THILAGARAJ.N,Independent,442,1,443,0.29,151241,524736,65590,False
Gudalur,RAJ.S.K,Veerath Thiyagi Viswanathadoss Thozhilalarkal Katchi,417,2,419,0.28,151241,5624,65590,False
Gudiyattam,K.SINDU,Tamilaga Vettri Kazhagam,82474,384,82858,36.17,229076,17226030,82858,True
Gudiyattam,K.B.PRADAP,Desiya Murpokku Dravida Kazhagam,72351,410,72761,31.76,229076,589500,82858,False
Gudiyattam,PARITHA PURUSHOTHAMAN.G,All India Anna Dravida Munnetra Kazhagam,63635,487,64122,27.99,229076,10462146,82858,False
Gudiyattam,J.EMALAN,Naam Tamilar Katchi,5735,67,5802,2.53,229076,1972520,82858,False
Gudiyattam,NOTA,None of the Above,792,7,799,0.35,229076,199800,82858,False
Gudiyattam,T.POOVARASAN,Bahujan Samaj Party,692,5,697,0.3,229076,53369,82858,False
Gudiyattam,SUBAKARAN.A,Independent,515,4,519,0.23,229076,524736,82858,False
Gudiyattam,BHARATH MATHIRUBAN,Independent,400,0,400,0.17,229076,524736,82858,False
Gudiyattam,K.ASHA,Puthiya Tamilagam,383,0,383,0.17,229076,93652,82858,False
Gudiyattam,K.THABITHAL,All India Puratchi Thalaivar Makkal Munnettra Kazhagam,349,2,351,0.15,229076,133479,82858,False
Gudiyattam,A.RAJESH,Independent,226,1,227,0.1,229076,524736,82858,False
Gudiyattam,M.SUMATHI,Independent,151,6,157,0.07,229076,524736,82858,False
Gummidipoondi,S.VIJAYAKUMAR,Tamilaga Vettri Kazhagam,93820,500,94320,40.56,232522,17226030,94320,True
Gummidipoondi,SUDHAKAR.V,All India Anna Dravida Munnetra Kazhagam,65894,481,66375,28.55,232522,10462146,94320,False
Gummidipoondi,T.J.GOVINDARAJAN,Dravida Munnetra Kazhagam,61922,570,62492,26.88,232522,11928996,94320,False
Gummidipoondi,"R.SRIDAR. B.L.,",Naam Tamilar Katchi,4707,49,4756,2.05,232522,1972520,94320,False
Gummidipoondi,NOTA,None of the Above,931,6,937,0.4,232522,199800,94320,False
Gummidipoondi,M.JAGADEESAN,Bahujan Samaj Party,695,2,697,0.3,232522,53369,94320,False
Gummidipoondi,SDK SANKAR,Aanaithinthiya Jananayaka Pathukappu Kazhagam,593,6,599,0.26,232522,22964,94320,False
Gummidipoondi,G.RANJITH B.SC.L.L.B,Independent,502,1,503,0.22,232522,524736,94320,False
Gummidipoondi,K. CHANDRA SEKAR,Veerath Thiyagi Viswanathadoss Thozhilalarkal Katchi,335,1,336,0.14,232522,5624,94320,False
Gummidipoondi,D.SUDHAKAR,Independent,319,2,321,0.14,232522,524736,94320,False
Gummidipoondi,M.KUMARAN,Independent,260,0,260,0.11,232522,524736,94320,False
Gummidipoondi,D.DINESH,Independent,222,0,222,0.1,232522,524736,94320,False
Gummidipoondi,V.SUDHAKAR,Independent,217,0,217,0.09,232522,524736,94320,False
Gummidipoondi,T.GOVINDAN,Independent,205,1,206,0.09,232522,524736,94320,False
Gummidipoondi,GOPAL.K,Independent,174,3,177,0.08,232522,524736,94320,False
Gummidipoondi,A.H. SIVA GANESH,Independent,104,0,104,0.04,232522,524736,94320,False
Harbour,P K SEKARBABU,Dravida Munnetra Kazhagam,45073,181,45254,45.43,99622,11928996,45254,True
Harbour,SINORA P S ASHOK,Tamilaga Vettri Kazhagam,33426,78,33504,33.63,99622,17226030,45254,False
Harbour,R MANOHAR,All India Anna Dravida Munnetra Kazhagam,17191,65,17256,17.32,99622,10462146,45254,False
Harbour,R FOUZAN SHARIFF,Naam Tamilar Katchi,1598,9,1607,1.61,99622,1972520,45254,False
Harbour,NOTA,None of the Above,600,0,600,0.6,99622,199800,45254,False
Harbour,SIVALINGAM ASHOK,Independent,289,2,291,0.29,99622,524736,45254,False
Harbour,M SURESH,Bahujan Samaj Party,231,1,232,0.23,99622,53369,45254,False
Harbour,SANKAR A,Independent,197,0,197,0.2,99622,524736,45254,False
Harbour,BABU SINGH,Independent,108,0,108,0.11,99622,524736,45254,False
Harbour,ASHOK KUMAR,Independent,76,0,76,0.08,99622,524736,45254,False
Harbour,G VISU,Independent,73,0,73,0.07,99622,524736,45254,False
Harbour,S GANESH,Independent,63,2,65,0.07,99622,524736,45254,False
Harbour,K E MANOHAR,Independent,56,0,56,0.06,99622,524736,45254,False
Harbour,T VIJAYARAJ,Independent,53,0,53,0.05,99622,524736,45254,False
Harbour,P VIJAYAKUMAR,Independent,46,0,46,0.05,99622,524736,45254,False
Harbour,J M NIRAIMOZHI,Independent,34,0,34,0.03,99622,524736,45254,False
Harbour,A NEPOLIAN,Independent,30,0,30,0.03,99622,524736,45254,False
Harbour,J SHANMUGAPRIYAN,Independent,28,0,28,0.03,99622,524736,45254,False
Harbour,V JAGADEESAN,Independent,26,0,26,0.03,99622,524736,45254,False
Harbour,D KABILAN,Independent,21,1,22,0.02,99622,524736,45254,False
Harbour,R DINESH,Independent,20,0,20,0.02,99622,524736,45254,False
Harbour,M KALAIVENTHAN,Independent,18,0,18,0.02,99622,524736,45254,False
Harbour,S VEERABATHRAN,Independent,16,0,16,0.02,99622,524736,45254,False
Harbour,I VINOD,Independent,10,0,10,0.01,99622,524736,45254,False
Harur,SAMPATHKUMAR. V,All India Anna Dravida Munnetra Kazhagam,74063,1460,75523,34.32,220042,10462146,75523,True
Harur,SHANMUGAM. A,Dravida Munnetra Kazhagam,70263,1931,72194,32.81,220042,11928996,75523,False
Harur,RAKESH. K,Tamilaga Vettri Kazhagam,61685,1071,62756,28.52,220042,17226030,75523,False
Harur,ANITHA. A,Naam Tamilar Katchi,5055,190,5245,2.38,220042,1972520,75523,False
Harur,NOTA,None of the Above,758,24,782,0.36,220042,199800,75523,False
Harur,NEHRU. G,Bahujan Samaj Party,690,6,696,0.32,220042,53369,75523,False
Harur,MARIKANNU. C,Republican Party of India (Athawale),622,30,652,0.3,220042,11047,75523,False
Harur,KARUTHAMMAL. S,Naadaalum Makkal Katchi,481,6,487,0.22,220042,9715,75523,False
Harur,PARTHIPAN. P,Independent,444,1,445,0.2,220042,524736,75523,False
Harur,THANGAVEL. K,Independent,437,4,441,0.2,220042,524736,75523,False
Harur,SAMPATH. C,Independent,215,2,217,0.1,220042,524736,75523,False
Harur,MANILA. S,Tamizhaga Vaazhvurimai Katchi,209,4,213,0.1,220042,74809,75523,False
Harur,VENKATESH (A) DR. V.K. SWAMY,Bharat Jan Chikitsa Party,158,3,161,0.07,220042,276,75523,False
Harur,KUPPURAJ. K,Tamilar Makkal Katchi,119,1,120,0.05,220042,2056,75523,False
Harur,SAMPATH. K,Independent,107,3,110,0.05,220042,524736,75523,False
Hosur,BALAKRISHNAREDDY. P,All India Anna Dravida Munnetra Kazhagam,109047,820,109867,39.55,277770,10462146,109867,True
Hosur,VENDARKARASAN.S,Tamilaga Vettri Kazhagam,81604,460,82064,29.54,277770,17226030,109867,False
Hosur,SATHYA.S.A.,Dravida Munnetra Kazhagam,72966,807,73773,26.56,277770,11928996,109867,False
Hosur,STALIN.R,Naam Tamilar Katchi,7573,59,7632,2.75,277770,1972520,109867,False
Hosur,NOTA,None of the Above,1585,29,1614,0.58,277770,199800,109867,False
Hosur,SURYA. Y,Republican Party of India (Athawale),1154,21,1175,0.42,277770,11047,109867,False
Hosur,MASOOD.S,Independent,290,2,292,0.11,277770,524736,109867,False
Hosur,RAJENDRAN.P,Independent,270,1,271,0.1,277770,524736,109867,False
Hosur,PONNUMANI.R,Tamilar Makkal Katchi,238,2,240,0.09,277770,2056,109867,False
Hosur,MARIYA FRANCIS.S,Independent,235,3,238,0.09,277770,524736,109867,False
Hosur,GANESH.M,Independent,189,1,190,0.07,277770,524736,109867,False
Hosur,PATTABIRAMA. C,Independent,174,2,176,0.06,277770,524736,109867,False
Hosur,DEVAPPA.Y,Independent,134,1,135,0.05,277770,524736,109867,False
Hosur,DR.SHANMUGAM.A.R.,Independent,102,1,103,0.04,277770,524736,109867,False
Jayankondam,VAITHILINGAM G.,Pattali Makkal Katchi,87999,993,88992,38.94,228548,1070745,88992,True
Jayankondam,KANNAN KA.SO.KA.,Dravida Munnetra Kazhagam,69703,799,70502,30.85,228548,11928996,88992,False
Jayankondam,KAVITHA RAJENDRAN G.,Tamilaga Vettri Kazhagam,55101,437,55538,24.3,228548,17226030,88992,False
Jayankondam,REVATHI K.,Naam Tamilar Katchi,6118,74,6192,2.71,228548,1972520,88992,False
Jayankondam,RAVISANKAR N.,Aanaithinthiya Jananayaka Pathukappu Kazhagam,1196,7,1203,0.53,228548,22964,88992,False
Jayankondam,CHANTHIRASEKAR S.,Independent,984,0,984,0.43,228548,524736,88992,False
Jayankondam,VINOTHSAVARIREMIJEAS C.,Independent,791,1,792,0.35,228548,524736,88992,False
Jayankondam,RAVANAN M.,Naadaalum Makkal Katchi,707,4,711,0.31,228548,9715,88992,False
Jayankondam,SANKAR M.,Rashtriya Samaj Dal (R),606,2,608,0.27,228548,1760,88992,False
Jayankondam,ANANDHAKUMAR R.,Independent,582,1,583,0.26,228548,524736,88992,False
Jayankondam,JAYABALAN G.,Vada Tamil Nadu Munnetra Katchi,528,0,528,0.23,228548,635,88992,False
Jayankondam,CHINNADURAI S.,Bahujan Samaj Party,470,5,475,0.21,228548,53369,88992,False
Jayankondam,NOTA,None of the Above,403,13,416,0.18,228548,199800,88992,False
Jayankondam,PAGUTHARIVALAN A.,Tamizhaga Vaazhvurimai Katchi,266,3,269,0.12,228548,74809,88992,False
Jayankondam,GURUNATHAN N.,Independent,175,2,177,0.08,228548,524736,88992,False
Jayankondam,KANNAN K.,Independent,158,0,158,0.07,228548,524736,88992,False
Jayankondam,AZHAGESAN V.R.,Desiya Makkal Sakthi Katchi,151,0,151,0.07,228548,2279,88992,False
Jayankondam,ISAC NEWTAN J.,Independent,114,1,115,0.05,228548,524736,88992,False
Jayankondam,VEZHAVENTHAN D.,Independent,99,1,100,0.04,228548,524736,88992,False
Jayankondam,VENKATAJALAPATHI R.,Independent,53,1,54,0.02,228548,524736,88992,False
Jolarpet,VEERAMANI K.C.,All India Anna Dravida Munnetra Kazhagam,77814,819,78633,36.91,213042,10462146,78633,True
Jolarpet,MUNISAMY C,Tamilaga Vettri Kazhagam,61958,592,62550,29.36,213042,17226030,78633,False
Jolarpet,KAVITHADHANDAPANI,Dravida Munnetra Kazhagam,61376,601,61977,29.09,213042,11928996,78633,False
Jolarpet,SASIREKHA K,Naam Tamilar Katchi,5823,151,5974,2.8,213042,1972520,78633,False
Jolarpet,NOTA,None of the Above,684,11,695,0.33,213042,199800,78633,False
Jolarpet,PRIYA K,Independent,452,2,454,0.21,213042,524736,78633,False
Jolarpet,KALASTHIRI S,All India Uzhavargal Uzhaippalargal Katchi,368,2,370,0.17,213042,578,78633,False
Jolarpet,SENTHAMILSELVAN M,Naadaalum Makkal Katchi,363,0,363,0.17,213042,9715,78633,False
Jolarpet,THANGARAJ P,Independent,356,2,358,0.17,213042,524736,78633,False
Jolarpet,SIVAKUMAR V C,Bahujan Samaj Party,312,4,316,0.15,213042,53369,78633,False
Jolarpet,SASI REKA Y,Makkal Arasial Katchi,269,1,270,0.13,213042,1008,78633,False
Jolarpet,CHENNA KESAVAN C,Independent,214,2,216,0.1,213042,524736,78633,False
Jolarpet,KAVITHA C,Independent,155,0,155,0.07,213042,524736,78633,False
Jolarpet,KRISHNAMOORTHY D,Makkal Nala Kazhagam,145,4,149,0.07,213042,285,78633,False
Jolarpet,KAMATCHI S,Independent,123,5,128,0.06,213042,524736,78633,False
Jolarpet,SANKAR T.K,Tamizhaga Vaazhvurimai Katchi,98,6,104,0.05,213042,74809,78633,False
Jolarpet,CHENRAYAN A,Independent,98,1,99,0.05,213042,524736,78633,False
Jolarpet,VEERAMANI H,Independent,84,2,86,0.04,213042,524736,78633,False
Jolarpet,KAVITHA T,Independent,74,2,76,0.04,213042,524736,78633,False
Jolarpet,MOHANRAJ R,Independent,68,1,69,0.03,213042,524736,78633,False
Kadayanallur,RAJENDRAN. T. M,Dravida Munnetra Kazhagam,78809,1023,79832,35.97,221951,11928996,79832,True
Kadayanallur,C. KRISHNAMURALI,All India Anna Dravida Munnetra Kazhagam,72625,954,73579,33.15,221951,10462146,79832,False
Kadayanallur,ABDUL JALEEL. R. K,Tamilaga Vettri Kazhagam,48793,461,49254,22.19,221951,17226030,79832,False
Kadayanallur,ABUBACKER SIDDHEEQ,Naam Tamilar Katchi,10813,152,10965,4.94,221951,1972520,79832,False
Kadayanallur,KAVITHA. R,Puthiya Tamilagam,2785,97,2882,1.3,221951,93652,79832,False
Kadayanallur,ESAKKI PANDI. K,Independent,575,1,576,0.26,221951,524736,79832,False
Kadayanallur,MURUGAN. P,Independent,535,2,537,0.24,221951,524736,79832,False
Kadayanallur,NOTA,None of the Above,521,6,527,0.24,221951,199800,79832,False
Kadayanallur,T. MAHESHKUMAR,Bahujan Samaj Party,505,5,510,0.23,221951,53369,79832,False
Kadayanallur,BARISHA BANU. M,Independent,463,4,467,0.21,221951,524736,79832,False
Kadayanallur,GANESAN. M,Independent,396,17,413,0.19,221951,524736,79832,False
Kadayanallur,SEENIVASAN. S,Independent,369,11,380,0.17,221951,524736,79832,False
Kadayanallur,SHAHIN FATHIMA. A,Tamizhaga Vaazhvurimai Katchi,351,5,356,0.16,221951,74809,79832,False
Kadayanallur,NAGARAJAN. L,Independent,290,0,290,0.13,221951,524736,79832,False
Kadayanallur,RAJAN. B. S,Aanaithinthiya Jananayaka Pathukappu Kazhagam,238,6,244,0.11,221951,22964,79832,False
Kadayanallur,RAJAMARAVAN. S,Independent,231,3,234,0.11,221951,524736,79832,False
Kadayanallur,PARTHIPAN. V,Independent,212,4,216,0.1,221951,524736,79832,False
Kadayanallur,LAKSHMI. A,Samata Party,176,3,179,0.08,221951,712,79832,False
Kadayanallur,ESAKKI. K,Independent,138,0,138,0.06,221951,524736,79832,False
Kadayanallur,S. MURUGANANTHAM,Independent,107,2,109,0.05,221951,524736,79832,False
Kadayanallur,VENKATESH. P,Independent,108,1,109,0.05,221951,524736,79832,False
Kadayanallur,M. ARUMUGASAMY,Independent,99,2,101,0.05,221951,524736,79832,False
Kadayanallur,SURESHKUMAR. S,Naam Indiar Party,53,0,53,0.02,221951,4474,79832,False
Kalasapakkam,AGRI KRISHNAMURTHY. S S,All India Anna Dravida Munnetra Kazhagam,88576,1053,89629,41.86,214127,10462146,89629,True
Kalasapakkam,SARAVANAN. P.S.T,Dravida Munnetra Kazhagam,62130,759,62889,29.37,214127,11928996,89629,False
Kalasapakkam,ELUMALAI. P,Tamilaga Vettri Kazhagam,51091,575,51666,24.13,214127,17226030,89629,False
Kalasapakkam,SEETHA SIVANANDAM. P,Naam Tamilar Katchi,5173,139,5312,2.48,214127,1972520,89629,False
Kalasapakkam,SANTHAKUMARAN. A,Independent,686,11,697,0.33,214127,524736,89629,False
Kalasapakkam,DEIVEEGAN. P,Independent,654,0,654,0.31,214127,524736,89629,False
Kalasapakkam,KRISHNAMURTHY. R,Independent,575,1,576,0.27,214127,524736,89629,False
Kalasapakkam,BALAJI. P,Independent,433,0,433,0.2,214127,524736,89629,False
Kalasapakkam,NOTA,None of the Above,410,13,423,0.2,214127,199800,89629,False
Kalasapakkam,SARAVANAN. K,Independent,404,1,405,0.19,214127,524736,89629,False
Kalasapakkam,SATHYA. V,Naadaalum Makkal Katchi,242,3,245,0.11,214127,9715,89629,False
Kalasapakkam,KAMARAJ. G,Independent,184,14,198,0.09,214127,524736,89629,False
Kalasapakkam,KOTHANDAPANI. B,Independent,173,2,175,0.08,214127,524736,89629,False
Kalasapakkam,RAJA. N,Independent,152,4,156,0.07,214127,524736,89629,False
Kalasapakkam,MANIKANDAN. K,Independent,145,2,147,0.07,214127,524736,89629,False
Kalasapakkam,KRISHNAMURTHY. M,Independent,105,0,105,0.05,214127,524736,89629,False
Kalasapakkam,SARAVANAN. V,Tamizhaga Vaazhvurimai Katchi,91,11,102,0.05,214127,74809,89629,False
Kalasapakkam,SUMAN. M,Aanaithinthiya Jananayaka Pathukappu Kazhagam,87,4,91,0.04,214127,22964,89629,False
Kalasapakkam,BASKARAN. R,Independent,75,0,75,0.04,214127,524736,89629,False
Kalasapakkam,KRISHNAMURTHY. S,Independent,60,6,66,0.03,214127,524736,89629,False
Kalasapakkam,ELUMALAI. S,Independent,45,1,46,0.02,214127,524736,89629,False
Kalasapakkam,ELUMALAI. T,Independent,37,0,37,0.02,214127,524736,89629,False
Kallakurichi,ARUL VIGNESH C,Tamilaga Vettri Kazhagam,80572,560,81132,32.5,249626,17226030,81132,True
Kallakurichi,RAJEEVGANDHI S,All India Anna Dravida Munnetra Kazhagam,79562,772,80334,32.18,249626,10462146,81132,False
Kallakurichi,MALATHI K,Viduthalai Chiruthaigal Katchi,76696,970,77666,31.11,249626,540056,81132,False
Kallakurichi,NAGAMMAL RAJKODI,Naam Tamilar Katchi,7379,115,7494,3.0,249626,1972520,81132,False
Kallakurichi,NOTA,None of the Above,847,36,883,0.35,249626,199800,81132,False
Kallakurichi,VIGNESH G,Independent,649,4,653,0.26,249626,524736,81132,False
Kallakurichi,VASANTHAKUMAR S,Independent,412,5,417,0.17,249626,524736,81132,False
Kallakurichi,RAJIVGANDHI P,Independent,306,2,308,0.12,249626,524736,81132,False
Kallakurichi,SELVARAJ M,Independent,219,0,219,0.09,249626,524736,81132,False
Kallakurichi,RAJIVGANDHI S,Independent,196,0,196,0.08,249626,524736,81132,False
Kallakurichi,MALATHI K,Independent,177,2,179,0.07,249626,524736,81132,False
Kallakurichi,PRABU C,Independent,145,0,145,0.06,249626,524736,81132,False
Kancheepuram,R.V. RANJITHKUMAR,Tamilaga Vettri Kazhagam,90321,1029,91350,37.09,246317,17226030,91350,True
Kancheepuram,V. SOMASUNDARAM,All India Anna Dravida Munnetra Kazhagam,74717,1145,75862,30.8,246317,10462146,91350,False
Kancheepuram,NITHYA SUGUMAR,Dravida Munnetra Kazhagam,68204,1140,69344,28.15,246317,11928996,91350,False
Kancheepuram,VETRISELVI,Naam Tamilar Katchi,6807,143,6950,2.82,246317,1972520,91350,False
Kancheepuram,NOTA,None of the Above,1047,31,1078,0.44,246317,199800,91350,False
Kancheepuram,G. BABU,Independent,361,3,364,0.15,246317,524736,91350,False
Kancheepuram,M. MEGANATHAN,Independent,283,3,286,0.12,246317,524736,91350,False
Kancheepuram,M. NANDHAKUMAR,Anti Corruption Dynamic Party,215,2,217,0.09,246317,4558,91350,False
Kancheepuram,V. NARESH,Tamizhaga Vaazhvurimai Katchi,177,1,178,0.07,246317,74809,91350,False
Kancheepuram,E. DHAKSHNAMOORTHY,Independent,169,9,178,0.07,246317,524736,91350,False
Kancheepuram,M. BALAJI,Independent,135,3,138,0.06,246317,524736,91350,False
Kancheepuram,P. VENKATESAN,All India Puratchi Thalaivar Makkal Munnettra Kazhagam,104,6,110,0.04,246317,133479,91350,False
Kancheepuram,V. SOMASUNDARAM,Independent,62,16,78,0.03,246317,524736,91350,False
Kancheepuram,GNANAMOORTHY,Independent,51,23,74,0.03,246317,524736,91350,False
Kancheepuram,M. SOMASUNDARAM,Independent,68,0,68,0.03,246317,524736,91350,False
Kancheepuram,C. DILLIBABU,Independent,40,2,42,0.02,246317,524736,91350,False
Kangayam,NSN NATARAJ,All India Anna Dravida Munnetra Kazhagam,70352,770,71122,34.94,203534,10462146,71122,True
Kangayam,MANI GOUNDER,Tamilaga Vettri Kazhagam,62485,504,62989,30.95,203534,17226030,71122,False
Kangayam,M.P.SAMINATHAN,Dravida Munnetra Kazhagam,58184,1046,59230,29.1,203534,11928996,71122,False
Kangayam,KARMEGAN.M,Naam Tamilar Katchi,6961,107,7068,3.47,203534,1972520,71122,False
Kangayam,NOTA,None of the Above,683,23,706,0.35,203534,199800,71122,False
Kangayam,P.THIRUGNANASAMBANTHAM,Party for the Rights of Other backward Classes,498,1,499,0.25,203534,4101,71122,False
Kangayam,P.PARTHIBAN,Independent,311,1,312,0.15,203534,524736,71122,False
Kangayam,R. IMMANUVEL,Independent,281,1,282,0.14,203534,524736,71122,False
Kangayam,P.MANI,Independent,273,1,274,0.13,203534,524736,71122,False
Kangayam,B.RAJENDRAN,Independent,264,1,265,0.13,203534,524736,71122,False
Kangayam,PALANISAMY,Independent,203,0,203,0.1,203534,524736,71122,False
Kangayam,R.VIJAYALAKSHMI,Ganasangam Party of India,172,4,176,0.09,203534,3235,71122,False
Kangayam,KARTHIKEYAN,Independent,163,1,164,0.08,203534,524736,71122,False
Kangayam,GOWTHAM,Independent,93,5,98,0.05,203534,524736,71122,False
Kangayam,T.NATARAJ,Independent,76,2,78,0.04,203534,524736,71122,False
Kangayam,K.ARUMUGAM,Independent,68,0,68,0.03,203534,524736,71122,False
Kanniyakumari,THALAVAI SUNDARAM. N,All India Anna Dravida Munnetra Kazhagam,73563,1482,75045,31.38,239150,10462146,75045,True
Kanniyakumari,MAHESH.R,Dravida Munnetra Kazhagam,73186,1645,74831,31.29,239150,11928996,75045,False
Kanniyakumari,MADHAVAN.S.R,Tamilaga Vettri Kazhagam,72264,713,72977,30.52,239150,17226030,75045,False
Kanniyakumari,MARIA JENNIFER,Naam Tamilar Katchi,13415,274,13689,5.72,239150,1972520,75045,False
Kanniyakumari,NOTA,None of the Above,813,12,825,0.34,239150,199800,75045,False
Kanniyakumari,RAJAN. S,Independent,453,1,454,0.19,239150,524736,75045,False
Kanniyakumari,REAGON ANTO.J,Tamizhaga Vaazhvurimai Katchi,297,4,301,0.13,239150,74809,75045,False
Kanniyakumari,SRIKRISHNAKUMAR.K,Thamizhaka Padaippalar Makkal Katchi,206,0,206,0.09,239150,4020,75045,False
Kanniyakumari,SIVALINGAM.C,Naam Indiar Party,192,2,194,0.08,239150,4474,75045,False
Kanniyakumari,MANAVAI KANNAN. M,Communist Party of India (Marxist-Leninist) Red Star,137,3,140,0.06,239150,790,75045,False
Kanniyakumari,DAVID SAHAYA BASCAR,Independent,108,9,117,0.05,239150,524736,75045,False
Kanniyakumari,RAMAKRISHNAN.C,Independent,106,1,107,0.04,239150,524736,75045,False
Kanniyakumari,SUDHAGAR.R,Independent,82,11,93,0.04,239150,524736,75045,False
Kanniyakumari,THANUNEELAN . S,Independent,89,1,90,0.04,239150,524736,75045,False
Kanniyakumari,KANAGARAJ.T,Independent,81,0,81,0.03,239150,524736,75045,False
Karaikudi,DR.PRABHU. TK,Tamilaga Vettri Kazhagam,100627,731,101358,44.21,229267,17226030,101358,True
Karaikudi,MANGUDI. S,Indian National Congress,54417,867,55284,24.11,229267,1661312,101358,False
Karaikudi,DHERPOKI V.PANDI,Amma Makkal Munnettra Kazagam,33066,286,33352,14.55,229267,425345,101358,False
Karaikudi,SEEMAN,Naam Tamilar Katchi,30477,316,30793,13.43,229267,1972520,101358,False
Karaikudi,NEWTON BABU. C,Puthiya Tamilagam,791,5,796,0.35,229267,93652,101358,False
Karaikudi,VELU. K,Independent,688,1,689,0.3,229267,524736,101358,False
Karaikudi,KALIMUTHU. A,All India Puratchi Thalaivar Makkal Munnettra Kazhagam,597,5,602,0.26,229267,133479,101358,False
Karaikudi,KARUPPIAH. K,Republican Party of India (Athawale),577,13,590,0.26,229267,11047,101358,False
Karaikudi,DINESH. K,Independent,531,0,531,0.23,229267,524736,101358,False
Karaikudi,NOTA,None of the Above,513,6,519,0.23,229267,199800,101358,False
Karaikudi,PRABU. G,Independent,497,5,502,0.22,229267,524736,101358,False
Karaikudi,MANIMARAN. R,Independent,470,1,471,0.21,229267,524736,101358,False
Karaikudi,KALIDASS. R,Independent,460,9,469,0.2,229267,524736,101358,False
Karaikudi,RANJITHKUMAR BALUSAMY,Bahujan Samaj Party,454,4,458,0.2,229267,53369,101358,False
Karaikudi,PANDI. S,Independent,360,1,361,0.16,229267,524736,101358,False
Karaikudi,JEEVITHA. A,Independent,321,0,321,0.14,229267,524736,101358,False
Karaikudi,AZIZ ABDUL RAHMAN. J,Samaniya Makkal Nala Katchi,310,5,315,0.14,229267,5144,101358,False
Karaikudi,SHANTHI. B,Independent,261,2,263,0.11,229267,524736,101358,False
Karaikudi,LAKSHMANAN. R,Independent,258,0,258,0.11,229267,524736,101358,False
Karaikudi,VEERAMANIKANDAN. V,Independent,234,2,236,0.1,229267,524736,101358,False
Karaikudi,RAMU. M,Independent,214,2,216,0.09,229267,524736,101358,False
Karaikudi,SURESH. V,Independent,214,2,216,0.09,229267,524736,101358,False
Karaikudi,MUTHUKUMAR. K,Independent,171,4,175,0.08,229267,524736,101358,False
Karaikudi,SELVI. K,Independent,169,0,169,0.07,229267,524736,101358,False
Karaikudi,UDHUMAN ALI. M.S,Independent,165,1,166,0.07,229267,524736,101358,False
Karaikudi,RAMANATHAN. S.V,Independent,155,2,157,0.07,229267,524736,101358,False
Karur,M.R. VIJAYABHASKAR,All India Anna Dravida Munnetra Kazhagam,70887,655,71542,32.99,216829,10462146,71542,True
Karur,MATHIYALAGAN V.P,Tamilaga Vettri Kazhagam,69333,388,69721,32.15,216829,17226030,71542,False
Karur,AASEE.M. THIAGARAJAN,Dravida Munnetra Kazhagam,66432,824,67256,31.02,216829,11928996,71542,False
Karur,KARUPPAIYA. R,Naam Tamilar Katchi,5390,75,5465,2.52,216829,1972520,71542,False
Karur,NOTA,None of the Above,524,15,539,0.25,216829,199800,71542,False
Karur,JAYAGOPAL. P,Bahujan Samaj Party,301,1,302,0.14,216829,53369,71542,False
Karur,GUNASEKARAN. K,Tamizhaga Vaazhvurimai Katchi,250,2,252,0.12,216829,74809,71542,False
Karur,KATHIRVEL. K,Independent,143,0,143,0.07,216829,524736,71542,False
Karur,KANDASAMY. P,Independent,133,1,134,0.06,216829,524736,71542,False
Karur,KATHIRAVAN. P,Independent,103,0,103,0.05,216829,524736,71542,False
Karur,RAMACHANDRAN. A,Ganasangam Party of India,99,2,101,0.05,216829,3235,71542,False
Karur,ANBAZHAGAN. T,Independent,65,2,67,0.03,216829,524736,71542,False
Karur,ELAMATHI. S,Independent,59,0,59,0.03,216829,524736,71542,False
Karur,KRISHNAKUMAR. K,Independent,53,0,53,0.02,216829,524736,71542,False
Karur,KALIMUTHU. V,Samaniya Makkal Nala Katchi,51,0,51,0.02,216829,5144,71542,False
Karur,MURALI. M,Independent,47,0,47,0.02,216829,524736,71542,False
Karur,ASARUDHEEN. A,Independent,44,1,45,0.02,216829,524736,71542,False
Karur,ARULMANIARASU. P,Independent,43,0,43,0.02,216829,524736,71542,False
Karur,SUBASH MALAYALAM. T,Independent,38,1,39,0.02,216829,524736,71542,False
Karur,PRAVEENKUMAR. J,Independent,36,1,37,0.02,216829,524736,71542,False
Karur,KALAIRAJ. K,Independent,35,0,35,0.02,216829,524736,71542,False
Karur,KARUNAMOORTHY. S,Independent,34,0,34,0.02,216829,524736,71542,False
Karur,ANBARASAN. N,Independent,30,0,30,0.01,216829,524736,71542,False
Karur,SAMPATH. S,Independent,28,0,28,0.01,216829,524736,71542,False
Karur,SEETHA LAKSHMI. D,Independent,28,0,28,0.01,216829,524736,71542,False
Karur,SENBAGAKUMAR. L,Independent,27,1,28,0.01,216829,524736,71542,False
Karur,MAILVAGANAN. B,Independent,28,0,28,0.01,216829,524736,71542,False
Karur,KANAGARAJ. S,Independent,27,0,27,0.01,216829,524736,71542,False
Karur,SIVAKUMAR. N,Independent,24,3,27,0.01,216829,524736,71542,False
Karur,BABU. G,Independent,22,2,24,0.01,216829,524736,71542,False
Karur,MUTHU. K.R,Independent,23,0,23,0.01,216829,524736,71542,False
Karur,SIVAKUMAR. V,Independent,19,2,21,0.01,216829,524736,71542,False
Karur,MOHAMAD ISMAIL. M,Independent,21,0,21,0.01,216829,524736,71542,False
Karur,PARAMESWARI,Independent,20,0,20,0.01,216829,524736,71542,False
Karur,HARIHARAN. S,Independent,20,0,20,0.01,216829,524736,71542,False
Karur,BHARATHI. P,Independent,19,0,19,0.01,216829,524736,71542,False
Karur,DEVASTIN AUGUSTIN. G,Independent,18,0,18,0.01,216829,524736,71542,False
Karur,SIVAKUMAR. A,Independent,17,0,17,0.01,216829,524736,71542,False
Karur,PALAMUTHIR SELVAN. O,Independent,17,0,17,0.01,216829,524736,71542,False
Karur,KALIMUTHU. R,Independent,16,0,16,0.01,216829,524736,71542,False
Karur,SURIYAKUMAR. J,Independent,16,0,16,0.01,216829,524736,71542,False
Karur,MARIAMMAL. P.M,Independent,16,0,16,0.01,216829,524736,71542,False
Karur,SATHISH KUMAR. S,Independent,15,0,15,0.01,216829,524736,71542,False
Karur,STEPHENRAJ. L,Independent,15,0,15,0.01,216829,524736,71542,False
Karur,DINESH KUMAR. K,Independent,14,0,14,0.01,216829,524736,71542,False
Karur,NANDHAKUMAR. A,Independent,14,0,14,0.01,216829,524736,71542,False
Karur,VANITHA. K.M,Independent,14,0,14,0.01,216829,524736,71542,False
Karur,SOUNDARYAN. K,Independent,13,0,13,0.01,216829,524736,71542,False
Karur,HARI RAAJ. B,Independent,12,1,13,0.01,216829,524736,71542,False
Karur,SATHISH. P,Independent,12,0,12,0.01,216829,524736,71542,False
Karur,KANAGARAJ. P,Independent,11,0,11,0.01,216829,524736,71542,False
Karur,THIYAGARAJAN. M,Independent,11,0,11,0.01,216829,524736,71542,False
Karur,PALANIRAJAN. K,Independent,11,0,11,0.01,216829,524736,71542,False
Karur,MANOJ. P,Independent,11,0,11,0.01,216829,524736,71542,False
Karur,YOONUS ALI. R,Independent,11,0,11,0.01,216829,524736,71542,False
Karur,THIRUGNANAM. M,Independent,10,0,10,0.0,216829,524736,71542,False
Karur,SARAVANAN. R,Independent,9,0,9,0.0,216829,524736,71542,False
Karur,THAMILALAGAN. A,Independent,9,0,9,0.0,216829,524736,71542,False
Karur,VIJAYA BASKAR. R.V,Independent,9,0,9,0.0,216829,524736,71542,False
Karur,KARTHIKPERUMAL. R,Independent,8,0,8,0.0,216829,524736,71542,False
Karur,GOPALA KRISHNAN. A,Independent,8,0,8,0.0,216829,524736,71542,False
Karur,SENTHILKUMAR. G,Independent,8,0,8,0.0,216829,524736,71542,False
Karur,SENTHILKUMAR. M,Independent,8,0,8,0.0,216829,524736,71542,False
Karur,THANGAVELRAJ. S,Independent,8,0,8,0.0,216829,524736,71542,False
Karur,DINESH. B,Independent,8,0,8,0.0,216829,524736,71542,False
Karur,RAJAPANDIAN. K,Independent,8,0,8,0.0,216829,524736,71542,False
Karur,DANIYA. P,Independent,7,0,7,0.0,216829,524736,71542,False
Karur,DURAISAMY. J,Independent,5,0,5,0.0,216829,524736,71542,False
Karur,PRASANTH. S,Independent,5,0,5,0.0,216829,524736,71542,False
Karur,MANIKANDAN,Independent,5,0,5,0.0,216829,524736,71542,False
Karur,MATHANRAJ. P,Independent,5,0,5,0.0,216829,524736,71542,False
Karur,VINOTHKUMAR. N,Independent,4,1,5,0.0,216829,524736,71542,False
Karur,PALANIVEL. P,Independent,4,0,4,0.0,216829,524736,71542,False
Karur,BASKAR. P,Independent,4,0,4,0.0,216829,524736,71542,False
Karur,RAGURAMAN MURUGANANTHAM,Independent,3,1,4,0.0,216829,524736,71542,False
Karur,VIJAYAN. K,Independent,4,0,4,0.0,216829,524736,71542,False
Karur,SOUNDARA RAJAN. R,Independent,2,1,3,0.0,216829,524736,71542,False
Karur,PRAKASH. N,Independent,3,0,3,0.0,216829,524736,71542,False
Karur,VINEETH. B,Independent,3,0,3,0.0,216829,524736,71542,False
Karur,VIGNESHWARAN. D,Independent,2,0,2,0.0,216829,524736,71542,False
Katpadi,DR M SUDHAKAR,Tamilaga Vettri Kazhagam,69284,584,69868,34.33,203497,17226030,69868,True
Katpadi,V. RAMU,All India Anna Dravida Munnetra Kazhagam,63321,677,63998,31.45,203497,10462146,69868,False
Katpadi,DURAIMURUGAN,Dravida Munnetra Kazhagam,61622,603,62225,30.58,203497,11928996,69868,False
Katpadi,S. THIRUKKUMARAN,Naam Tamilar Katchi,4538,87,4625,2.27,203497,1972520,69868,False
Katpadi,NOTA,None of the Above,726,19,745,0.37,203497,199800,69868,False
Katpadi,J. RAMESH,Bahujan Samaj Party,403,4,407,0.2,203497,53369,69868,False
Katpadi,D. RAMU,Independent,321,2,323,0.16,203497,524736,69868,False
Katpadi,INDU .W,Tamil Manila Murpokku Dravida Kazhagam,314,5,319,0.16,203497,319,69868,False
Katpadi,DHANANCHEZHIYAN,Independent,215,0,215,0.11,203497,524736,69868,False
Katpadi,V. CHANDRAN,All India Puratchi Thalaivar Makkal Munnettra Kazhagam,185,2,187,0.09,203497,133479,69868,False
Katpadi,M. SUTHAKAR,Independent,140,5,145,0.07,203497,524736,69868,False
Katpadi,S. BALAJI,Tamil Nadu Ilangyar Katchi,140,0,140,0.07,203497,355,69868,False
Katpadi,DHANASEKAR,Independent,122,0,122,0.06,203497,524736,69868,False
Katpadi,GANESAN .P,Indhu Dravida Makkal Katchi,79,0,79,0.04,203497,2112,69868,False
Katpadi,SARAVANAN .D,Independent,54,0,54,0.03,203497,524736,69868,False
Katpadi,S. RAMAN,Independent,41,4,45,0.02,203497,524736,69868,False
Kattumannarkoil,L.E. JOTHIMANI,Viduthalai Chiruthaigal Katchi,84130,1049,85179,45.33,187905,540056,85179,True
Kattumannarkoil,A. SOZHAN,Pattali Makkal Katchi,51360,756,52116,27.74,187905,1070745,85179,False
Kattumannarkoil,S. SEENUVASAN,Tamilaga Vettri Kazhagam,42798,358,43156,22.97,187905,17226030,85179,False
Kattumannarkoil,SIVAJOTHI .M,Naam Tamilar Katchi,4480,83,4563,2.43,187905,1972520,85179,False
Kattumannarkoil,ALAVANTHAR .M,Tamizhaga Vaazhvurimai Katchi,559,4,563,0.3,187905,74809,85179,False
Kattumannarkoil,SANKARKUMAR .S,Independent,508,1,509,0.27,187905,524736,85179,False
Kattumannarkoil,NOTA,None of the Above,455,10,465,0.25,187905,199800,85179,False
Kattumannarkoil,S. MURALI,Aanaithinthiya Jananayaka Pathukappu Kazhagam,338,4,342,0.18,187905,22964,85179,False
Kattumannarkoil,M.A.T. ARCHUNAN,Independent,324,0,324,0.17,187905,524736,85179,False
Kattumannarkoil,SATHEESHKUMAR .M,Bahujan Samaj Party,245,7,252,0.13,187905,53369,85179,False
Kattumannarkoil,G. KALYANA SUNDARAM,All India Jananayaka Makkal Kazhagam,246,1,247,0.13,187905,1415,85179,False
Kattumannarkoil,BABU .B,Rashtriya Samaj Dal (R),188,1,189,0.1,187905,1760,85179,False
Kavundampalayam,KANIMOZHI SANTHOSH,Tamilaga Vettri Kazhagam,145888,578,146466,40.24,363991,17226030,146466,True
Kavundampalayam,ARUNKUMAR PRG,All India Anna Dravida Munnetra Kazhagam,103189,1137,104326,28.66,363991,10462146,146466,False
Kavundampalayam,SURYA PRAKASH K.P,Indian National Congress,89683,1043,90726,24.93,363991,1661312,146466,False
Kavundampalayam,KALAMANI JAGANATHAN,Naam Tamilar Katchi,16699,135,16834,4.62,363991,1972520,146466,False
Kavundampalayam,NOTA,None of the Above,2092,24,2116,0.58,363991,199800,146466,False
Kavundampalayam,KANIMOZHI.K,Independent,552,15,567,0.16,363991,524736,146466,False
Kavundampalayam,K.VELMURUGAN,Bahujan Samaj Party,515,9,524,0.14,363991,53369,146466,False
Kavundampalayam,THOZHAR.N.ARUNKUMAR,Tamizhaga Vaazhvurimai Katchi,419,5,424,0.12,363991,74809,146466,False
Kavundampalayam,S.THAMARAI KANNAN,Party for the Rights of Other backward Classes,353,3,356,0.1,363991,4101,146466,False
Kavundampalayam,A.BALAMURUGAN,Independent,333,7,340,0.09,363991,524736,146466,False
Kavundampalayam,M.RAJALINGAM,Independent,336,2,338,0.09,363991,524736,146466,False
Kavundampalayam,MALLIGA.M,All India Puratchi Thalaivar Makkal Munnettra Kazhagam,312,2,314,0.09,363991,133479,146466,False
Kavundampalayam,M.JOHN BOSCO,Independent,305,1,306,0.08,363991,524736,146466,False
Kavundampalayam,SURIYAKUMAR.K,Independent,232,3,235,0.06,363991,524736,146466,False
Kavundampalayam,V.PUSHPANANTHAM,Tamizhaga Murpokku Makkal Katchi,119,0,119,0.03,363991,998,146466,False
Killiyoor,RAJESH KUMAR. S,Indian National Congress,65354,1080,66434,37.42,177534,1661312,66434,True
Killiyoor,SABIN. S,Tamilaga Vettri Kazhagam,64441,682,65123,36.68,177534,17226030,66434,False
Killiyoor,NIVIN SIMON. J,Bharatiya Janata Party,30435,635,31070,17.5,177534,1466979,66434,False
Killiyoor,HIMLAR,Naam Tamilar Katchi,12490,274,12764,7.19,177534,1972520,66434,False
Killiyoor,NOTA,None of the Above,491,11,502,0.28,177534,199800,66434,False
Killiyoor,PRABHU. S,Thamizhaka Padaippalar Makkal Katchi,409,1,410,0.23,177534,4020,66434,False
Killiyoor,AJAI (ALIAS) NAGARAJAN,Independent,240,1,241,0.14,177534,524736,66434,False
Killiyoor,BERRILA. L,Independent,193,4,197,0.11,177534,524736,66434,False
Killiyoor,JUSTIN. M,Independent,188,1,189,0.11,177534,524736,66434,False
Killiyoor,BABY RAJ. P,Independent,157,5,162,0.09,177534,524736,66434,False
Killiyoor,RUBIN ANTONY,Tamizhaga Vaazhvurimai Katchi,153,3,156,0.09,177534,74809,66434,False
Killiyoor,SATHEESH. S,Independent,128,0,128,0.07,177534,524736,66434,False
Killiyoor,JUSTIN. T,Indian Christian Front,82,3,85,0.05,177534,85,66434,False
Killiyoor,DR. RAMACHANDRAN. M,Independent,71,2,73,0.04,177534,524736,66434,False
Kilpennathur,RAMACHANDRAN.S,All India Anna Dravida Munnetra Kazhagam,89434,1069,90503,41.18,219790,10462146,90503,True
Kilpennathur,PITCHANDI.K,Dravida Munnetra Kazhagam,59157,881,60038,27.32,219790,11928996,90503,False
Kilpennathur,RAJA.D,Tamilaga Vettri Kazhagam,58767,363,59130,26.9,219790,17226030,90503,False
Kilpennathur,LOGANATHAN.V,Naam Tamilar Katchi,6092,92,6184,2.81,219790,1972520,90503,False
Kilpennathur,PICHANDI.R,Independent,603,1,604,0.27,219790,524736,90503,False
Kilpennathur,PICHANDI.D,Independent,533,0,533,0.24,219790,524736,90503,False
Kilpennathur,NOTA,None of the Above,434,6,440,0.2,219790,199800,90503,False
Kilpennathur,PICHANDI.V,Independent,302,0,302,0.14,219790,524736,90503,False
Kilpennathur,RAJASEKAR.P,Tamizhaga Vaazhvurimai Katchi,294,1,295,0.13,219790,74809,90503,False
Kilpennathur,DHILIPKUMAR.D,Independent,257,3,260,0.12,219790,524736,90503,False
Kilpennathur,JANAKIRAMAN.R,Aanaithinthiya Jananayaka Pathukappu Kazhagam,226,2,228,0.1,219790,22964,90503,False
Kilpennathur,RAJKUMAR.R,Independent,179,0,179,0.08,219790,524736,90503,False
Kilpennathur,SHANMUGAM.A,Thamizhaka Padaippalar Makkal Katchi,164,1,165,0.08,219790,4020,90503,False
Kilpennathur,SAMPATHRAJ.M,Independent,151,4,155,0.07,219790,524736,90503,False
Kilpennathur,SURYAPRAKASH.S,Independent,144,2,146,0.07,219790,524736,90503,False
Kilpennathur,RAJASEKAR.I,Independent,143,0,143,0.07,219790,524736,90503,False
Kilpennathur,LOKESHWARAN.R,Anti Corruption Dynamic Party,129,1,130,0.06,219790,4558,90503,False
Kilpennathur,SANTHOSHKUMAR.E,Independent,75,1,76,0.03,219790,524736,90503,False
Kilpennathur,RAMACHANDRAN.K,Independent,56,9,65,0.03,219790,524736,90503,False
Kilpennathur,SASIKUMAR.S,Independent,52,10,62,0.03,219790,524736,90503,False
Kilpennathur,MURUGAN.M,Independent,47,0,47,0.02,219790,524736,90503,False
Kilpennathur,ATHIYAMAAN.M,Independent,44,1,45,0.02,219790,524736,90503,False
Kilpennathur,RAMACHANDRAN.K,Independent,33,0,33,0.02,219790,524736,90503,False
Kilpennathur,RAMACHANDIRAN.R,Independent,27,0,27,0.01,219790,524736,90503,False
Kilvaithinankuppam,THENRAL KUMAR. E,Tamilaga Vettri Kazhagam,73649,656,74305,39.13,189892,17226030,74305,True
Kilvaithinankuppam,JEGAN MOORTHY. M,All India Anna Dravida Munnetra Kazhagam,53465,585,54050,28.46,189892,10462146,74305,False
Kilvaithinankuppam,DR. RAJESWARI. R,Dravida Munnetra Kazhagam,53216,682,53898,28.38,189892,11928996,74305,False
Kilvaithinankuppam,KALAIYENTHIRI. R,Naam Tamilar Katchi,5088,95,5183,2.73,189892,1972520,74305,False
Kilvaithinankuppam,NOTA,None of the Above,959,13,972,0.51,189892,199800,74305,False
Kilvaithinankuppam,ANANDALAI THANGARAJ. M,All India Puratchi Thalaivar Makkal Munnettra Kazhagam,477,5,482,0.25,189892,133479,74305,False
Kilvaithinankuppam,JAYASHANKAR. J,Independent,227,0,227,0.12,189892,524736,74305,False
Kilvaithinankuppam,RAJA. M,Tamizhaga Vaazhvurimai Katchi,200,2,202,0.11,189892,74809,74305,False
Kilvaithinankuppam,SATHISH. A,Independent,156,1,157,0.08,189892,524736,74305,False
Kilvaithinankuppam,JAYA BHARATH. J,Independent,156,1,157,0.08,189892,524736,74305,False
Kilvaithinankuppam,MURUGAN. K.P,Independent,143,3,146,0.08,189892,524736,74305,False
Kilvaithinankuppam,KUMARESAN. L,Independent,107,6,113,0.06,189892,524736,74305,False
Kilvelur,LATHA. T,Communist Party of India (Marxist),55409,699,56108,37.0,151637,293817,56108,True
Kilvelur,SENTHIL PANDIAN. P,Tamilaga Vettri Kazhagam,53333,497,53830,35.5,151637,17226030,56108,False
Kilvelur,VADIVEL RAVANAN. S,Pattali Makkal Katchi,31322,353,31675,20.89,151637,1070745,56108,False
Kilvelur,KARTHIKA. M,Naam Tamilar Katchi,7942,127,8069,5.32,151637,1972520,56108,False
Kilvelur,SURENTHAR. K,Puthiya Tamilagam,558,5,563,0.37,151637,93652,56108,False
Kilvelur,NOTA,None of the Above,537,8,545,0.36,151637,199800,56108,False
Kilvelur,VEDHA MUKUNDHAN,Aanaithinthiya Jananayaka Pathukappu Kazhagam,435,2,437,0.29,151637,22964,56108,False
Kilvelur,JAIVISHNUDEVI. M,Independent,405,5,410,0.27,151637,524736,56108,False
Kinathukadavu,VIGNESH K,Tamilaga Vettri Kazhagam,99661,289,99950,37.31,267917,17226030,99950,True
Kinathukadavu,SABARI KARTHIKEYAN K.V.K.S,Dravida Munnetra Kazhagam,87547,693,88240,32.94,267917,11928996,99950,False
Kinathukadavu,DAMODARAN S,All India Anna Dravida Munnetra Kazhagam,67333,456,67789,25.3,267917,10462146,99950,False
Kinathukadavu,BANUPRIYA M,Naam Tamilar Katchi,9614,53,9667,3.61,267917,1972520,99950,False
Kinathukadavu,NOTA,None of the Above,1703,14,1717,0.64,267917,199800,99950,False
Kinathukadavu,MARIYAPPAN R,Ganasangam Party of India,548,6,554,0.21,267917,3235,99950,False
Kolathur,V. S. BABU,Tamilaga Vettri Kazhagam,82614,383,82997,45.09,184051,17226030,82997,True
Kolathur,M. K. STALIN,Dravida Munnetra Kazhagam,73220,982,74202,40.32,184051,11928996,82997,False
Kolathur,P. SANTHANA KRISHNAN,All India Anna Dravida Munnetra Kazhagam,18215,215,18430,10.01,184051,10462146,82997,False
Kolathur,SOUNDARA PANDIAN LUDER SETH,Naam Tamilar Katchi,5012,34,5046,2.74,184051,1972520,82997,False
Kolathur,NOTA,None of the Above,882,10,892,0.48,184051,199800,82997,False
Kolathur,S.Y. SYED YUSUF,Republican Party of India (Athawale),476,8,484,0.26,184051,11047,82997,False
Kolathur,SUBASHINI,Bahujan Samaj Party,226,10,236,0.13,184051,53369,82997,False
Kolathur,AATHITHYA,Samata Party,180,1,181,0.1,184051,712,82997,False
Kolathur,R. RAJ GURU,Independent,152,1,153,0.08,184051,524736,82997,False
Kolathur,R. SENTHIL KUMAR,Independent,123,2,125,0.07,184051,524736,82997,False
Kolathur,SELVI STEFFI. V. M,Independent,120,2,122,0.07,184051,524736,82997,False
Kolathur,OORMILA,Tamizhaga Vaazhvurimai Katchi,104,1,105,0.06,184051,74809,82997,False
Kolathur,J. SURIYA MUTHU,Independent,83,1,84,0.05,184051,524736,82997,False
Kolathur,NANDA KUMAR,Independent,79,0,79,0.04,184051,524736,82997,False
Kolathur,A. L. NARESH KUMAR,Independent,74,0,74,0.04,184051,524736,82997,False
Kolathur,M. RAJESHKUMAR,Independent,72,1,73,0.04,184051,524736,82997,False
Kolathur,R. MAHESH,Independent,64,0,64,0.03,184051,524736,82997,False
Kolathur,M. POORNIMA,Independent,55,1,56,0.03,184051,524736,82997,False
Kolathur,P. MILANY,Independent,56,0,56,0.03,184051,524736,82997,False
Kolathur,ARUL DOSS. A.,Independent,53,2,55,0.03,184051,524736,82997,False
Kolathur,VIGIRDHAN,Independent,53,0,53,0.03,184051,524736,82997,False
Kolathur,V. NARESH BABU,Independent,52,0,52,0.03,184051,524736,82997,False
Kolathur,K. PANNEER SELVAM,Independent,50,0,50,0.03,184051,524736,82997,False
Kolathur,E. RAAMADASAN,Makkal Nalvaazhvuk Katchi,49,0,49,0.03,184051,461,82997,False
Kolathur,KAJA MAIDEEN,Independent,43,0,43,0.02,184051,524736,82997,False
Kolathur,S. SHARAN,Independent,34,1,35,0.02,184051,524736,82997,False
Kolathur,R. RAVIKUMAR,Independent,33,1,34,0.02,184051,524736,82997,False
Kolathur,M. SURESH,Independent,33,0,33,0.02,184051,524736,82997,False
Kolathur,V. A. SUDHAKAR,Independent,31,0,31,0.02,184051,524736,82997,False
Kolathur,RAJA. G.,Independent,28,0,28,0.02,184051,524736,82997,False
Kolathur,SIVAGNANASAM,Desiya Makkal Sakthi Katchi,25,1,26,0.01,184051,2279,82997,False
Kolathur,K. ELUMALAI,Veerath Thiyagi Viswanathadoss Thozhilalarkal Katchi,24,0,24,0.01,184051,5624,82997,False
Kolathur,A. RAJI,Independent,22,1,23,0.01,184051,524736,82997,False
Kolathur,FARMER JAYARAMAN. S K J.,Independent,22,0,22,0.01,184051,524736,82997,False
Kolathur,R. BALAJI,Independent,21,0,21,0.01,184051,524736,82997,False
Kolathur,S. BALACHANDAR,Independent,13,0,13,0.01,184051,524736,82997,False
Kovilpatti,KARUNANITHI.K,Dravida Munnetra Kazhagam,60803,840,61643,31.74,194232,11928996,61643,True
Kovilpatti,BALASUBRAMANIAN.S,Tamilaga Vettri Kazhagam,60142,658,60800,31.3,194232,17226030,61643,False
Kovilpatti,KADAMBUR RAJU.C,All India Anna Dravida Munnetra Kazhagam,52393,621,53014,27.29,194232,10462146,61643,False
Kovilpatti,PANDI.P,Naam Tamilar Katchi,11691,228,11919,6.14,194232,1972520,61643,False
Kovilpatti,ATHIKUMAR KUDUMBAR.B,Independent,2932,60,2992,1.54,194232,524736,61643,False
Kovilpatti,NOTA,None of the Above,574,19,593,0.31,194232,199800,61643,False
Kovilpatti,KANNAN.S,All India Puratchi Thalaivar Makkal Munnettra Kazhagam,437,9,446,0.23,194232,133479,61643,False
Kovilpatti,POUNDURAI.K,Independent,398,0,398,0.2,194232,524736,61643,False
Kovilpatti,PREMKUMAR.K,Independent,376,2,378,0.19,194232,524736,61643,False
Kovilpatti,PANDIMUNEESWARI.K,Independent,366,1,367,0.19,194232,524736,61643,False
Kovilpatti,SARAVANAN.S,Thamizh Perarasu Katchi,353,3,356,0.18,194232,505,61643,False
Kovilpatti,PARAMASIVAN.S,Independent,275,0,275,0.14,194232,524736,61643,False
Kovilpatti,RAMACHANDRAN.R,Bahujan Samaj Party,186,8,194,0.1,194232,53369,61643,False
Kovilpatti,SEKAR.C,Independent,176,1,177,0.09,194232,524736,61643,False
Kovilpatti,HARI BALAKRISHNAN.G,Puthiya Makkal Tamil Desam Katchi,139,0,139,0.07,194232,2651,61643,False
Kovilpatti,GURUSAMY.K,Independent,103,1,104,0.05,194232,524736,61643,False
Kovilpatti,CHINNA MAHARAJA.K,Independent,94,0,94,0.05,194232,524736,61643,False
Kovilpatti,RENGANAYAGALU.S,Independent,90,0,90,0.05,194232,524736,61643,False
Kovilpatti,PONNUSAMY.M,Independent,77,0,77,0.04,194232,524736,61643,False
Kovilpatti,MUNEESWARAN.R,Independent,69,0,69,0.04,194232,524736,61643,False
Kovilpatti,GUNASEKARAN.P,Independent,50,5,55,0.03,194232,524736,61643,False
Kovilpatti,ARUMUGAVEL.T,Naam Indiar Party,50,2,52,0.03,194232,4474,61643,False
Krishnagiri,MUKUNDHAN.P,Tamilaga Vettri Kazhagam,88252,1122,89374,38.83,230181,17226030,89374,True
Krishnagiri,ASHOKKUMAR.K,All India Anna Dravida Munnetra Kazhagam,69487,1043,70530,30.64,230181,10462146,89374,False
Krishnagiri,CHELLAKUMAR.A,Indian National Congress,58552,1045,59597,25.89,230181,1661312,89374,False
Krishnagiri,SUGANTHI,Naam Tamilar Katchi,6223,175,6398,2.78,230181,1972520,89374,False
Krishnagiri,NOTA,None of the Above,1094,42,1136,0.49,230181,199800,89374,False
Krishnagiri,SIVAKUMAR.S,Bahujan Samaj Party,594,14,608,0.26,230181,53369,89374,False
Krishnagiri,SINGARAVELAN VISWANATHAN,Vishwa Tamil Kazhagam,530,5,535,0.23,230181,3576,89374,False
Krishnagiri,MUTHULAKSHMI VEERAPPAN,Tamizhaga Vaazhvurimai Katchi,352,14,366,0.16,230181,74809,89374,False
Krishnagiri,MANGAMMAL,Tamilar Makkal Katchi,335,1,336,0.15,230181,2056,89374,False
Krishnagiri,SIVAN.C,Independent,281,4,285,0.12,230181,524736,89374,False
Krishnagiri,SRINIVASAN.K,Independent,230,1,231,0.1,230181,524736,89374,False
Krishnagiri,VENKATESHRAJA.E,Independent,168,0,168,0.07,230181,524736,89374,False
Krishnagiri,ADVOCATE.MUTHAIAH.S.,Thakkam Katchi,146,13,159,0.07,230181,2416,89374,False
Krishnagiri,KUMARESAN.M,Independent,151,3,154,0.07,230181,524736,89374,False
Krishnagiri,CHANDRAMOHAN.K.M.,Independent,151,3,154,0.07,230181,524736,89374,False
Krishnagiri,NANJUNDAN.M,Independent,149,1,150,0.07,230181,524736,89374,False
Krishnarayapuram,SATHYA. M,Tamilaga Vettri Kazhagam,61989,389,62378,32.94,189357,17226030,62378,True
Krishnarayapuram,DR. DHIVYA. S,All India Anna Dravida Munnetra Kazhagam,58372,503,58875,31.09,189357,10462146,62378,False
Krishnarayapuram,RAJA. C.K,Dravida Munnetra Kazhagam,56628,664,57292,30.26,189357,11928996,62378,False
Krishnarayapuram,SATHIYA. V,Naam Tamilar Katchi,6018,84,6102,3.22,189357,1972520,62378,False
Krishnarayapuram,NOTA,None of the Above,517,8,525,0.28,189357,199800,62378,False
Krishnarayapuram,PARAMESWARAN. M,Independent,376,0,376,0.2,189357,524736,62378,False
Krishnarayapuram,GOMATHI. M,Bahujan Samaj Party,305,1,306,0.16,189357,53369,62378,False
Krishnarayapuram,SASIKUMAR. M,Independent,305,1,306,0.16,189357,524736,62378,False
Krishnarayapuram,MANICKAVEL. R,Independent,266,1,267,0.14,189357,524736,62378,False
Krishnarayapuram,NAVEENTH. M,Independent,256,1,257,0.14,189357,524736,62378,False
Krishnarayapuram,BALSAMY. B,Naadaalum Makkal Katchi,227,3,230,0.12,189357,9715,62378,False
Krishnarayapuram,PRASANTH. D,Independent,228,0,228,0.12,189357,524736,62378,False
Krishnarayapuram,SAKTHIVEL. A,Independent,225,1,226,0.12,189357,524736,62378,False
Krishnarayapuram,SENTHIL. P.M,Independent,209,3,212,0.11,189357,524736,62378,False
Krishnarayapuram,SELVAKUMAR. S,Independent,204,1,205,0.11,189357,524736,62378,False
Krishnarayapuram,GANESAN. P,Independent,172,0,172,0.09,189357,524736,62378,False
Krishnarayapuram,CHELLADURAI. M,Independent,171,0,171,0.09,189357,524736,62378,False
Krishnarayapuram,SARAVANAN. V,Tamizhaga Vaazhvurimai Katchi,167,0,167,0.09,189357,74809,62378,False
Krishnarayapuram,MURUGAN. S,Independent,165,0,165,0.09,189357,524736,62378,False
Krishnarayapuram,DINESH KUMAR.A,Independent,123,0,123,0.06,189357,524736,62378,False
Krishnarayapuram,VIMALRAJ. S,Independent,121,0,121,0.06,189357,524736,62378,False
Krishnarayapuram,SOUNDRAPANDIAN. S,Ganasangam Party of India,116,2,118,0.06,189357,3235,62378,False
Krishnarayapuram,DINESH KUMAR. N,Independent,116,0,116,0.06,189357,524736,62378,False
Krishnarayapuram,MURUGANANDHAM. P.K,Independent,92,0,92,0.05,189357,524736,62378,False
Krishnarayapuram,RAJAGURU.M,Samaniya Makkal Nala Katchi,79,0,79,0.04,189357,5144,62378,False
Krishnarayapuram,BABY. P,Independent,70,1,71,0.04,189357,524736,62378,False
Krishnarayapuram,INDRAGANDHI. P,Independent,68,0,68,0.04,189357,524736,62378,False
Krishnarayapuram,MAHAMUNI. A,Independent,63,1,64,0.03,189357,524736,62378,False
Krishnarayapuram,PORSELVAN. B.S,Independent,45,0,45,0.02,189357,524736,62378,False
Kulithalai,SURIYANUR. A. CHANDRAN,Dravida Munnetra Kazhagam,67204,934,68138,32.59,209091,11928996,68138,True
Kulithalai,G.BALASUBRAMANI,Tamilaga Vettri Kazhagam,67162,397,67559,32.31,209091,17226030,68138,False
Kulithalai,S.KARUNAKARAN,All India Anna Dravida Munnetra Kazhagam,59791,526,60317,28.85,209091,10462146,68138,False
Kulithalai,SELVA.NANMAARAN,Naam Tamilar Katchi,7870,108,7978,3.82,209091,1972520,68138,False
Kulithalai,NOTA,None of the Above,602,10,612,0.29,209091,199800,68138,False
Kulithalai,S.SENTHILKUMAR,Independent,606,1,607,0.29,209091,524736,68138,False
Kulithalai,V.CHINNASAMY,Independent,487,1,488,0.23,209091,524736,68138,False
Kulithalai,P.SELVAKUMAR,Independent,452,0,452,0.22,209091,524736,68138,False
Kulithalai,D.SARAVANAN,Independent,380,1,381,0.18,209091,524736,68138,False
Kulithalai,P.MURUGAN,Ganasangam Party of India,328,2,330,0.16,209091,3235,68138,False
Kulithalai,K.SHEIKANWARDEEN,Independent,302,0,302,0.14,209091,524736,68138,False
Kulithalai,T.SELVARAJ,Independent,217,0,217,0.1,209091,524736,68138,False
Kulithalai,J.SANTHOSH KUMAR,Independent,206,0,206,0.1,209091,524736,68138,False
Kulithalai,K.HAKKIM,Independent,182,0,182,0.09,209091,524736,68138,False
Kulithalai,B.SAMPATHKUMAR,Independent,160,2,162,0.08,209091,524736,68138,False
Kulithalai,CHANDRASEKAR.P,Independent,132,1,133,0.06,209091,524736,68138,False
Kulithalai,M.VADIVELAN,Independent,117,0,117,0.06,209091,524736,68138,False
Kulithalai,M.ARUNKUMAR,Independent,113,0,113,0.05,209091,524736,68138,False
Kulithalai,O.KATHALINGAM,Independent,95,0,95,0.05,209091,524736,68138,False
Kulithalai,M.GAYATHIRI,Independent,82,2,84,0.04,209091,524736,68138,False
Kulithalai,B.KAJAHMOHIDEEN,Independent,79,4,83,0.04,209091,524736,68138,False
Kulithalai,T.MURUGANANTHAM,Independent,82,0,82,0.04,209091,524736,68138,False
Kulithalai,K.VEERAMALAI,Independent,79,0,79,0.04,209091,524736,68138,False
Kulithalai,S.IMRANKHAN,Independent,67,1,68,0.03,209091,524736,68138,False
Kulithalai,M.TAMILSELVAN,Independent,66,1,67,0.03,209091,524736,68138,False
Kulithalai,N.RAMAKRISHNAN,Independent,63,0,63,0.03,209091,524736,68138,False
Kulithalai,R.ARUNKUMAR,Independent,53,0,53,0.03,209091,524736,68138,False
Kulithalai,M.MAYILVAGANAN,Independent,46,0,46,0.02,209091,524736,68138,False
Kulithalai,J.MADHAVAN,Independent,41,0,41,0.02,209091,524736,68138,False
Kulithalai,J.PRADHAP,Independent,35,1,36,0.02,209091,524736,68138,False
Kumarapalayam,C.VIJAYALAKSHMI,Tamilaga Vettri Kazhagam,80874,305,81179,39.54,205324,17226030,81179,True
Kumarapalayam,P.THANGAMANI,All India Anna Dravida Munnetra Kazhagam,72783,700,73483,35.79,205324,10462146,81179,False
Kumarapalayam,S.BALU,Dravida Munnetra Kazhagam,39520,473,39993,19.48,205324,11928996,81179,False
Kumarapalayam,UVARANI SURESH,Naam Tamilar Katchi,7611,52,7663,3.73,205324,1972520,81179,False
Kumarapalayam,NOTA,None of the Above,658,7,665,0.32,205324,199800,81179,False
Kumarapalayam,SELVARAJ,Independent,437,0,437,0.21,205324,524736,81179,False
Kumarapalayam,K. PALANIVEL,Independent,326,0,326,0.16,205324,524736,81179,False
Kumarapalayam,PANNERSELVAM,Anaithinthiya Anna Dravida Makkal Seyal katchi,233,0,233,0.11,205324,1462,81179,False
Kumarapalayam,A.MURUGANANDHAN,Independent,184,1,185,0.09,205324,524736,81179,False
Kumarapalayam,P.SENTHILKUMAR,Independent,183,1,184,0.09,205324,524736,81179,False
Kumarapalayam,J KARTHI,Vishwa Tamil Kazhagam,142,0,142,0.07,205324,3576,81179,False
Kumarapalayam,AMIRTHALINGAM,Independent,127,1,128,0.06,205324,524736,81179,False
Kumarapalayam,KARTHI,Independent,116,4,120,0.06,205324,524736,81179,False
Kumarapalayam,R.KUMARESAN,Independent,96,1,97,0.05,205324,524736,81179,False
Kumarapalayam,S JAYAVEL,Independent,75,0,75,0.04,205324,524736,81179,False
Kumarapalayam,G. SAMUELRAJ,Independent,71,1,72,0.04,205324,524736,81179,False
Kumarapalayam,PALANISAMY,Samaniya Makkal Nala Katchi,71,0,71,0.03,205324,5144,81179,False
Kumarapalayam,SIVARAJ,Independent,68,0,68,0.03,205324,524736,81179,False
Kumarapalayam,R.RAJA,Independent,65,0,65,0.03,205324,524736,81179,False
Kumarapalayam,SARAVANAN,Independent,56,0,56,0.03,205324,524736,81179,False
Kumarapalayam,GOPALAKRISHNAN,Independent,52,0,52,0.03,205324,524736,81179,False
Kumarapalayam,VENKATACHALAM,Independent,30,0,30,0.01,205324,524736,81179,False
Kumbakonam,VINOTH,Tamilaga Vettri Kazhagam,78255,395,78650,37.76,208288,17226030,78650,True
Kumbakonam,ANBALAGAN G,Dravida Munnetra Kazhagam,76932,1039,77971,37.43,208288,11928996,78650,False
Kumbakonam,ASHOKKUMAR R,Bharatiya Janata Party,39558,545,40103,19.25,208288,1466979,78650,False
Kumbakonam,ANANDH M,Naam Tamilar Katchi,7611,99,7710,3.7,208288,1972520,78650,False
Kumbakonam,STALIN MA KA,Independent,1392,13,1405,0.67,208288,524736,78650,False
Kumbakonam,NOTA,None of the Above,941,19,960,0.46,208288,199800,78650,False
Kumbakonam,SRINIVASAN V,Independent,380,4,384,0.18,208288,524736,78650,False
Kumbakonam,ARIVAZHAGAN K,Independent,235,6,241,0.12,208288,524736,78650,False
Kumbakonam,SUNDAR G,Thamizh Desiya Munnetra Kazhagam,232,1,233,0.11,208288,1109,78650,False
Kumbakonam,AROKIYARAJ V,Tamizhaga Vaazhvurimai Katchi,196,0,196,0.09,208288,74809,78650,False
Kumbakonam,VIJAYAKUMAR C,Independent,170,3,173,0.08,208288,524736,78650,False
Kumbakonam,KARTHI G,Independent,89,1,90,0.04,208288,524736,78650,False
Kumbakonam,RAMAMOORTHI R,Independent,89,0,89,0.04,208288,524736,78650,False
Kumbakonam,SENTHAMILSELVI S,Independent,77,6,83,0.04,208288,524736,78650,False
Kunnam,SIVASANKAR. S.S,Dravida Munnetra Kazhagam,85785,1452,87237,37.84,230570,11928996,87237,True
Kunnam,SARANYA. A,All India Anna Dravida Munnetra Kazhagam,70712,968,71680,31.09,230570,10462146,87237,False
Kunnam,REVATHI MUTHAMILSELVAN,Tamilaga Vettri Kazhagam,58685,485,59170,25.66,230570,17226030,87237,False
Kunnam,KEERTHIVASAN. R,Naam Tamilar Katchi,7356,126,7482,3.25,230570,1972520,87237,False
Kunnam,THANASEKAR. R,Independent,677,0,677,0.29,230570,524736,87237,False
Kunnam,ELANGOVAN. K,Naadaalum Makkal Katchi,546,0,546,0.24,230570,9715,87237,False
Kunnam,SHAJAHAN,Independent,541,0,541,0.23,230570,524736,87237,False
Kunnam,NALLATHAMBI. P,Independent,507,0,507,0.22,230570,524736,87237,False
Kunnam,NOTA,None of the Above,473,11,484,0.21,230570,199800,87237,False
Kunnam,VINOTHKUMAR. M,Independent,420,1,421,0.18,230570,524736,87237,False
Kunnam,NALLUSAMY. K.M,Bahujan Samaj Party,405,4,409,0.18,230570,53369,87237,False
Kunnam,MUTHAMILSELVAN. D,Independent,268,0,268,0.12,230570,524736,87237,False
Kunnam,UDHAYASURIYAN. T,Independent,210,0,210,0.09,230570,524736,87237,False
Kunnam,RAJA. S.P,Tamizhaga Vaazhvurimai Katchi,184,5,189,0.08,230570,74809,87237,False
Kunnam,SIVASANKARAN. P,Independent,172,0,172,0.07,230570,524736,87237,False
Kunnam,ANBUTHAMIZHAN. T,Thamizh Perarasu Katchi,148,1,149,0.06,230570,505,87237,False
Kunnam,VIVEK. T,Independent,138,6,144,0.06,230570,524736,87237,False
Kunnam,SAMINATHAN. C,Independent,137,0,137,0.06,230570,524736,87237,False
Kunnam,CHANDRASEKAR. P,Independent,84,1,85,0.04,230570,524736,87237,False
Kunnam,KATHIRAVAN. A.C,Independent,62,0,62,0.03,230570,524736,87237,False
Kurinjipadi,M.R.K.PANNEERSELVAM,Dravida Munnetra Kazhagam,75778,917,76695,35.84,213965,11928996,76695,True
Kurinjipadi,A BHUVANENTHIRAN,All India Anna Dravida Munnetra Kazhagam,68444,662,69106,32.3,213965,10462146,76695,False
Kurinjipadi,RAJKUMAR D,Tamilaga Vettri Kazhagam,52623,487,53110,24.82,213965,17226030,76695,False
Kurinjipadi,T KANNAN,Tamizhaga Vaazhvurimai Katchi,7065,48,7113,3.32,213965,74809,76695,False
Kurinjipadi,KAVITHA RENGANATHAN,Naam Tamilar Katchi,4744,69,4813,2.25,213965,1972520,76695,False
Kurinjipadi,ARUMUGAM R,Independent,928,0,928,0.43,213965,524736,76695,False
Kurinjipadi,NOTA,None of the Above,609,20,629,0.29,213965,199800,76695,False
Kurinjipadi,MANIMALA R,Independent,456,2,458,0.21,213965,524736,76695,False
Kurinjipadi,R SRINIVASAN,Tamil Telugu National Party,319,4,323,0.15,213965,642,76695,False
Kurinjipadi,M KANAGARAJ,Bahujan Samaj Party,269,4,273,0.13,213965,53369,76695,False
Kurinjipadi,DHANAKESAVAMOORTHY A.C.T,Independent,265,0,265,0.12,213965,524736,76695,False
Kurinjipadi,MUTHAZHAGAN N,Independent,252,0,252,0.12,213965,524736,76695,False
Lalgudi,LEEMAROSE MARTIN,All India Anna Dravida Munnetra Kazhagam,60329,466,60795,32.82,185213,10462146,60795,True
Lalgudi,KU PA KRISHNAN,Tamilaga Vettri Kazhagam,57595,461,58056,31.35,185213,17226030,60795,False
Lalgudi,T. PARIVALLAL,Dravida Munnetra Kazhagam,54796,769,55565,30.0,185213,11928996,60795,False
Lalgudi,N. MADHAN,Naam Tamilar Katchi,6907,85,6992,3.78,185213,1972520,60795,False
Lalgudi,R. DINESHKUMAR,Independent,401,2,403,0.22,185213,524736,60795,False
Lalgudi,K. IMMACULATE MARY,Samaniya Makkal Nala Katchi,398,1,399,0.22,185213,5144,60795,False
Lalgudi,NOTA,None of the Above,384,6,390,0.21,185213,199800,60795,False
Lalgudi,PRATHEEBA,Bahujan Samaj Party,346,2,348,0.19,185213,53369,60795,False
Lalgudi,R. PONSILAMBU,Independent,335,5,340,0.18,185213,524736,60795,False
Lalgudi,DHANAMOORTHY .R,Independent,219,1,220,0.12,185213,524736,60795,False
Lalgudi,JOSEPHIN,All India Puratchi Thalaivar Makkal Munnettra Kazhagam,190,2,192,0.1,185213,133479,60795,False
Lalgudi,E. YESUDOSS,Tamilaga Makkal Nala Katchi,182,1,183,0.1,185213,1555,60795,False
Lalgudi,V. MUTHUSAMY,Independent,170,0,170,0.09,185213,524736,60795,False
Lalgudi,JINNAH JAKEER HUSSAIN,Independent,138,1,139,0.08,185213,524736,60795,False
Lalgudi,P. SARAVANAN,Tamizhaga Vaazhvurimai Katchi,135,0,135,0.07,185213,74809,60795,False
Lalgudi,P. ELANCHEZHIYAN,Puthiya Tamilagam,130,1,131,0.07,185213,93652,60795,False
Lalgudi,K. SENTHILKUMAR,Independent,129,1,130,0.07,185213,524736,60795,False
Lalgudi,M. RAMESHKUMAR,Independent,119,1,120,0.06,185213,524736,60795,False
Lalgudi,MANSOOR ALIKHAN,Independent,98,3,101,0.05,185213,524736,60795,False
Lalgudi,K. DHARMARAJ,Independent,85,1,86,0.05,185213,524736,60795,False
Lalgudi,A. JEGAN SALAMONDOSS,Independent,72,0,72,0.04,185213,524736,60795,False
Lalgudi,A. AMALAN SAVARIMUTHU,Independent,67,1,68,0.04,185213,524736,60795,False
Lalgudi,M. KRISHNAN,Independent,66,0,66,0.04,185213,524736,60795,False
Lalgudi,MOHAMED ABUBAKKAR SIDDIQ,Independent,60,0,60,0.03,185213,524736,60795,False
Lalgudi,R. TAMILARASAN,Independent,49,3,52,0.03,185213,524736,60795,False
Madathukulam,R JAYARAMAKRISHNAN,Dravida Munnetra Kazhagam,69595,863,70458,37.43,188249,11928996,70458,True
Madathukulam,C SHANMUGAVELU,Amma Makkal Munnettra Kazagam,53982,508,54490,28.95,188249,425345,70458,False
Madathukulam,R THIRUMALAI,Tamilaga Vettri Kazhagam,52419,265,52684,27.99,188249,17226030,70458,False
Madathukulam,M RADHAMANI,Naam Tamilar Katchi,6497,81,6578,3.49,188249,1972520,70458,False
Madathukulam,NOTA,None of the Above,897,14,911,0.48,188249,199800,70458,False
Madathukulam,K VADIVAZHAGAN BALAJI,Independent,662,2,664,0.35,188249,524736,70458,False
Madathukulam,AK SENTHILKUMAR,Puthiya Tamilagam,615,6,621,0.33,188249,93652,70458,False
Madathukulam,SP MAHENDRAN,Independent,464,0,464,0.25,188249,524736,70458,False
Madathukulam,M SHANUGAVEL,Independent,395,2,397,0.21,188249,524736,70458,False
Madathukulam,S SHANMUGAVEL,Independent,297,4,301,0.16,188249,524736,70458,False
Madathukulam,P THANGARAJ,Independent,263,0,263,0.14,188249,524736,70458,False
Madathukulam,M AHAMED ALI,Independent,206,0,206,0.11,188249,524736,70458,False
Madathukulam,A SHANMUGAVEL,Independent,119,1,120,0.06,188249,524736,70458,False
Madathukulam,K SHANMUGAVEL,Independent,92,0,92,0.05,188249,524736,70458,False
Madavaram,M.L.VIJAYPRABHU,Tamilaga Vettri Kazhagam,189784,678,190462,52.61,361998,17226030,190462,True
Madavaram,S.SUDHARSANAM,Dravida Munnetra Kazhagam,94782,695,95477,26.38,361998,11928996,190462,False
Madavaram,MADHAVARAM V.MOORTHY,All India Anna Dravida Munnetra Kazhagam,58914,376,59290,16.38,361998,10462146,190462,False
Madavaram,E.KRITHIKA,Naam Tamilar Katchi,12563,74,12637,3.49,361998,1972520,190462,False
Madavaram,NOTA,None of the Above,1383,11,1394,0.39,361998,199800,190462,False
Madavaram,I.RAFFIK,Naadaalum Makkal Katchi,675,1,676,0.19,361998,9715,190462,False
Madavaram,N.JANAKIRAMAN,Bahujan Samaj Party,530,7,537,0.15,361998,53369,190462,False
Madavaram,R.KARTHIKEYAN,Tamizhaga Vaazhvurimai Katchi,231,1,232,0.06,361998,74809,190462,False
Madavaram,S.SIVAKUMAR,Independent,198,0,198,0.05,361998,524736,190462,False
Madavaram,G.PRABU,Independent,190,1,191,0.05,361998,524736,190462,False
Madavaram,V.MURTHY,Independent,188,0,188,0.05,361998,524736,190462,False
Madavaram,A.NAGARAJAN,Independent,173,4,177,0.05,361998,524736,190462,False
Madavaram,SUDARSANAM,Independent,155,2,157,0.04,361998,524736,190462,False
Madavaram,C.MOORTHY,Independent,154,0,154,0.04,361998,524736,190462,False
Madavaram,A.PONNALAGAN,Independent,128,1,129,0.04,361998,524736,190462,False
Madavaram,R.S.BALAJI,Independent,98,1,99,0.03,361998,524736,190462,False
Madurai Central,MADHAR BADHURUDEEN,Tamilaga Vettri Kazhagam,63106,308,63414,42.68,148586,17226030,63414,True
Madurai Central,PALANIVEL THIAGA RAJAN,Dravida Munnetra Kazhagam,43834,452,44286,29.8,148586,11928996,63414,False
Madurai Central,SUNDAR C,All India Anna Dravida Munnetra Kazhagam,33298,240,33538,22.57,148586,10462146,63414,False
Madurai Central,ABDUL HAKEEM K,Naam Tamilar Katchi,5486,63,5549,3.73,148586,1972520,63414,False
Madurai Central,NOTA,None of the Above,644,12,656,0.44,148586,199800,63414,False
Madurai Central,SAKKARAVARTHY P,All India Puratchi Thalaivar Makkal Munnettra Kazhagam,310,3,313,0.21,148586,133479,63414,False
Madurai Central,RAMAR PANDI T,Bahujan Samaj Party,263,5,268,0.18,148586,53369,63414,False
Madurai Central,AVADAINATHAN V,Independent,145,0,145,0.1,148586,524736,63414,False
Madurai Central,SALEEM,Independent,104,1,105,0.07,148586,524736,63414,False
Madurai Central,RAJENDRAN R,Independent,91,1,92,0.06,148586,524736,63414,False
Madurai Central,MANIVANNAN,Independent,83,0,83,0.06,148586,524736,63414,False
Madurai Central,GURU KARTHICK T,Independent,72,0,72,0.05,148586,524736,63414,False
Madurai Central,SIVAPERUMAL V,Independent,64,1,65,0.04,148586,524736,63414,False
Madurai East,KARTHIKEYAN S,Tamilaga Vettri Kazhagam,117714,1063,118777,43.74,271566,17226030,118777,True
Madurai East,MOORTHY P,Dravida Munnetra Kazhagam,100856,1374,102230,37.64,271566,11928996,118777,False
Madurai East,MAHENDRAN K,All India Anna Dravida Munnetra Kazhagam,30511,505,31016,11.42,271566,10462146,118777,False
Madurai East,SELVAM K,Naam Tamilar Katchi,13446,183,13629,5.02,271566,1972520,118777,False
Madurai East,PRINCE S,Republican Party of India (Athawale),1543,48,1591,0.59,271566,11047,118777,False
Madurai East,NOTA,None of the Above,1146,31,1177,0.43,271566,199800,118777,False
Madurai East,KARTHIKEYAN G,Independent,730,20,750,0.28,271566,524736,118777,False
Madurai East,BHARATHIRAJA A,Puthiya Tamilagam,580,14,594,0.22,271566,93652,118777,False
Madurai East,MUGESHKUMAR M,Independent,560,1,561,0.21,271566,524736,118777,False
Madurai East,PITCHAI V,Independent,240,0,240,0.09,271566,524736,118777,False
Madurai East,ARUN PANDIAN A J,Independent,217,0,217,0.08,271566,524736,118777,False
Madurai East,ARASU S,Independent,194,2,196,0.07,271566,524736,118777,False
Madurai East,AJAY KANNAN A,Independent,163,0,163,0.06,271566,524736,118777,False
Madurai East,BOOMIRAJAN K,Tamizhaga Vaazhvurimai Katchi,153,6,159,0.06,271566,74809,118777,False
Madurai East,VELLADURAI A,Independent,145,0,145,0.05,271566,524736,118777,False
Madurai East,CHANDRA MOULISWARAN A,Independent,114,7,121,0.04,271566,524736,118777,False
Madurai North,A.KALLANAI,Tamilaga Vettri Kazhagam,72121,732,72853,45.03,161801,17226030,72853,True
Madurai North,G.THALAPATHI,Dravida Munnetra Kazhagam,54088,727,54815,33.88,161801,11928996,72853,False
Madurai North,P.SARAVANAN,All India Anna Dravida Munnetra Kazhagam,24557,425,24982,15.44,161801,10462146,72853,False
Madurai North,V THIRUNAVUKKARASU,Naam Tamilar Katchi,7281,134,7415,4.58,161801,1972520,72853,False
Madurai North,NOTA,None of the Above,732,21,753,0.47,161801,199800,72853,False
Madurai North,D.MOHAMED ISMAIL,Independent,161,3,164,0.1,161801,524736,72853,False
Madurai North,R RAJKUMAR,Naam Indiar Party,135,3,138,0.09,161801,4474,72853,False
Madurai North,A.RAJANGAM,Independent,133,2,135,0.08,161801,524736,72853,False
Madurai North,M J VOLTAIRE,Socialist Unity Centre Of India (COMMUNIST),120,2,122,0.08,161801,642,72853,False
Madurai North,M.P.SANKARAPANDI,Independent,122,0,122,0.08,161801,524736,72853,False
Madurai North,P MUTHUSAMY,Independent,101,0,101,0.06,161801,524736,72853,False
Madurai North,C.SATHISHKUMAR,Independent,92,2,94,0.06,161801,524736,72853,False
Madurai North,J.KESAVARAJAH,Independent,82,0,82,0.05,161801,524736,72853,False
Madurai North,N.KUPPUSAMY,Independent,25,0,25,0.02,161801,524736,72853,False
Madurai South,M.M.GOPISON,Tamilaga Vettri Kazhagam,62162,253,62415,44.11,141503,17226030,62415,True
Madurai South,M.BOOMINATHAN,Dravida Munnetra Kazhagam,40600,286,40886,28.89,141503,11928996,62415,False
Madurai South,RAAMA SREENIVASAN,Bharatiya Janata Party,30900,200,31100,21.98,141503,1466979,62415,False
Madurai South,B.M.SUMATHY,Naam Tamilar Katchi,5808,55,5863,4.14,141503,1972520,62415,False
Madurai South,NOTA,None of the Above,606,6,612,0.43,141503,199800,62415,False
Madurai South,S.IRUTHYARAJ,Tamizhaga Vaazhvurimai Katchi,368,2,370,0.26,141503,74809,62415,False
Madurai South,K.JEYA,Independent,257,0,257,0.18,141503,524736,62415,False
Madurai West,THANGAPANDI SR,Tamilaga Vettri Kazhagam,87539,711,88250,40.78,216403,17226030,88250,True
Madurai West,BALAJI R,Dravida Munnetra Kazhagam,75484,835,76319,35.27,216403,11928996,88250,False
Madurai West,SELLUR K RAJU,All India Anna Dravida Munnetra Kazhagam,38526,435,38961,18.0,216403,10462146,88250,False
Madurai West,VIGNESHKUMAR S,Naam Tamilar Katchi,10432,142,10574,4.89,216403,1972520,88250,False
Madurai West,NOTA,None of the Above,871,22,893,0.41,216403,199800,88250,False
Madurai West,RAJKUMAR S,Independent,255,2,257,0.12,216403,524736,88250,False
Madurai West,MUTHUKUMAR S,Independent,189,1,190,0.09,216403,524736,88250,False
Madurai West,VENKATESAN M,Independent,188,2,190,0.09,216403,524736,88250,False
Madurai West,MADURAI VEERAN S,Tamizhaga Vaazhvurimai Katchi,169,1,170,0.08,216403,74809,88250,False
Madurai West,ANANDH K,Independent,129,1,130,0.06,216403,524736,88250,False
Madurai West,THARMA PRABU V S,Independent,126,0,126,0.06,216403,524736,88250,False
Madurai West,MUTHUPANDI R,Vishwa Tamil Kazhagam,116,0,116,0.05,216403,3576,88250,False
Madurai West,MUTHUKUMAR D,Independent,88,1,89,0.04,216403,524736,88250,False
Madurai West,RAHAMADULLAH S,Independent,85,1,86,0.04,216403,524736,88250,False
Madurai West,MANOJ KUMAR R,Independent,51,1,52,0.02,216403,524736,88250,False
Madurantakam,MARAGATHAM KUMARAVEL.K,All India Anna Dravida Munnetra Kazhagam,68544,740,69284,34.95,198251,10462146,69284,True
Madurantakam,EZHIL KATHARINE EZHILMALAI,Tamilaga Vettri Kazhagam,61738,352,62090,31.32,198251,17226030,69284,False
Madurantakam,S.AMULU PONMALAR,Dravida Munnetra Kazhagam,59048,790,59838,30.18,198251,11928996,69284,False
Madurantakam,G.JANAKIRAMAN,Naam Tamilar Katchi,4897,53,4950,2.5,198251,1972520,69284,False
Madurantakam,NOTA,None of the Above,791,6,797,0.4,198251,199800,69284,False
Madurantakam,NEELAM E.RAMKUMAR,Bahujan Samaj Party,372,2,374,0.19,198251,53369,69284,False
Madurantakam,RANJITHAM.M,Independent,356,1,357,0.18,198251,524736,69284,False
Madurantakam,R.SUGAN,All India Puratchi Thalaivar Makkal Munnettra Kazhagam,235,2,237,0.12,198251,133479,69284,False
Madurantakam,S.PUNNIYAKOTTI,Tamizhaga Vaazhvurimai Katchi,200,6,206,0.1,198251,74809,69284,False
Madurantakam,M.KADIRVEL,Independent,108,10,118,0.06,198251,524736,69284,False
Maduravoyal,RHEVANTH CHARAN,Tamilaga Vettri Kazhagam,141423,302,141725,48.26,293692,17226030,141725,True
Maduravoyal,GANAPATHY. K,Dravida Munnetra Kazhagam,79667,549,80216,27.31,293692,11928996,141725,False
Maduravoyal,P. BENJAMIN,All India Anna Dravida Munnetra Kazhagam,54456,249,54705,18.63,293692,10462146,141725,False
Maduravoyal,REVATHI L,Naam Tamilar Katchi,12977,47,13024,4.43,293692,1972520,141725,False
Maduravoyal,NOTA,None of the Above,1448,14,1462,0.5,293692,199800,141725,False
Maduravoyal,R. SIVA,Independent,315,7,322,0.11,293692,524736,141725,False
Maduravoyal,MURALI. S,Naam Indiar Party,298,2,300,0.1,293692,4474,141725,False
Maduravoyal,AGNI SELVARAJU. J,Naadaalum Makkal Katchi,264,2,266,0.09,293692,9715,141725,False
Maduravoyal,J. VENKATESAN,All India Puratchi Thalaivar Makkal Munnettra Kazhagam,232,1,233,0.08,293692,133479,141725,False
Maduravoyal,S. BENJAMIN MOSES,Independent,206,1,207,0.07,293692,524736,141725,False
Maduravoyal,PONMUTHU RAMESH,Independent,200,2,202,0.07,293692,524736,141725,False
Maduravoyal,K. VENKATESAN,Veerath Thiyagi Viswanathadoss Thozhilalarkal Katchi,171,0,171,0.06,293692,5624,141725,False
Maduravoyal,N.A. MANI,Independent,157,0,157,0.05,293692,524736,141725,False
Maduravoyal,V. KAMALA KANNAN,Independent,119,0,119,0.04,293692,524736,141725,False
Maduravoyal,K. GANAPATHY,Independent,96,3,99,0.03,293692,524736,141725,False
Maduravoyal,R. YUVARAJ,Independent,82,2,84,0.03,293692,524736,141725,False
Maduravoyal,VIGNESH NANDAGOPAL,Independent,83,0,83,0.03,293692,524736,141725,False
Maduravoyal,SARAVANAN KUMAR,Independent,78,0,78,0.03,293692,524736,141725,False
Maduravoyal,MUTHURAMAN. S,Anna MGR Dravida Makkal Kalgam,70,1,71,0.02,293692,295,141725,False
Maduravoyal,D. ANANDAN,Independent,67,0,67,0.02,293692,524736,141725,False
Maduravoyal,M. BALASUBRAMANIAN,Independent,67,0,67,0.02,293692,524736,141725,False
Maduravoyal,M. JAMES,Independent,34,0,34,0.01,293692,524736,141725,False
Mailam,SHANMUGAM C VE,All India Anna Dravida Munnetra Kazhagam,81436,917,82353,43.52,189221,10462146,82353,True
Mailam,VIJAY NIRANJAN A,Tamilaga Vettri Kazhagam,51983,329,52312,27.65,189221,17226030,82353,False
Mailam,VENKATESAN L,Desiya Murpokku Dravida Kazhagam,45726,541,46267,24.45,189221,589500,82353,False
Mailam,VIDJAIVIKRAM S,Naam Tamilar Katchi,4341,42,4383,2.32,189221,1972520,82353,False
Mailam,SIVA S,Independent,551,1,552,0.29,189221,524736,82353,False
Mailam,GOPU V S,Independent,536,1,537,0.28,189221,524736,82353,False
Mailam,RANJITH KUMAR M,Bahujan Samaj Party,361,4,365,0.19,189221,53369,82353,False
Mailam,RANJITHA V,Independent,356,1,357,0.19,189221,524736,82353,False
Mailam,VINOTH R,Thakkam Katchi,332,0,332,0.18,189221,2416,82353,False
Mailam,NOTA,None of the Above,289,10,299,0.16,189221,199800,82353,False
Mailam,AYYANAR N,Anti Corruption Dynamic Party,263,1,264,0.14,189221,4558,82353,False
Mailam,TAMIZHARASAN M,Independent,250,2,252,0.13,189221,524736,82353,False
Mailam,KRISHNAMURTHY K,Independent,198,0,198,0.1,189221,524736,82353,False
Mailam,SUNDAR C,Independent,133,0,133,0.07,189221,524736,82353,False
Mailam,ANANDHABABU M,Tamizhaga Vaazhvurimai Katchi,120,1,121,0.06,189221,74809,82353,False
Mailam,VIJAYAGANTH K,Independent,97,0,97,0.05,189221,524736,82353,False
Mailam,MANAVALAN A,Anna MGR Dravida Makkal Kalgam,92,1,93,0.05,189221,295,82353,False
Mailam,KARVANNAN K,Independent,91,1,92,0.05,189221,524736,82353,False
Mailam,SURESH KUMAR S,Indhia Kudiarasu Katchi,81,1,82,0.04,189221,82,82353,False
Mailam,SEKAR NAYAKAR I M,All India Puratchi Thalaivar Makkal Munnettra Kazhagam,57,2,59,0.03,189221,133479,82353,False
Mailam,PURUSHOTHAMAN K,Desiya Makkal Sakthi Katchi,46,1,47,0.02,189221,2279,82353,False
Mailam,DIVYA P,Naam Indiar Party,26,0,26,0.01,189221,4474,82353,False
Manachanallur,KATHIRAVAN. S,Dravida Munnetra Kazhagam,80054,1393,81447,38.82,209780,11928996,81447,True
Manachanallur,V.SARAVANAN,Tamilaga Vettri Kazhagam,68550,533,69083,32.93,209780,17226030,81447,False
Manachanallur,R.V. BHARATHAN,All India Anna Dravida Munnetra Kazhagam,45686,380,46066,21.96,209780,10462146,81447,False
Manachanallur,THENMOZHI. R,Naam Tamilar Katchi,9187,102,9289,4.43,209780,1972520,81447,False
Manachanallur,NOTA,None of the Above,591,8,599,0.29,209780,199800,81447,False
Manachanallur,RAMESH KUMAR. G,Independent,498,0,498,0.24,209780,524736,81447,False
Manachanallur,NAGARAJAN. V,Independent,456,0,456,0.22,209780,524736,81447,False
Manachanallur,BALAKRISHNAN (A) AMOOR BALU,Bahujan Samaj Party,382,2,384,0.18,209780,53369,81447,False
Manachanallur,RADHAKRISHNAN. S,Independent,340,1,341,0.16,209780,524736,81447,False
Manachanallur,RAMPRASAD. N,Independent,230,0,230,0.11,209780,524736,81447,False
Manachanallur,BALU. M,Puthiya Tamilagam,183,3,186,0.09,209780,93652,81447,False
Manachanallur,RAJU. V,Independent,153,0,153,0.07,209780,524736,81447,False
Manachanallur,K. SENTHILKUMAR,Samaniya Makkal Nala Katchi,140,0,140,0.07,209780,5144,81447,False
Manachanallur,KARTHIKEYAN. P,Independent,131,1,132,0.06,209780,524736,81447,False
Manachanallur,SARAVANAKUMAR. S,Independent,130,0,130,0.06,209780,524736,81447,False
Manachanallur,RAJASEHAR. R,Independent,117,0,117,0.06,209780,524736,81447,False
Manachanallur,SHANMUGAM. V.T,Independent,113,0,113,0.05,209780,524736,81447,False
Manachanallur,DIVESH. S,Independent,102,1,103,0.05,209780,524736,81447,False
Manachanallur,SATHEESKUMAR. K,Independent,76,4,80,0.04,209780,524736,81447,False
Manachanallur,REVATHI. S,Akila Inthiya Makkal Marumalarchi Kazhakam,74,1,75,0.04,209780,425,81447,False
Manachanallur,VEERAIYA. C,Tamizhaga Vaazhvurimai Katchi,62,0,62,0.03,209780,74809,81447,False
Manachanallur,JAYARAMAN. M,Independent,52,0,52,0.02,209780,524736,81447,False
Manachanallur,GOPALAKRISHNAN. V,Independent,44,0,44,0.02,209780,524736,81447,False
Manamadurai,ELANGOVAN.D,Tamilaga Vettri Kazhagam,68882,1089,69971,33.54,208643,17226030,69971,True
Manamadurai,TAMILARASI.A,Dravida Munnetra Kazhagam,67820,943,68763,32.96,208643,11928996,69971,False
Manamadurai,BALAGANAPATHY.V,Bharatiya Janata Party,41824,786,42610,20.42,208643,1466979,69971,False
Manamadurai,SHANMUGAPRIYA.M,Naam Tamilar Katchi,19198,478,19676,9.43,208643,1972520,69971,False
Manamadurai,ARUMUGAM.V,Republican Party of India,1657,35,1692,0.81,208643,1692,69971,False
Manamadurai,THILAGARAJ.K,All India Puratchi Thalaivar Makkal Munnettra Kazhagam,1645,41,1686,0.81,208643,133479,69971,False
Manamadurai,NOTA,None of the Above,833,13,846,0.41,208643,199800,69971,False
Manamadurai,RAJAMANIKKAM.A,Puthiya Tamilagam,679,27,706,0.34,208643,93652,69971,False
Manamadurai,BHARATHIDASAN.S,Independent,608,4,612,0.29,208643,524736,69971,False
Manamadurai,ARUNPANDIAN.A,Tamizhaga Vaazhvurimai Katchi,475,9,484,0.23,208643,74809,69971,False
Manamadurai,VEERAPANDI.V,Independent,427,1,428,0.21,208643,524736,69971,False
Manamadurai,RAJU.J.M,Independent,327,1,328,0.16,208643,524736,69971,False
Manamadurai,SATHISH.T,Independent,311,6,317,0.15,208643,524736,69971,False
Manamadurai,SHANKARGANESAN.S,Independent,261,2,263,0.13,208643,524736,69971,False
Manamadurai,KARUPPUSAMI.V,Independent,260,1,261,0.13,208643,524736,69971,False
Manapparai,R. KATHIRAVAN,Tamilaga Vettri Kazhagam,82268,773,83041,34.43,241216,17226030,83041,True
Manapparai,DR. PL. VIJAYAKUMAR,All India Anna Dravida Munnetra Kazhagam,80601,1014,81615,33.83,241216,10462146,83041,False
Manapparai,P. ABDUL SAMED,Dravida Munnetra Kazhagam,60142,1213,61355,25.44,241216,11928996,83041,False
Manapparai,M. ARUNAGIRI,Naam Tamilar Katchi,9911,159,10070,4.17,241216,1972520,83041,False
Manapparai,NOTA,None of the Above,936,13,949,0.39,241216,199800,83041,False
Manapparai,AROCKIARAJ .A,Samaniya Makkal Nala Katchi,715,6,721,0.3,241216,5144,83041,False
Manapparai,P. VIJAYAKUMAR,Independent,595,0,595,0.25,241216,524736,83041,False
Manapparai,RAJESH .M,Independent,552,2,554,0.23,241216,524736,83041,False
Manapparai,SARPHUDIN,Independent,332,1,333,0.14,241216,524736,83041,False
Manapparai,P. MEENA,Puthiya Tamilagam,273,2,275,0.11,241216,93652,83041,False
Manapparai,M. KARUPPAN,Independent,273,1,274,0.11,241216,524736,83041,False
Manapparai,A. SENTHIL KUMAR,Independent,271,1,272,0.11,241216,524736,83041,False
Manapparai,PERIYAKKA,Independent,236,2,238,0.1,241216,524736,83041,False
Manapparai,P. CHINNAN,Independent,166,17,183,0.08,241216,524736,83041,False
Manapparai,KATHIRAVAN .M,Independent,178,2,180,0.07,241216,524736,83041,False
Manapparai,M. VIJAYA KUMAR,Independent,172,1,173,0.07,241216,524736,83041,False
Manapparai,RAJAVARMAN .R,Tamizhaga Vaazhvurimai Katchi,154,1,155,0.06,241216,74809,83041,False
Manapparai,KUTTAIAN,Independent,121,5,126,0.05,241216,524736,83041,False
Manapparai,A. RAMAN,Independent,106,1,107,0.04,241216,524736,83041,False
Mannargudi,KAMARAJ. S,Amma Makkal Munnettra Kazagam,67837,579,68416,35.25,194100,425345,68416,True
Mannargudi,RAJAA.T.R.B,Dravida Munnetra Kazhagam,66068,782,66850,34.44,194100,11928996,68416,False
Mannargudi,RAJARAJAN.U,Tamilaga Vettri Kazhagam,44026,240,44266,22.81,194100,17226030,68416,False
Mannargudi,BHARATHISELVAN.R,Naam Tamilar Katchi,8153,87,8240,4.25,194100,1972520,68416,False
Mannargudi,RASUPILLAI.S,All India Puratchi Thalaivar Makkal Munnettra Kazhagam,1943,6,1949,1.0,194100,133479,68416,False
Mannargudi,KAMARAJ.A,Independent,645,19,664,0.34,194100,524736,68416,False
Mannargudi,NAMASIVAYAM.N,Independent,659,0,659,0.34,194100,524736,68416,False
Mannargudi,GOVINDARAJ.G,Tamizhaga Vaazhvurimai Katchi,633,2,635,0.33,194100,74809,68416,False
Mannargudi,PRABHU. S,Independent,632,1,633,0.33,194100,524736,68416,False
Mannargudi,NOTA,None of the Above,399,6,405,0.21,194100,199800,68416,False
Mannargudi,KAMARAJ.S,Bahujan Samaj Party,385,2,387,0.2,194100,53369,68416,False
Mannargudi,BHARATHI.B,Puthiya Tamilagam,328,15,343,0.18,194100,93652,68416,False
Mannargudi,ARULPRAKASH. P,Independent,284,1,285,0.15,194100,524736,68416,False
Mannargudi,DURAI ARASAN.K,Independent,148,1,149,0.08,194100,524736,68416,False
Mannargudi,MUTHUVEL.V,Tamilaga Makkal Nala Katchi,114,1,115,0.06,194100,1555,68416,False
Mannargudi,MARIMUTHU.A.V.M,Independent,104,0,104,0.05,194100,524736,68416,False
Mayiladuthurai,JAMAL MOHAMED YOUNOOS. Y.N,Indian National Congress,67189,822,68011,36.09,188461,1661312,68011,True
Mayiladuthurai,PALANISAMY. A M.COM.,Pattali Makkal Katchi,56621,545,57166,30.33,188461,1070745,68011,False
Mayiladuthurai,HAROON RASHEED. S.S,Tamilaga Vettri Kazhagam,52242,296,52538,27.88,188461,17226030,68011,False
Mayiladuthurai,KASIRAMAN. K,Naam Tamilar Katchi,6809,77,6886,3.65,188461,1972520,68011,False
Mayiladuthurai,NOTA,None of the Above,465,9,474,0.25,188461,199800,68011,False
Mayiladuthurai,ARAVAAZHI. K,All India Jananayaka Makkal Kazhagam,357,4,361,0.19,188461,1415,68011,False
Mayiladuthurai,VEERASAMY. T,Independent,329,0,329,0.17,188461,524736,68011,False
Mayiladuthurai,SARAVANAN. K,Tamizhaga Vaazhvurimai Katchi,310,2,312,0.17,188461,74809,68011,False
Mayiladuthurai,GANGADHARAN. R,Independent,305,2,307,0.16,188461,524736,68011,False
Mayiladuthurai,MANIMARAN,Veerath Thiyagi Viswanathadoss Thozhilalarkal Katchi,295,3,298,0.16,188461,5624,68011,False
Mayiladuthurai,SAMPATH. L,Independent,274,3,277,0.15,188461,524736,68011,False
Mayiladuthurai,THIMOTHY. T,Independent,277,0,277,0.15,188461,524736,68011,False
Mayiladuthurai,NAVANITHAM. S,Independent,241,4,245,0.13,188461,524736,68011,False
Mayiladuthurai,VENKATESAN. K,Bahujan Samaj Party,202,4,206,0.11,188461,53369,68011,False
Mayiladuthurai,ANANTHAKUMAR. R,Independent,196,2,198,0.11,188461,524736,68011,False
Mayiladuthurai,GOBALA KRISHNAN. S,Independent,142,4,146,0.08,188461,524736,68011,False
Mayiladuthurai,NATARAJAN. R,Independent,104,2,106,0.06,188461,524736,68011,False
Mayiladuthurai,BHARATHIRAJA. B,Independent,104,0,104,0.06,188461,524736,68011,False
Mayiladuthurai,JAMAL MOHAMED,Independent,81,1,82,0.04,188461,524736,68011,False
Mayiladuthurai,KARTHICK. A,Samaniya Makkal Nala Katchi,76,2,78,0.04,188461,5144,68011,False
Mayiladuthurai,RAMKUMAR. S BBA.LLB,Independent,58,2,60,0.03,188461,524736,68011,False
Melur,P.VISWANATHAN,Indian National Congress,59486,594,60080,31.5,190726,1661312,60080,True
Melur,A.MADURAIVEERAN,Tamilaga Vettri Kazhagam,56916,440,57356,30.07,190726,17226030,60080,False
Melur,P.PERIYAPULLAN (A) SELVAM,All India Anna Dravida Munnetra Kazhagam,56327,417,56744,29.75,190726,10462146,60080,False
Melur,KOTTAIKUMAR,Naam Tamilar Katchi,9440,130,9570,5.02,190726,1972520,60080,False
Melur,SONIAGANDHI,All India Puratchi Thalaivar Makkal Munnettra Kazhagam,2559,69,2628,1.38,190726,133479,60080,False
Melur,M.MURUGAN,Independent,2107,63,2170,1.14,190726,524736,60080,False
Melur,NOTA,None of the Above,544,10,554,0.29,190726,199800,60080,False
Melur,M.PANNEERSELVAM,Puthiya Tamilagam,418,5,423,0.22,190726,93652,60080,False
Melur,C.RAMESH,Independent,317,0,317,0.17,190726,524736,60080,False
Melur,K.MEYYAR,Communist Party of India (Marxist-Leninist) (Liberation),273,3,276,0.14,190726,3983,60080,False
Melur,C.MOHANRAM,Independent,262,7,269,0.14,190726,524736,60080,False
Melur,K.MANIKANDAPRABU,Independent,138,0,138,0.07,190726,524736,60080,False
Melur,S.BOOPATHI,Independent,114,2,116,0.06,190726,524736,60080,False
Melur,K.SETHURAMAN,Independent,82,3,85,0.04,190726,524736,60080,False
Mettuppalayam,SUNILANAND,Tamilaga Vettri Kazhagam,75392,272,75664,30.97,244319,17226030,75664,True
Mettuppalayam,SMT.KAVITHA KALYANASUNDARAM,Dravida Munnetra Kazhagam,67215,681,67896,27.79,244319,11928996,75664,False
Mettuppalayam,O.K.CHINNARAJ,All India Anna Dravida Munnetra Kazhagam,61151,585,61736,25.27,244319,10462146,75664,False
Mettuppalayam,T.R.SHANMUGASUNDARAM,Independent,26535,221,26756,10.95,244319,524736,75664,False
Mettuppalayam,S.GOPALAKRISHNAN,Naam Tamilar Katchi,6450,58,6508,2.66,244319,1972520,75664,False
Mettuppalayam,NOTA,None of the Above,831,8,839,0.34,244319,199800,75664,False
Mettuppalayam,V.SENTHIL KUMAR,Independent,610,2,612,0.25,244319,524736,75664,False
Mettuppalayam,V.ANANDKUMAR,Independent,596,0,596,0.24,244319,524736,75664,False
Mettuppalayam,R.CHINNARAJ,Independent,585,1,586,0.24,244319,524736,75664,False
Mettuppalayam,S.ABDUL RAHIMAN,Veerath Thiyagi Viswanathadoss Thozhilalarkal Katchi,449,9,458,0.19,244319,5624,75664,False
Mettuppalayam,"SIVARAJ,R.",Anna Puratchi Thalaivar Amma Dravida Munnetra Kazhagam,385,2,387,0.16,244319,3034,75664,False
Mettuppalayam,R.SANGEETHA,Naadaalum Makkal Katchi,350,6,356,0.15,244319,9715,75664,False
Mettuppalayam,"DHAMOTHARAN,V.",All India Puratchi Thalaivar Makkal Munnettra Kazhagam,296,0,296,0.12,244319,133479,75664,False
Mettuppalayam,S.KAVITHA,Independent,261,2,263,0.11,244319,524736,75664,False
Mettuppalayam,N.SARAVANA KUMAR,Independent,250,2,252,0.1,244319,524736,75664,False
Mettuppalayam,A.SATHIYALEELA,Independent,237,1,238,0.1,244319,524736,75664,False
Mettuppalayam,C.MAHENDRAN,Independent,189,1,190,0.08,244319,524736,75664,False
Mettuppalayam,C.NAGARAJ,Party for the Rights of Other backward Classes,157,4,161,0.07,244319,4101,75664,False
Mettuppalayam,M.PALANICHAMI,Independent,120,0,120,0.05,244319,524736,75664,False
Mettuppalayam,T.AMIRTHALINGAM,Independent,119,0,119,0.05,244319,524736,75664,False
Mettuppalayam,"RANGASAMY,P.",Independent,96,3,99,0.04,244319,524736,75664,False
Mettuppalayam,MANOHARAN,Independent,97,1,98,0.04,244319,524736,75664,False
Mettuppalayam,P.RAVICHANDRAN,Independent,89,0,89,0.04,244319,524736,75664,False
Mettur,VENKATACHALAM. G,All India Anna Dravida Munnetra Kazhagam,85347,1151,86498,37.43,231105,10462146,86498,True
Mettur,MIDHUN CHAKRAVARTHY. M,Dravida Munnetra Kazhagam,66296,1097,67393,29.16,231105,11928996,86498,False
Mettur,SELVAM. K,Tamilaga Vettri Kazhagam,64665,595,65260,28.24,231105,17226030,86498,False
Mettur,VIDHYA VEERAPPAN,Naam Tamilar Katchi,6987,122,7109,3.08,231105,1972520,86498,False
Mettur,NOTA,None of the Above,782,12,794,0.34,231105,199800,86498,False
Mettur,RAMKUMAR. D.M,Independent,706,0,706,0.31,231105,524736,86498,False
Mettur,DURAIRAJ. V,Independent,641,18,659,0.29,231105,524736,86498,False
Mettur,VENKATASALAM. G,Independent,469,2,471,0.2,231105,524736,86498,False
Mettur,PERIYAPONNU. O,Tamizhaga Vaazhvurimai Katchi,399,4,403,0.17,231105,74809,86498,False
Mettur,DR.PADMARAJAN. K,Independent,385,5,390,0.17,231105,524736,86498,False
Mettur,PRABAKARAN. S,Independent,251,0,251,0.11,231105,524736,86498,False
Mettur,KRISHNAMOORTHY. P,Independent,237,0,237,0.1,231105,524736,86498,False
Mettur,SARAVANAKUMAR. M,Independent,219,4,223,0.1,231105,524736,86498,False
Mettur,MURUGAN. P,Independent,192,0,192,0.08,231105,524736,86498,False
Mettur,JAGANATHAN. A,Independent,121,0,121,0.05,231105,524736,86498,False
Mettur,VELU. A,Vada Tamil Nadu Munnetra Katchi,106,1,107,0.05,231105,635,86498,False
Mettur,CHIDAMBARAM. A,Independent,103,1,104,0.05,231105,524736,86498,False
Mettur,KANNAN. M,Independent,98,1,99,0.04,231105,524736,86498,False
Mettur,KANNAN. R,Independent,86,2,88,0.04,231105,524736,86498,False
Modakkurichi,D.SHANMUGAN,Tamilaga Vettri Kazhagam,59978,737,60715,31.83,190759,17226030,60715,True
Modakkurichi,S.KIRTHIKA,Bharatiya Janata Party,57306,979,58285,30.55,190759,1466979,60715,False
Modakkurichi,S.SENTHILNATHAN,Dravida Munnetra Kazhagam,56989,1247,58236,30.53,190759,11928996,60715,False
Modakkurichi,M.ARUNKUMAR,Naam Tamilar Katchi,6634,89,6723,3.52,190759,1972520,60715,False
Modakkurichi,R.KARTHIKEYAN,Tamizhaga Vaazhvurimai Katchi,2192,47,2239,1.17,190759,74809,60715,False
Modakkurichi,NOTA,None of the Above,905,20,925,0.48,190759,199800,60715,False
Modakkurichi,R.VELUSAMY,Independent,918,0,918,0.48,190759,524736,60715,False
Modakkurichi,K.MUNIYAPPAN,Bahujan Samaj Party,638,13,651,0.34,190759,53369,60715,False
Modakkurichi,L.BHARATHI,Independent,582,3,585,0.31,190759,524736,60715,False
Modakkurichi,A.DURAISAMY,Independent,297,6,303,0.16,190759,524736,60715,False
Modakkurichi,K.DHANABAL,Independent,281,3,284,0.15,190759,524736,60715,False
Modakkurichi,A.KATHIRVEL,Independent,243,2,245,0.13,190759,524736,60715,False
Modakkurichi,R.NATARAJAN,Independent,224,3,227,0.12,190759,524736,60715,False
Modakkurichi,M.RAVIKUMAR,Ganasangam Party of India,222,1,223,0.12,190759,3235,60715,False
Modakkurichi,M.RAMESH,Namathu Kongu Munnetra Kalagam,198,2,200,0.1,190759,200,60715,False
Mudhukulathur,R.S.RAJAKANNAPPAN,Dravida Munnetra Kazhagam,67117,886,68003,29.39,231373,11928996,68003,True
Mudhukulathur,MALARVIZHI. B,Tamilaga Vettri Kazhagam,50787,618,51405,22.22,231373,17226030,68003,False
Mudhukulathur,S.PANDI,All India Anna Dravida Munnetra Kazhagam,47085,416,47501,20.53,231373,10462146,68003,False
Mudhukulathur,DR.R.RAMKUMAR,All India Puratchi Thalaivar Makkal Munnettra Kazhagam,39742,680,40422,17.47,231373,133479,68003,False
Mudhukulathur,CHANDRA PRABHA JEYAPAL,Naam Tamilar Katchi,14774,338,15112,6.53,231373,1972520,68003,False
Mudhukulathur,SATHIYAM C.SARAVANAN,Independent,2035,7,2042,0.88,231373,524736,68003,False
Mudhukulathur,M. IRULANDI,Naadaalum Makkal Katchi,1250,0,1250,0.54,231373,9715,68003,False
Mudhukulathur,K.SENTHIL MALLAR,Tamizhaga Vaazhvurimai Katchi,1086,63,1149,0.5,231373,74809,68003,False
Mudhukulathur,C.MALAISELVAM,Puthiya Tamilagam,967,26,993,0.43,231373,93652,68003,False
Mudhukulathur,R.MOOVENDRAN,Independent,484,2,486,0.21,231373,524736,68003,False
Mudhukulathur,RAVI GOVINTHAN,Independent,445,0,445,0.19,231373,524736,68003,False
Mudhukulathur,V.PANDI,Independent,438,2,440,0.19,231373,524736,68003,False
Mudhukulathur,NOTA,None of the Above,421,8,429,0.19,231373,199800,68003,False
Mudhukulathur,G. SELVARAJ,Puthiya Makkal Tamil Desam Katchi,337,2,339,0.15,231373,2651,68003,False
Mudhukulathur,M.BOOMINATHAN (A) M.K.VAIYAVAN,Independent,335,0,335,0.14,231373,524736,68003,False
Mudhukulathur,K.MURUGAN,Independent,207,1,208,0.09,231373,524736,68003,False
Mudhukulathur,K.GANGAI AMARAN,Independent,194,2,196,0.08,231373,524736,68003,False
Mudhukulathur,C.KENGUSAMY,Independent,165,1,166,0.07,231373,524736,68003,False
Mudhukulathur,M.KARUPPA SAMY,Independent,159,5,164,0.07,231373,524736,68003,False
Mudhukulathur,A. SARAVANAKUMAR,Naam Indiar Party,147,1,148,0.06,231373,4474,68003,False
Mudhukulathur,K.RAJAKUMAR,Independent,140,0,140,0.06,231373,524736,68003,False
Musiri,M.VIGNESH,Tamilaga Vettri Kazhagam,70317,964,71281,37.69,189141,17226030,71281,True
Musiri,N.S.KARUNAIRAAJA,Dravida Munnetra Kazhagam,52345,1494,53839,28.47,189141,11928996,71281,False
Musiri,N.YOGANATHAN,All India Anna Dravida Munnetra Kazhagam,51149,912,52061,27.52,189141,10462146,71281,False
Musiri,G. BAKIYALAKSHMI,Naam Tamilar Katchi,8184,173,8357,4.42,189141,1972520,71281,False
Musiri,NOTA,None of the Above,1060,33,1093,0.58,189141,199800,71281,False
Musiri,M.CHINNAIYAN,Puthiya Tamilagam,668,9,677,0.36,189141,93652,71281,False
Musiri,P.LOGANATHAN M.SC.M.PHIL.,Independent,483,4,487,0.26,189141,524736,71281,False
Musiri,SENTHILKUMAR,Independent,305,3,308,0.16,189141,524736,71281,False
Musiri,MALARMANNAN.M,Samaniya Makkal Nala Katchi,275,6,281,0.15,189141,5144,71281,False
Musiri,C.PALANISAMY,Tamizhaga Vaazhvurimai Katchi,259,6,265,0.14,189141,74809,71281,False
Musiri,K.DHIVYA,Rashtriya Samaj Dal (R),248,5,253,0.13,189141,1760,71281,False
Musiri,S.VENKATESHWARAN,Anti Corruption Dynamic Party,239,0,239,0.13,189141,4558,71281,False
Mylapore,VENKATARAMANAN. P,Tamilaga Vettri Kazhagam,69748,322,70070,46.53,150594,17226030,70070,True
Mylapore,VELU. DHA,Dravida Munnetra Kazhagam,40647,451,41098,27.29,150594,11928996,70070,False
Mylapore,DR. TAMILISAI SOUNDARARAJAN,Bharatiya Janata Party,31844,484,32328,21.47,150594,1466979,70070,False
Mylapore,ARUN. R.L,Naam Tamilar Katchi,4470,29,4499,2.99,150594,1972520,70070,False
Mylapore,NOTA,None of the Above,762,8,770,0.51,150594,199800,70070,False
Mylapore,BALAJI. V,Bahujan Samaj Party,264,3,267,0.18,150594,53369,70070,False
Mylapore,MOHANRAJ. J,Jebamani Janata,264,1,265,0.18,150594,584,70070,False
Mylapore,VIJAYALAKSHMI. P,Independent,224,3,227,0.15,150594,524736,70070,False
Mylapore,DEVENDRAN. R,Tamizhaga Murpokku Makkal Katchi,144,1,145,0.1,150594,998,70070,False
Mylapore,VIJAYA KRISHNA. V,Independent,141,1,142,0.09,150594,524736,70070,False
Mylapore,MOORTHY. S,Thamizhaga Dravidar Katchi,119,1,120,0.08,150594,120,70070,False
Mylapore,VINU PRADHA. A,Independent,107,2,109,0.07,150594,524736,70070,False
Mylapore,VENKATARAMAN. B,Independent,107,0,107,0.07,150594,524736,70070,False
Mylapore,NAGARAJAN. S,All India Jananayaka Makkal Kazhagam,88,0,88,0.06,150594,1415,70070,False
Mylapore,SELVAMUTHU. S,Independent,74,5,79,0.05,150594,524736,70070,False
Mylapore,ROMANRAJ. A,Independent,74,0,74,0.05,150594,524736,70070,False
Mylapore,PARTHIPAN. G,Independent,63,1,64,0.04,150594,524736,70070,False
Mylapore,JAYAGOPI. M,Independent,51,1,52,0.03,150594,524736,70070,False
Mylapore,VELU. K,Independent,46,4,50,0.03,150594,524736,70070,False
Mylapore,RADHAKRISHNAN. G,Independent,40,0,40,0.03,150594,524736,70070,False
Nagapattinam,M.H.JAWAHIRULLAH,Dravida Munnetra Kazhagam,55695,610,56305,37.21,151326,11928996,56305,True
Nagapattinam,M.SUGUMAR,Tamilaga Vettri Kazhagam,46291,233,46524,30.74,151326,17226030,56305,False
Nagapattinam,THANKA.KATHIRAVAN,All India Anna Dravida Munnetra Kazhagam,41108,478,41586,27.48,151326,10462146,56305,False
Nagapattinam,FATHIMA FARHANA.S,Naam Tamilar Katchi,5305,43,5348,3.53,151326,1972520,56305,False
Nagapattinam,NOTA,None of the Above,473,6,479,0.32,151326,199800,56305,False
Nagapattinam,J.V.DURAI,All India Youth Development Party,207,0,207,0.14,151326,1203,56305,False
Nagapattinam,N.VIJAYARAGAVAN,Independent,162,2,164,0.11,151326,524736,56305,False
Nagapattinam,N P BHASHGARAN,Independent,145,10,155,0.1,151326,524736,56305,False
Nagapattinam,S.PREM,Independent,150,0,150,0.1,151326,524736,56305,False
Nagapattinam,SAKTHIVEL,Independent,136,0,136,0.09,151326,524736,56305,False
Nagapattinam,K.RAJASEKAR,Puthiya Tamilagam,85,1,86,0.06,151326,93652,56305,False
Nagapattinam,M.IYYANKALAI,Independent,72,0,72,0.05,151326,524736,56305,False
Nagapattinam,VALLABADAS.E,Tamizhaga Vaazhvurimai Katchi,60,0,60,0.04,151326,74809,56305,False
Nagapattinam,T.KATHIRAVAN,Independent,48,6,54,0.04,151326,524736,56305,False
Nagercoil,AUSTIN,Dravida Munnetra Kazhagam,68656,1224,69880,35.6,196280,11928996,69880,True
Nagercoil,BERVIN KINGS G,Tamilaga Vettri Kazhagam,61804,506,62310,31.75,196280,17226030,69880,False
Nagercoil,GANDHI M R,Bharatiya Janata Party,51311,1044,52355,26.67,196280,1466979,69880,False
Nagercoil,MUTHUKUMAR M,Naam Tamilar Katchi,8421,152,8573,4.37,196280,1972520,69880,False
Nagercoil,NOTA,None of the Above,437,10,447,0.23,196280,199800,69880,False
Nagercoil,MOHIDEEN FAIGEE ALIAS SOORANKUDY FAIGEE,Independent,357,0,357,0.18,196280,524736,69880,False
Nagercoil,SIVAKUMAR A,Independent,328,9,337,0.17,196280,524736,69880,False
Nagercoil,DINO T,Naadaalum Makkal Katchi,326,1,327,0.17,196280,9715,69880,False
Nagercoil,NAGARAJAN L,Thamizhaka Padaippalar Makkal Katchi,259,1,260,0.13,196280,4020,69880,False
Nagercoil,NAGOOR MEERAN PEER MOHAMED U,Independent,232,2,234,0.12,196280,524736,69880,False
Nagercoil,SUYAMBULINGAM A,Independent,207,2,209,0.11,196280,524736,69880,False
Nagercoil,VALLIMAYIL P,Communist Party of India (Marxist-Leninist) Red Star,144,1,145,0.07,196280,790,69880,False
Nagercoil,RETNA MONY S,Independent,136,1,137,0.07,196280,524736,69880,False
Nagercoil,ANTONY MICHAEL J,Viro Ke Vir Indian Party,112,4,116,0.06,196280,498,69880,False
Nagercoil,SUYAMBULINGAM P,Independent,107,5,112,0.06,196280,524736,69880,False
Nagercoil,GUNASEKARAN S,Independent,110,1,111,0.06,196280,524736,69880,False
Nagercoil,AJITH KUMAR A,Independent,99,1,100,0.05,196280,524736,69880,False
Nagercoil,DINESH,Independent,90,4,94,0.05,196280,524736,69880,False
Nagercoil,JEBARSON S,Tamizhaga Vaazhvurimai Katchi,69,1,70,0.04,196280,74809,69880,False
Nagercoil,SALATE KANAGARAJ A,Naam Indiar Party,65,1,66,0.03,196280,4474,69880,False
Nagercoil,VAIRAM PILLAI S,Independent,39,1,40,0.02,196280,524736,69880,False
Namakkal,DILIP C S,Tamilaga Vettri Kazhagam,78916,828,79744,37.56,212283,17226030,79744,True
Namakkal,SRIDEVI MOHAN P S,All India Anna Dravida Munnetra Kazhagam,67350,1386,68736,32.38,212283,10462146,79744,False
Namakkal,RANI P,Dravida Munnetra Kazhagam,51502,1306,52808,24.88,212283,11928996,79744,False
Namakkal,PRAVEENKUMAR K,Naam Tamilar Katchi,6172,114,6286,2.96,212283,1972520,79744,False
Namakkal,NOTA,None of the Above,730,30,760,0.36,212283,199800,79744,False
Namakkal,CHANDRA P,Independent,322,0,322,0.15,212283,524736,79744,False
Namakkal,THIYAGARAJAN R,Samaniya Makkal Nala Katchi,318,2,320,0.15,212283,5144,79744,False
Namakkal,RAMASAMY P,Bahujan Samaj Party,294,2,296,0.14,212283,53369,79744,False
Namakkal,AADITHIYAN A,Anna Puratchi Thalaivar Amma Dravida Munnetra Kazhagam,278,1,279,0.13,212283,3034,79744,False
Namakkal,NATARAJAN M,Independent,221,4,225,0.11,212283,524736,79744,False
Namakkal,GANDHIAN RAMESH T,Ahimsa Socialist Party,209,4,213,0.1,212283,321,79744,False
Namakkal,ABINESHKUMAR T,Independent,212,1,213,0.1,212283,524736,79744,False
Namakkal,ARAVINTH S,Independent,191,2,193,0.09,212283,524736,79744,False
Namakkal,MANIKANDAN R,Independent,188,3,191,0.09,212283,524736,79744,False
Namakkal,MUTHUSAMY S,Independent,178,1,179,0.08,212283,524736,79744,False
Namakkal,JAYAKUMAR R,Independent,168,0,168,0.08,212283,524736,79744,False
Namakkal,KANAKARAJ K,Independent,157,2,159,0.07,212283,524736,79744,False
Namakkal,PALANISAMY M P,All India Puratchi Thalaivar Makkal Munnettra Kazhagam,147,2,149,0.07,212283,133479,79744,False
Namakkal,SURESHKANNAN P,Ganasangam Party of India,145,1,146,0.07,212283,3235,79744,False
Namakkal,MATHESWARAN C,Puthiya Tamilagam,143,3,146,0.07,212283,93652,79744,False
Namakkal,RAMESH A,Independent,113,1,114,0.05,212283,524736,79744,False
Namakkal,JAYARAMAN M,Independent,112,1,113,0.05,212283,524736,79744,False
Namakkal,MOHAN P,Independent,111,0,111,0.05,212283,524736,79744,False
Namakkal,STALIN R,Independent,98,1,99,0.05,212283,524736,79744,False
Namakkal,MAHENDRAN P,Anaithinthiya Anna Dravida Makkal Seyal katchi,95,1,96,0.05,212283,1462,79744,False
Namakkal,NETAJIKAVIARASU V,Independent,90,2,92,0.04,212283,524736,79744,False
Namakkal,MOHAN S,Independent,70,1,71,0.03,212283,524736,79744,False
Namakkal,MOHAN M,Independent,53,1,54,0.03,212283,524736,79744,False
Nanguneri,REDDIARPATTI V. NARAYANAN,Tamilaga Vettri Kazhagam,74047,905,74952,35.79,209419,17226030,74952,True
Nanguneri,RUBY.R.MANOHARAN,Indian National Congress,57364,1169,58533,27.95,209419,1661312,74952,False
Nanguneri,R. ESAKKIMUTHU,Amma Makkal Munnettra Kazagam,37817,499,38316,18.3,209419,425345,74952,False
Nanguneri,S. SELVAM,Naam Tamilar Katchi,17379,239,17618,8.41,209419,1972520,74952,False
Nanguneri,TAMILSELVI,Puthiya Tamilagam,11039,102,11141,5.32,209419,93652,74952,False
Nanguneri,M. KUMAR,Independent,1076,22,1098,0.52,209419,524736,74952,False
Nanguneri,DR.S.VELLAI DURAI,All India Puratchi Thalaivar Makkal Munnettra Kazhagam,1003,45,1048,0.5,209419,133479,74952,False
Nanguneri,NOTA,None of the Above,704,17,721,0.34,209419,199800,74952,False
Nanguneri,R. JANARTHANAN,Bahujan Samaj Party,647,12,659,0.31,209419,53369,74952,False
Nanguneri,S.MARIYAPPAN,Independent,631,6,637,0.3,209419,524736,74952,False
Nanguneri,A.RANI NADAR ALIAS PUSHPARANI,Independent,528,1,529,0.25,209419,524736,74952,False
Nanguneri,CHITHIRAI SELVAN,Tamizhaga Vaazhvurimai Katchi,485,6,491,0.23,209419,74809,74952,False
Nanguneri,THANITHANGAM,Independent,440,1,441,0.21,209419,524736,74952,False
Nanguneri,KRISH.MARIAPPAN,Thamizhaka Padaippalar Makkal Katchi,375,2,377,0.18,209419,4020,74952,False
Nanguneri,THULASI SUDALAI,Puthiya Makkal Tamil Desam Katchi,365,1,366,0.17,209419,2651,74952,False
Nanguneri,T. SANKAR,Independent,358,2,360,0.17,209419,524736,74952,False
Nanguneri,SHANMUGAM,Independent,285,8,293,0.14,209419,524736,74952,False
Nanguneri,N.KALABERUMAL,Independent,264,1,265,0.13,209419,524736,74952,False
Nanguneri,DEV.P.JEGADEESAN,Independent,264,1,265,0.13,209419,524736,74952,False
Nanguneri,M. ARUNA,Independent,249,2,251,0.12,209419,524736,74952,False
Nanguneri,S. SHUNMUGA SUNDARAM,Naam Indiar Party,199,3,202,0.1,209419,4474,74952,False
Nanguneri,SUDAROLI S.MURUGAN YADHAV B.COM,Independent,186,5,191,0.09,209419,524736,74952,False
Nanguneri,T. LINGADURAI,Independent,175,3,178,0.08,209419,524736,74952,False
Nanguneri,NALLAKKANNU ALIAS KARTHIC.K,Independent,167,3,170,0.08,209419,524736,74952,False
Nanguneri,R.ANANTHI,Independent,168,1,169,0.08,209419,524736,74952,False
Nanguneri,T. RAJKUMAR,Independent,147,1,148,0.07,209419,524736,74952,False
Nannilam,KAMARAJ. R,All India Anna Dravida Munnetra Kazhagam,102544,918,103462,44.7,231444,10462146,103462,True
Nannilam,MOHAMED MUBARAK,Dravida Munnetra Kazhagam,61181,557,61738,26.68,231444,11928996,103462,False
Nannilam,PRABHAKARAN. S,Tamilaga Vettri Kazhagam,54262,268,54530,23.56,231444,17226030,103462,False
Nannilam,THENMOZHI DILIPKUMAR,Naam Tamilar Katchi,8370,76,8446,3.65,231444,1972520,103462,False
Nannilam,NOTA,None of the Above,930,6,936,0.4,231444,199800,103462,False
Nannilam,RAJA. S,All India Puratchi Thalaivar Makkal Munnettra Kazhagam,854,7,861,0.37,231444,133479,103462,False
Nannilam,SIVARAMAN. T,Tamizhaga Vaazhvurimai Katchi,287,2,289,0.12,231444,74809,103462,False
Nannilam,RAVICHANDRAN. R,Independent,251,0,251,0.11,231444,524736,103462,False
Nannilam,RAJASEKAR. R,Independent,224,0,224,0.1,231444,524736,103462,False
Nannilam,TAMILSELVAN. M,Puthiya Tamilagam,215,4,219,0.09,231444,93652,103462,False
Nannilam,MOHUMED RIYAS. K,Independent,140,3,143,0.06,231444,524736,103462,False
Nannilam,SURESH. V,Independent,104,0,104,0.04,231444,524736,103462,False
Nannilam,BHARATHIMOHAN. K.S,Independent,98,5,103,0.04,231444,524736,103462,False
Nannilam,SHANMUGARAJA. D,Independent,76,10,86,0.04,231444,524736,103462,False
Nannilam,SANKAR. R,Independent,52,0,52,0.02,231444,524736,103462,False
Natham,NATHAM VISWANATHAN R,All India Anna Dravida Munnetra Kazhagam,85215,493,85708,35.84,239140,10462146,85708,True
Natham,SELVAKUMAR K,Dravida Munnetra Kazhagam,73336,503,73839,30.88,239140,11928996,85708,False
Natham,RAMESH L N,Tamilaga Vettri Kazhagam,64603,394,64997,27.18,239140,17226030,85708,False
Natham,ALAGAMMAL A,Naam Tamilar Katchi,9570,107,9677,4.05,239140,1972520,85708,False
Natham,ALEX S,Tamizhaga Vaazhvurimai Katchi,715,0,715,0.3,239140,74809,85708,False
Natham,NOTA,None of the Above,585,11,596,0.25,239140,199800,85708,False
Natham,VADIVEL K,Independent,584,0,584,0.24,239140,524736,85708,False
Natham,VIJAYAKUMAR S,Independent,465,0,465,0.19,239140,524736,85708,False
Natham,GOPAL R,Independent,307,0,307,0.13,239140,524736,85708,False
Natham,MURUGESAN C,Independent,289,0,289,0.12,239140,524736,85708,False
Natham,MURUGAN K,Independent,273,0,273,0.11,239140,524736,85708,False
Natham,RAJASEKARAN P,Aanaithinthiya Jananayaka Pathukappu Kazhagam,246,1,247,0.1,239140,22964,85708,False
Natham,MARIA AROCKIAM S,Independent,245,0,245,0.1,239140,524736,85708,False
Natham,RAMA JANARTHANAN S,Independent,233,0,233,0.1,239140,524736,85708,False
Natham,VENKATESH P,Independent,175,0,175,0.07,239140,524736,85708,False
Natham,SATHAM USAIN M,Independent,154,1,155,0.06,239140,524736,85708,False
Natham,VENKATESAN G,Independent,148,1,149,0.06,239140,524736,85708,False
Natham,MANIKANDAN V,Independent,137,1,138,0.06,239140,524736,85708,False
Natham,TAMILSELVAN C,Independent,108,3,111,0.05,239140,524736,85708,False
Natham,VIJAYAKUMAR S,Puthiya Tamilagam,103,0,103,0.04,239140,93652,85708,False
Natham,DHANDABANI K,Independent,79,2,81,0.03,239140,524736,85708,False
Natham,SUNDAR C,Independent,53,0,53,0.02,239140,524736,85708,False
Neyveli,RAJENDRAN.R,All India Anna Dravida Munnetra Kazhagam,62862,869,63731,37.76,168780,10462146,63731,True
Neyveli,SABA.RAJENDRAN,Dravida Munnetra Kazhagam,51951,818,52769,31.26,168780,11928996,63731,False
Neyveli,ANAND.K,Tamilaga Vettri Kazhagam,33956,335,34291,20.32,168780,17226030,63731,False
Neyveli,THIRUMALVALAVAN.T,Tamizhaga Vaazhvurimai Katchi,11246,135,11381,6.74,168780,74809,63731,False
Neyveli,VEERAMANI.B,Naam Tamilar Katchi,4382,62,4444,2.63,168780,1972520,63731,False
Neyveli,NOTA,None of the Above,764,4,768,0.46,168780,199800,63731,False
Neyveli,KARTHIKEYAN.C.M,Independent,457,2,459,0.27,168780,524736,63731,False
Neyveli,MANIMARAN.P,Independent,343,4,347,0.21,168780,524736,63731,False
Neyveli,CHEZHIYAN.G,Independent,220,1,221,0.13,168780,524736,63731,False
Neyveli,MAYAKRISHNAN.K,Veerath Thiyagi Viswanathadoss Thozhilalarkal Katchi,136,0,136,0.08,168780,5624,63731,False
Neyveli,JOTHIMURUGAN.V,Bahujan Samaj Party,130,1,131,0.08,168780,53369,63731,False
Neyveli,SATHIYASEELAN.M,Independent,100,2,102,0.06,168780,524736,63731,False
Nilakkottai,AYYANAR.R,Tamilaga Vettri Kazhagam,67953,627,68580,34.71,197593,17226030,68580,True
Nilakkottai,NAGAJOTHI.S,Dravida Munnetra Kazhagam,64944,711,65655,33.23,197593,11928996,68580,False
Nilakkottai,THENMOZHI.S,All India Anna Dravida Munnetra Kazhagam,49510,414,49924,25.27,197593,10462146,68580,False
Nilakkottai,DR.KAILAI RAJAN.D,Naam Tamilar Katchi,8486,129,8615,4.36,197593,1972520,68580,False
Nilakkottai,SELVAM.P B.A. B.L.,Republican Party of India (A),738,25,763,0.39,197593,763,68580,False
Nilakkottai,NOTA,None of the Above,624,18,642,0.32,197593,199800,68580,False
Nilakkottai,MANIKANDAN.P,Independent,515,0,515,0.26,197593,524736,68580,False
Nilakkottai,RAJALAKSHMI.M,Bahujan Samaj Party,501,4,505,0.26,197593,53369,68580,False
Nilakkottai,SANKAR.P,Puthiya Tamilagam,427,14,441,0.22,197593,93652,68580,False
Nilakkottai,VIJAYAPANDIYAN.M,Independent,413,2,415,0.21,197593,524736,68580,False
Nilakkottai,ANBALAGAN.G,All India Puratchi Thalaivar Makkal Munnettra Kazhagam,390,9,399,0.2,197593,133479,68580,False
Nilakkottai,MANOHARAN.M,Independent,349,0,349,0.18,197593,524736,68580,False
Nilakkottai,ALAPPAN.A,Independent,330,1,331,0.17,197593,524736,68580,False
Nilakkottai,PERUMAL.N,Independent,237,1,238,0.12,197593,524736,68580,False
Nilakkottai,CHELLAM.K,Independent,160,2,162,0.08,197593,524736,68580,False
Nilakkottai,KARUPPAIAH.S,Independent,59,0,59,0.03,197593,524736,68580,False
Oddanchatram,SAKKARAPANI. R,Dravida Munnetra Kazhagam,92068,1031,93099,46.17,201624,11928996,93099,True
Oddanchatram,VIDIYAL S. SEKAR,Bharatiya Janata Party,49494,356,49850,24.72,201624,1466979,93099,False
Oddanchatram,MOHAN. S,Tamilaga Vettri Kazhagam,48906,249,49155,24.38,201624,17226030,93099,False
Oddanchatram,RAGUPATHI. P,Naam Tamilar Katchi,5382,72,5454,2.71,201624,1972520,93099,False
Oddanchatram,NOTA,None of the Above,1478,13,1491,0.74,201624,199800,93099,False
Oddanchatram,PRABAHARAN. M,Independent,646,0,646,0.32,201624,524736,93099,False
Oddanchatram,MURUGARAJ. P,Bahujan Samaj Party,508,8,516,0.26,201624,53369,93099,False
Oddanchatram,ALAGIYANNAN. A,Independent,298,3,301,0.15,201624,524736,93099,False
Oddanchatram,NAGUL PRAKASH. A,Independent,240,0,240,0.12,201624,524736,93099,False
Oddanchatram,RAGHUNATH. K,Independent,216,0,216,0.11,201624,524736,93099,False
Oddanchatram,MANIKANNAN. A,Independent,191,1,192,0.1,201624,524736,93099,False
Oddanchatram,KUMARRATHINAM. M,Independent,174,1,175,0.09,201624,524736,93099,False
Oddanchatram,CHELLAMUTHU. K,Independent,101,0,101,0.05,201624,524736,93099,False
Oddanchatram,ANANTHRAJ. T,Independent,99,0,99,0.05,201624,524736,93099,False
Oddanchatram,ARUMUGAM. M,Independent,89,0,89,0.04,201624,524736,93099,False
Omalur,MANI. R,All India Anna Dravida Munnetra Kazhagam,110810,1436,112246,41.4,271119,10462146,112246,True
Omalur,ADHIYAMAAN. R.V,Tamilaga Vettri Kazhagam,97026,681,97707,36.04,271119,17226030,112246,False
Omalur,ELANGOVAN. A.R,Desiya Murpokku Dravida Kazhagam,45941,976,46917,17.3,271119,589500,112246,False
Omalur,SIVASAKTHI. M,Naam Tamilar Katchi,8222,148,8370,3.09,271119,1972520,112246,False
Omalur,GOBINATHAN. R,Independent,1542,2,1544,0.57,271119,524736,112246,False
Omalur,NOTA,None of the Above,1417,16,1433,0.53,271119,199800,112246,False
Omalur,MAYAKKANNAN. R,Independent,629,0,629,0.23,271119,524736,112246,False
Omalur,KRISHNAMOORTHY. D,Tamizhaga Vaazhvurimai Katchi,535,2,537,0.2,271119,74809,112246,False
Omalur,MOHANRAJ. P.M,Independent,378,0,378,0.14,271119,524736,112246,False
Omalur,SURESHKUMAR. S,Aanaithinthiya Jananayaka Pathukappu Kazhagam,354,9,363,0.13,271119,22964,112246,False
Omalur,JEGANATHAN. A,Independent,207,0,207,0.08,271119,524736,112246,False
Omalur,MANOKARAN. A,Independent,190,7,197,0.07,271119,524736,112246,False
Omalur,SANTHALINGAM. C,Independent,163,1,164,0.06,271119,524736,112246,False
Omalur,ARUL PRAKASH. T,Independent,144,5,149,0.05,271119,524736,112246,False
Omalur,PERUMAL. S,Independent,132,10,142,0.05,271119,524736,112246,False
Omalur,MANI. V,Independent,136,0,136,0.05,271119,524736,112246,False
Orathanadu,R. VAITHILINGAM,Dravida Munnetra Kazhagam,85816,943,86759,44.42,195304,11928996,86759,True
Orathanadu,DR. K. ARVIND,Tamilaga Vettri Kazhagam,51412,319,51731,26.49,195304,17226030,86759,False
Orathanadu,M. SEKAR,All India Anna Dravida Munnetra Kazhagam,43890,370,44260,22.66,195304,10462146,86759,False
Orathanadu,S.THIRUMURUGAN,Naam Tamilar Katchi,10048,87,10135,5.19,195304,1972520,86759,False
Orathanadu,NOTA,None of the Above,625,6,631,0.32,195304,199800,86759,False
Orathanadu,M. SELVARAJ,Party for the Rights of Other backward Classes,545,3,548,0.28,195304,4101,86759,False
Orathanadu,M. KANAGARAJ,Independent,353,1,354,0.18,195304,524736,86759,False
Orathanadu,C. GUNASEKARAN,Thamizh Desiya Munnetra Kazhagam,351,1,352,0.18,195304,1109,86759,False
Orathanadu,T. VIJAYAKUMAR,Independent,269,8,277,0.14,195304,524736,86759,False
Orathanadu,A. AJESHKANNAN,Independent,257,0,257,0.13,195304,524736,86759,False
Ottapidaram,P .MATHANRAJA,Tamilaga Vettri Kazhagam,80561,1064,81625,41.62,196117,17226030,81625,True
Ottapidaram,P.M.RAMAJEYAM,Dravida Munnetra Kazhagam,51927,615,52542,26.79,196117,11928996,81625,False
Ottapidaram,R SUNDARARAJ,Amma Makkal Munnettra Kazagam,25390,481,25871,13.19,196117,425345,81625,False
Ottapidaram,M. ANUSIYA,Naam Tamilar Katchi,16966,313,17279,8.81,196117,1972520,81625,False
Ottapidaram,DR.K. KRISHNASAMY,Puthiya Tamilagam,14756,294,15050,7.67,196117,93652,81625,False
Ottapidaram,NOTA,None of the Above,853,26,879,0.45,196117,199800,81625,False
Ottapidaram,C. ARUNA DEVI,Nam Naadu Nam Makkal Nam Ethirkaalam Katchi,745,16,761,0.39,196117,1466,81625,False
Ottapidaram,C .SELVAKUMAR,Tamizhaga Vaazhvurimai Katchi,506,9,515,0.26,196117,74809,81625,False
Ottapidaram,VEDAPRAKASH. A,Independent,387,0,387,0.2,196117,524736,81625,False
Ottapidaram,M. ANANTH,Independent,354,3,357,0.18,196117,524736,81625,False
Ottapidaram,S .MUTHUSELVAM,Independent,260,4,264,0.13,196117,524736,81625,False
Ottapidaram,SUBBULAKSHMI. S,Naam Indiar Party,226,4,230,0.12,196117,4474,81625,False
Ottapidaram,M .LAKSHMANAN,Independent,197,4,201,0.1,196117,524736,81625,False
Ottapidaram,G .MURUGAN,Independent,152,4,156,0.08,196117,524736,81625,False
Padmanabhapuram,CHELLASWAMY. R,Communist Party of India (Marxist),67896,1042,68938,38.18,180555,293817,68938,True
Padmanabhapuram,KRISHNA KUMAR. S,Tamilaga Vettri Kazhagam,52741,628,53369,29.56,180555,17226030,68938,False
Padmanabhapuram,RAMESH. P,Bharatiya Janata Party,43413,880,44293,24.53,180555,1466979,68938,False
Padmanabhapuram,SEELAN,Naam Tamilar Katchi,11048,240,11288,6.25,180555,1972520,68938,False
Padmanabhapuram,NOTA,None of the Above,596,19,615,0.34,180555,199800,68938,False
Padmanabhapuram,VASANTHI. R,Independent,444,9,453,0.25,180555,524736,68938,False
Padmanabhapuram,DURAI RAJ. S,Independent,371,2,373,0.21,180555,524736,68938,False
Padmanabhapuram,RAKESH KUMAR. M,Thamizhaka Padaippalar Makkal Katchi,340,6,346,0.19,180555,4020,68938,False
Padmanabhapuram,SYEDALI. A,Our Mahathma National Party,311,3,314,0.17,180555,508,68938,False
Padmanabhapuram,DR. KRISHNA PRASAD. B,Independent,228,1,229,0.13,180555,524736,68938,False
Padmanabhapuram,ARUL MANI. H,Independent,190,3,193,0.11,180555,524736,68938,False
Padmanabhapuram,VAIKUNDAMANI. N,Tamizhaga Vaazhvurimai Katchi,139,5,144,0.08,180555,74809,68938,False
Palacode,ANBALAGAN. K.P.,All India Anna Dravida Munnetra Kazhagam,101533,1274,102807,45.64,225257,10462146,102807,True
Palacode,GOPI. R.,Tamilaga Vettri Kazhagam,63211,554,63765,28.31,225257,17226030,102807,False
Palacode,DR. DNV SENTHILKUMAR. S.,Dravida Munnetra Kazhagam,49220,823,50043,22.22,225257,11928996,102807,False
Palacode,BOOPATHI. R.,Naam Tamilar Katchi,5492,106,5598,2.49,225257,1972520,102807,False
Palacode,NOTA,None of the Above,1285,7,1292,0.57,225257,199800,102807,False
Palacode,RAMAN. M.,Independent,358,0,358,0.16,225257,524736,102807,False
Palacode,MADHAPPAN. P.,Independent,281,2,283,0.13,225257,524736,102807,False
Palacode,PERUMAL MUNUSAMY. M.,Independent,222,1,223,0.1,225257,524736,102807,False
Palacode,RAMESH. P.,Naadaalum Makkal Katchi,176,3,179,0.08,225257,9715,102807,False
Palacode,PALANIYAMMAL. M.,Tamilar Makkal Katchi,153,2,155,0.07,225257,2056,102807,False
Palacode,SENTHILKUMAR. G.,Independent,140,5,145,0.06,225257,524736,102807,False
Palacode,JAYARAMAN PERUMAL. P.,Tamizhaga Vaazhvurimai Katchi,115,3,118,0.05,225257,74809,102807,False
Palacode,SENTHILKUMAR. K,Independent,109,7,116,0.05,225257,524736,102807,False
Palacode,CHINNASAMY. N.,Independent,114,0,114,0.05,225257,524736,102807,False
Palacode,KRISHNAN. L.,Independent,61,0,61,0.03,225257,524736,102807,False
Palani,RAVIMANOHARAN. K,All India Anna Dravida Munnetra Kazhagam,66426,560,66986,32.11,208619,10462146,66986,True
Palani,DR. PRAVEEN KUMAR. M,Tamilaga Vettri Kazhagam,65742,551,66293,31.78,208619,17226030,66986,False
Palani,PANDI. N,Communist Party of India (Marxist),64942,592,65534,31.41,208619,293817,66986,False
Palani,MURUGESWARI. B,Naam Tamilar Katchi,6195,105,6300,3.02,208619,1972520,66986,False
Palani,NOTA,None of the Above,738,12,750,0.36,208619,199800,66986,False
Palani,NACHIMUTHU. S,Bahujan Samaj Party,580,5,585,0.28,208619,53369,66986,False
Palani,JAYAKUMAR. T,Independent,519,1,520,0.25,208619,524736,66986,False
Palani,PRAVEENKUMAR. R,Independent,283,0,283,0.14,208619,524736,66986,False
Palani,RAMAMOORTHI. G,Rashtriya Samaj Dal (R),271,2,273,0.13,208619,1760,66986,False
Palani,ASHOKKUMAR. G,Independent,253,1,254,0.12,208619,524736,66986,False
Palani,BALACHANDRAN. M,Independent,214,0,214,0.1,208619,524736,66986,False
Palani,MADHESWARI. R,Independent,178,0,178,0.09,208619,524736,66986,False
Palani,VAYKKALDURAI. K,Puthiya Tamilagam,148,3,151,0.07,208619,93652,66986,False
Palani,THANNASIAPPAN. P,Independent,135,1,136,0.07,208619,524736,66986,False
Palani,THIRUMALAISAMY. B,Independent,90,2,92,0.04,208619,524736,66986,False
Palani,ANBARASU. R,Independent,70,0,70,0.03,208619,524736,66986,False
Palayamkottai,M.ABDUL WAHAB,Dravida Munnetra Kazhagam,78293,1451,79744,44.15,180620,11928996,79744,True
Palayamkottai,MARIA JOHN,Tamilaga Vettri Kazhagam,64944,995,65939,36.51,180620,17226030,79744,False
Palayamkottai,SYED SULTHAN SAMSUDEEN,All India Anna Dravida Munnetra Kazhagam,19259,473,19732,10.92,180620,10462146,79744,False
Palayamkottai,SANKARA NARAYANAN ALIAS SARAN,Naam Tamilar Katchi,10218,247,10465,5.79,180620,1972520,79744,False
Palayamkottai,NOTA,None of the Above,804,47,851,0.47,180620,199800,79744,False
Palayamkottai,PAULRAJ.V,Independent,700,17,717,0.4,180620,524736,79744,False
Palayamkottai,KARTHICK NARAYANAN S.,Independent,603,16,619,0.34,180620,524736,79744,False
Palayamkottai,ABDUL KOYA,Independent,539,21,560,0.31,180620,524736,79744,False
Palayamkottai,T.A.UMAR,Tamizhaga Vaazhvurimai Katchi,489,4,493,0.27,180620,74809,79744,False
Palayamkottai,SRINIVASH,Independent,346,0,346,0.19,180620,524736,79744,False
Palayamkottai,V.GEORGE,Independent,220,1,221,0.12,180620,524736,79744,False
Palayamkottai,ESAKKIMUTHU,Puthiya Makkal Tamil Desam Katchi,193,8,201,0.11,180620,2651,79744,False
Palayamkottai,M.MANIKANDAN,Independent,149,0,149,0.08,180620,524736,79744,False
Palayamkottai,NALLAKKANNU ALIAS KARTHIC.K,Independent,140,0,140,0.08,180620,524736,79744,False
Palayamkottai,A. SUDHAHAR,Independent,124,3,127,0.07,180620,524736,79744,False
Palayamkottai,S.THANGADURAI,Naam Indiar Party,121,2,123,0.07,180620,4474,79744,False
Palayamkottai,D.SANTHIYAGAPPAR ANTONY,Independent,97,7,104,0.06,180620,524736,79744,False
Palayamkottai,R.SESU,Independent,82,7,89,0.05,180620,524736,79744,False
Palladam,K.RAMKUMAR,Tamilaga Vettri Kazhagam,120703,594,121297,40.3,301014,17226030,121297,True
Palladam,K.P.PARAMASIVAM,All India Anna Dravida Munnetra Kazhagam,82761,639,83400,27.71,301014,10462146,121297,False
Palladam,K.SELVARAJ,Dravida Munnetra Kazhagam,77804,821,78625,26.12,301014,11928996,121297,False
Palladam,K.V.THAMILINIYAN,Naam Tamilar Katchi,13038,103,13141,4.37,301014,1972520,121297,False
Palladam,NOTA,None of the Above,1402,15,1417,0.47,301014,199800,121297,False
Palladam,K.RATHINASAMY,Bahujan Samaj Party,574,4,578,0.19,301014,53369,121297,False
Palladam,V.MOHANRAJ,Independent,407,0,407,0.14,301014,524736,121297,False
Palladam,A. RAMESH,Independent,362,2,364,0.12,301014,524736,121297,False
Palladam,A.ANNADURAI,Independent,344,2,346,0.11,301014,524736,121297,False
Palladam,S.DHARMARAJ,Tamilaga Makkal Nala Katchi,326,1,327,0.11,301014,1555,121297,False
Palladam,ANNADURAI.R,Independent,284,1,285,0.09,301014,524736,121297,False
Palladam,S.ARUMUGAM,Independent,274,0,274,0.09,301014,524736,121297,False
Palladam,K.SAKTHIVEL,Anna Puratchi Thalaivar Amma Dravida Munnetra Kazhagam,180,4,184,0.06,301014,3034,121297,False
Palladam,G.SELVARAJ,Independent,162,1,163,0.05,301014,524736,121297,False
Palladam,M. SELVARAJ,Independent,123,0,123,0.04,301014,524736,121297,False
Palladam,A.SARAVANAN,Independent,79,4,83,0.03,301014,524736,121297,False
Pallavaram,J.KAMATCHI,Tamilaga Vettri Kazhagam,133119,492,133611,47.1,283677,17226030,133611,True
Pallavaram,D.MURUGESAN,Desiya Murpokku Dravida Kazhagam,78342,576,78918,27.82,283677,589500,133611,False
Pallavaram,V.VENKATESAN,All India Anna Dravida Munnetra Kazhagam,48309,612,48921,17.25,283677,10462146,133611,False
Pallavaram,DR.R.KARTHIKEYAN,Naam Tamilar Katchi,13961,104,14065,4.96,283677,1972520,133611,False
Pallavaram,NOTA,None of the Above,1580,22,1602,0.56,283677,199800,133611,False
Pallavaram,RAJESH T R,Independent,1271,6,1277,0.45,283677,524736,133611,False
Pallavaram,N.BHARATHI,Bahujan Samaj Party,554,8,562,0.2,283677,53369,133611,False
Pallavaram,A.THANGARAJ,Puthiya Tamilagam,548,7,555,0.2,283677,93652,133611,False
Pallavaram,B.RAJESWARI,Naadaalum Makkal Katchi,437,6,443,0.16,283677,9715,133611,False
Pallavaram,N.RAMKUMAR,Independent,427,2,429,0.15,283677,524736,133611,False
Pallavaram,M.L.RAVI,Desiya Makkal Sakthi Katchi,375,2,377,0.13,283677,2279,133611,False
Pallavaram,T.AMIRTHA KANTHAN,Naam Indiar Party,346,3,349,0.12,283677,4474,133611,False
Pallavaram,M.SIVAKUMAR,Independent,319,3,322,0.11,283677,524736,133611,False
Pallavaram,R.MUTHUKUMAR,Independent,298,0,298,0.11,283677,524736,133611,False
Pallavaram,S.RAHAMATHULLA,Tamizhaga Vaazhvurimai Katchi,294,0,294,0.1,283677,74809,133611,False
Pallavaram,G.RAMESHBABU,Indhu Dravida Makkal Katchi,275,8,283,0.1,283677,2112,133611,False
Pallavaram,S.SATHIYARAJ,Independent,235,0,235,0.08,283677,524736,133611,False
Pallavaram,R.JAWAHAR,Independent,232,1,233,0.08,283677,524736,133611,False
Pallavaram,R.RAJKUMAR,All India Puratchi Thalaivar Makkal Munnettra Kazhagam,230,1,231,0.08,283677,133479,133611,False
Pallavaram,G.JOHN PANDIAN,Independent,208,4,212,0.07,283677,524736,133611,False
Pallavaram,S.SUNDARAMOORTHY PANDIYAR,Independent,179,1,180,0.06,283677,524736,133611,False
Pallavaram,P.RAVICHANDRAN,Independent,102,1,103,0.04,283677,524736,133611,False
Pallavaram,S.VETRI VEL,Independent,98,1,99,0.03,283677,524736,133611,False
Pallavaram,M.SANKAR,Independent,77,1,78,0.03,283677,524736,133611,False
Panruti,MOHAN. K,All India Anna Dravida Munnetra Kazhagam,77385,1013,78398,37.2,210767,10462146,78398,True
Panruti,ABDUR RAHMAN. A.R,Viduthalai Chiruthaigal Katchi,66816,919,67735,32.14,210767,540056,78398,False
Panruti,MANIKANDAN. M,Tamilaga Vettri Kazhagam,55455,567,56022,26.58,210767,17226030,78398,False
Panruti,BANUPRIYA. M,Naam Tamilar Katchi,4783,101,4884,2.32,210767,1972520,78398,False
Panruti,SURENDAR. R,Tamizhaga Vaazhvurimai Katchi,1430,19,1449,0.69,210767,74809,78398,False
Panruti,NOTA,None of the Above,899,8,907,0.43,210767,199800,78398,False
Panruti,MOHAMMED SAFI. A,Independent,430,1,431,0.2,210767,524736,78398,False
Panruti,SRIKANTHU. S,Bahujan Samaj Party,410,2,412,0.2,210767,53369,78398,False
Panruti,PRAKASH. R,Thamizhaka Padaippalar Makkal Katchi,387,1,388,0.18,210767,4020,78398,False
Panruti,RAMALINGAM. A,Independent,138,3,141,0.07,210767,524736,78398,False
Papanasam,A.M. SHAHJAHAN,Indian Union Muslim League,68742,542,69284,33.35,207723,142465,69284,True
Papanasam,AZARUDEEN UDUMAN ALI,Tamilaga Vettri Kazhagam,67855,364,68219,32.84,207723,17226030,69284,False
Papanasam,DORAI. SHANMUGA PRABU,All India Anna Dravida Munnetra Kazhagam,56543,529,57072,27.48,207723,10462146,69284,False
Papanasam,ANIS FATHIMA,Naam Tamilar Katchi,9497,107,9604,4.62,207723,1972520,69284,False
Papanasam,NOTA,None of the Above,702,14,716,0.34,207723,199800,69284,False
Papanasam,C. CHANDRASEKARAN,Thamizh Desiya Munnetra Kazhagam,515,9,524,0.25,207723,1109,69284,False
Papanasam,A. ANIS FATHIMA ABDUL RAHIM,Independent,501,2,503,0.24,207723,524736,69284,False
Papanasam,K. MASILAMANI,Communist Party of India (Marxist-Leninist) (Liberation),354,1,355,0.17,207723,3983,69284,False
Papanasam,B. DHAMODHARAN,Tamizhaga Vaazhvurimai Katchi,303,4,307,0.15,207723,74809,69284,False
Papanasam,S. NATARAJAN,Independent,296,1,297,0.14,207723,524736,69284,False
Papanasam,V. THIYAGARAJAN,Independent,248,0,248,0.12,207723,524736,69284,False
Papanasam,V. KULANDHAIVELU,Independent,202,3,205,0.1,207723,524736,69284,False
Papanasam,A S THANGARASU,Independent,196,5,201,0.1,207723,524736,69284,False
Papanasam,K. RAJENDRAN,Independent,187,1,188,0.09,207723,524736,69284,False
Pappireddipatti,MARAGATHAM VETRIVEL,All India Anna Dravida Munnetra Kazhagam,100096,1733,101829,43.03,236621,10462146,101829,True
Pappireddipatti,PALANIAPPAN. P,Dravida Munnetra Kazhagam,66830,1885,68715,29.04,236621,11928996,101829,False
Pappireddipatti,THILAGAVATHI. S,Tamilaga Vettri Kazhagam,56666,953,57619,24.35,236621,17226030,101829,False
Pappireddipatti,ARCHANA TAMILARUVI,Naam Tamilar Katchi,5060,156,5216,2.2,236621,1972520,101829,False
Pappireddipatti,GANESAN. S,Vishwa Tamil Kazhagam,761,9,770,0.33,236621,3576,101829,False
Pappireddipatti,NOTA,None of the Above,661,16,677,0.29,236621,199800,101829,False
Pappireddipatti,MURUGAN. S,Independent,326,1,327,0.14,236621,524736,101829,False
Pappireddipatti,PALANIAPPAN. R,Independent,309,6,315,0.13,236621,524736,101829,False
Pappireddipatti,MOORTHI. P,Independent,301,1,302,0.13,236621,524736,101829,False
Pappireddipatti,CHENNAKRISHNAN. V,All India Puratchi Thalaivar Makkal Munnettra Kazhagam,238,5,243,0.1,236621,133479,101829,False
Pappireddipatti,JAMUNARANI. M,Naadaalum Makkal Katchi,186,1,187,0.08,236621,9715,101829,False
Pappireddipatti,TAMILRAJ. K,Independent,143,3,146,0.06,236621,524736,101829,False
Pappireddipatti,POOVARASU,Tamilar Makkal Katchi,121,0,121,0.05,236621,2056,101829,False
Pappireddipatti,CHINNASAMY. P,Independent,78,0,78,0.03,236621,524736,101829,False
Pappireddipatti,SATHISH. S,Independent,75,1,76,0.03,236621,524736,101829,False
Paramakudi,ADVOCATE. KATHIRAVAN. K.K,Dravida Munnetra Kazhagam,58217,944,59161,31.18,189753,11928996,59161,True
Paramakudi,GOPIRAJAN. G,Tamilaga Vettri Kazhagam,54856,757,55613,29.31,189753,17226030,59161,False
Paramakudi,DR. MUTHIAH. S,All India Anna Dravida Munnetra Kazhagam,53299,800,54099,28.51,189753,10462146,59161,False
Paramakudi,EZHIL ELAVARASI. R,Naam Tamilar Katchi,15013,350,15363,8.1,189753,1972520,59161,False
Paramakudi,AMIRTHA. M,All India Puratchi Thalaivar Makkal Munnettra Kazhagam,2191,48,2239,1.18,189753,133479,59161,False
Paramakudi,RATHINA PRAKASH. K,Puthiya Tamilagam,936,68,1004,0.53,189753,93652,59161,False
Paramakudi,NOTA,None of the Above,685,25,710,0.37,189753,199800,59161,False
Paramakudi,KATHIRAVAN. R,Independent,377,2,379,0.2,189753,524736,59161,False
Paramakudi,RAJU. A,Independent,322,2,324,0.17,189753,524736,59161,False
Paramakudi,RAJA. M,Independent,265,3,268,0.14,189753,524736,59161,False
Paramakudi,KARTHIK VANI. B,Independent,230,0,230,0.12,189753,524736,59161,False
Paramakudi,MUTHTHIAH. M,Independent,223,2,225,0.12,189753,524736,59161,False
Paramakudi,RADHA KRISHNAN. G,Independent,137,1,138,0.07,189753,524736,59161,False
Paramathi-Velur,SEKAR S,All India Anna Dravida Munnetra Kazhagam,60017,1332,61349,32.49,188845,10462146,61349,True
Paramathi-Velur,MOORTHIY K S,Dravida Munnetra Kazhagam,59402,1639,61041,32.32,188845,11928996,61349,False
Paramathi-Velur,NANDAKUMAR A,Tamilaga Vettri Kazhagam,55408,659,56067,29.69,188845,17226030,61349,False
Paramathi-Velur,ARAVIND M,Naam Tamilar Katchi,5612,115,5727,3.03,188845,1972520,61349,False
Paramathi-Velur,NOTA,None of the Above,431,18,449,0.24,188845,199800,61349,False
Paramathi-Velur,SHAILAJA,Tamizhaga Vaazhvurimai Katchi,438,6,444,0.24,188845,74809,61349,False
Paramathi-Velur,MANOJKUMAR M,Independent,337,1,338,0.18,188845,524736,61349,False
Paramathi-Velur,SELVARASU S,Anna Puratchi Thalaivar Amma Dravida Munnetra Kazhagam,330,4,334,0.18,188845,3034,61349,False
Paramathi-Velur,SEKAR C,Independent,308,1,309,0.16,188845,524736,61349,False
Paramathi-Velur,RAMAN V,Bahujan Samaj Party,257,2,259,0.14,188845,53369,61349,False
Paramathi-Velur,SEKAR V,Independent,246,3,249,0.13,188845,524736,61349,False
Paramathi-Velur,RAJA R,Independent,230,2,232,0.12,188845,524736,61349,False
Paramathi-Velur,GOPALAN G,Independent,231,0,231,0.12,188845,524736,61349,False
Paramathi-Velur,PARAMESHWARI S,Independent,192,0,192,0.1,188845,524736,61349,False
Paramathi-Velur,SUDHARSAN K,Independent,171,1,172,0.09,188845,524736,61349,False
Paramathi-Velur,PALANISAMY S,Independent,169,0,169,0.09,188845,524736,61349,False
Paramathi-Velur,KANDASAMY S,Independent,156,2,158,0.08,188845,524736,61349,False
Paramathi-Velur,VIJAY SURYABHALAAJI K R,All India Puratchi Thalaivar Makkal Munnettra Kazhagam,133,4,137,0.07,188845,133479,61349,False
Paramathi-Velur,BAKKIAM P,Anaithinthiya Anna Dravida Makkal Seyal katchi,114,2,116,0.06,188845,1462,61349,False
Paramathi-Velur,PRATHAP K,Independent,111,1,112,0.06,188845,524736,61349,False
Paramathi-Velur,THANGARASU M,Independent,100,0,100,0.05,188845,524736,61349,False
Paramathi-Velur,LATHA A,Independent,90,0,90,0.05,188845,524736,61349,False
Paramathi-Velur,KARTHIK R,Independent,78,5,83,0.04,188845,524736,61349,False
Paramathi-Velur,SURESH R,Independent,82,0,82,0.04,188845,524736,61349,False
Paramathi-Velur,RAMASAMY N,Independent,71,0,71,0.04,188845,524736,61349,False
Paramathi-Velur,MURTHI,Independent,53,0,53,0.03,188845,524736,61349,False
Paramathi-Velur,RAMESH R,Independent,53,0,53,0.03,188845,524736,61349,False
Paramathi-Velur,VIJAYAKUMAR A,Independent,53,0,53,0.03,188845,524736,61349,False
Paramathi-Velur,BALAJI R,Independent,52,0,52,0.03,188845,524736,61349,False
Paramathi-Velur,RANJITH K,Independent,50,0,50,0.03,188845,524736,61349,False
Paramathi-Velur,RAMESH P,Independent,37,0,37,0.02,188845,524736,61349,False
Paramathi-Velur,MOORTHI M,Independent,35,1,36,0.02,188845,524736,61349,False
Pattukkottai,ANNADURAI K,Dravida Munnetra Kazhagam,65297,666,65963,35.9,183745,11928996,65963,True
Pattukkottai,MATHAN C,Tamilaga Vettri Kazhagam,51962,247,52209,28.41,183745,17226030,65963,False
Pattukkottai,SEKAR C V,All India Anna Dravida Munnetra Kazhagam,49324,251,49575,26.98,183745,10462146,65963,False
Pattukkottai,KANNAN S,Naam Tamilar Katchi,13032,113,13145,7.15,183745,1972520,65963,False
Pattukkottai,NOTA,None of the Above,729,9,738,0.4,183745,199800,65963,False
Pattukkottai,GURUMOORTHY M,Puthiya Tamilagam,519,2,521,0.28,183745,93652,65963,False
Pattukkottai,ANNADURAI C N,Independent,382,0,382,0.21,183745,524736,65963,False
Pattukkottai,ZIAUDEEN A J,Independent,285,4,289,0.16,183745,524736,65963,False
Pattukkottai,MOHAMED SHARIF M,Independent,243,7,250,0.14,183745,524736,65963,False
Pattukkottai,MUTHUKUMAR D,Independent,240,0,240,0.13,183745,524736,65963,False
Pattukkottai,SURESH M R,Independent,237,1,238,0.13,183745,524736,65963,False
Pattukkottai,SURESH R,Independent,195,0,195,0.11,183745,524736,65963,False
Pennagaram,GAJENDRAN. S.,Tamilaga Vettri Kazhagam,80473,767,81240,35.53,228666,17226030,81240,True
Pennagaram,SELVAM. V.,Pattali Makkal Katchi,76737,1338,78075,34.14,228666,1070745,81240,False
Pennagaram,G. K. M. TAMILKUMARAN,Indian National Congress,52934,967,53901,23.57,228666,1661312,81240,False
Pennagaram,PALANIYAMMAL. T.,Naam Tamilar Katchi,7234,124,7358,3.22,228666,1972520,81240,False
Pennagaram,NOTA,None of the Above,656,18,674,0.29,228666,199800,81240,False
Pennagaram,THAVAMANI. C.,Tamizhaga Vaazhvurimai Katchi,620,8,628,0.27,228666,74809,81240,False
Pennagaram,AJITH KUMAR. S.,Bahujan Samaj Party,550,7,557,0.24,228666,53369,81240,False
Pennagaram,KANNAN. K.,Tamilar Makkal Katchi,544,2,546,0.24,228666,2056,81240,False
Pennagaram,POOMANI. P.,Independent,532,1,533,0.23,228666,524736,81240,False
Pennagaram,ARUNKUMAR. G.,Independent,499,2,501,0.22,228666,524736,81240,False
Pennagaram,ANNAMALAI. M.,Independent,477,3,480,0.21,228666,524736,81240,False
Pennagaram,SAKTHIVEL. M.,Independent,478,2,480,0.21,228666,524736,81240,False
Pennagaram,GNANASELVAM. S.,Independent,462,1,463,0.2,228666,524736,81240,False
Pennagaram,THIRUMURUGAN. P.,Naadaalum Makkal Katchi,423,6,429,0.19,228666,9715,81240,False
Pennagaram,TAMILARASAN. M.,Independent,395,5,400,0.17,228666,524736,81240,False
Pennagaram,ELAVARSAN. A.,Independent,366,1,367,0.16,228666,524736,81240,False
Pennagaram,MANOHARAN. K. A.,Independent,362,2,364,0.16,228666,524736,81240,False
Pennagaram,VILKRISHNAN. R.,Independent,356,0,356,0.16,228666,524736,81240,False
Pennagaram,VEERAPPAN. M.,Independent,347,0,347,0.15,228666,524736,81240,False
Pennagaram,SENDRAYAN. G.,Independent,287,6,293,0.13,228666,524736,81240,False
Pennagaram,TAMILSELVI. S.,Independent,259,4,263,0.12,228666,524736,81240,False
Pennagaram,MANIVANNAN. S.,Independent,208,1,209,0.09,228666,524736,81240,False
Pennagaram,SELVAM. V.,Independent,202,0,202,0.09,228666,524736,81240,False
Perambalur,SIVAKUMAR. K,Tamilaga Vettri Kazhagam,89776,1106,90882,35.83,253654,17226030,90882,True
Perambalur,DR. JAYALAKSHMI. S.T,Dravida Munnetra Kazhagam,74447,2042,76489,30.15,253654,11928996,90882,False
Perambalur,THAMIZHSELVAN. R,All India Anna Dravida Munnetra Kazhagam,72040,676,72716,28.67,253654,10462146,90882,False
Perambalur,SUGANYA. J,Naam Tamilar Katchi,9312,162,9474,3.74,253654,1972520,90882,False
Perambalur,NOTA,None of the Above,1132,28,1160,0.46,253654,199800,90882,False
Perambalur,ARIVAZHAGAN. D,Bahujan Samaj Party,674,4,678,0.27,253654,53369,90882,False
Perambalur,SUBRAMANIAN. R,Independent,593,2,595,0.23,253654,524736,90882,False
Perambalur,SHIYAMALA. M,Independent,421,0,421,0.17,253654,524736,90882,False
Perambalur,DHAMODHARAN. S,Tamizhaga Vaazhvurimai Katchi,358,2,360,0.14,253654,74809,90882,False
Perambalur,CHANDRAKUMAR. P,Independent,339,0,339,0.13,253654,524736,90882,False
Perambalur,JAYACHANDRAN. B,Independent,304,1,305,0.12,253654,524736,90882,False
Perambalur,ANANDAJOTHI PARAMASIVAM,Independent,232,3,235,0.09,253654,524736,90882,False
Perambur,C. JOSEPH VIJAY,Tamilaga Vettri Kazhagam,119785,580,120365,58.89,204384,17226030,120365,True
Perambur,R.D. SHEKAR,Dravida Munnetra Kazhagam,66080,570,66650,32.61,204384,11928996,120365,False
Perambur,M. THILAGABAMA,Pattali Makkal Katchi,8471,90,8561,4.19,204384,1070745,120365,False
Perambur,S. VETRI THAMIZHAN,Naam Tamilar Katchi,5080,34,5114,2.5,204384,1972520,120365,False
Perambur,NOTA,None of the Above,598,3,601,0.29,204384,199800,120365,False
Perambur,A. RAJARAM,Republican Party of India (Athawale),255,1,256,0.13,204384,11047,120365,False
Perambur,G. RUTHRA KUMAR,Independent,235,3,238,0.12,204384,524736,120365,False
Perambur,AGNI AALVAR,Independent,227,3,230,0.11,204384,524736,120365,False
Perambur,VIJAY,All India Jananayaka Makkal Kazhagam,207,9,216,0.11,204384,1415,120365,False
Perambur,VETRI VEL SELVAM,Bahujan Samaj Party,172,2,174,0.09,204384,53369,120365,False
Perambur,V. RAJI,Independent,141,7,148,0.07,204384,524736,120365,False
Perambur,BOWDHARAJ,Independent,118,0,118,0.06,204384,524736,120365,False
Perambur,J. SEBASTIN,Socialist Unity Centre Of India (COMMUNIST),100,1,101,0.05,204384,642,120365,False
Perambur,D.V. VENUGOPAL,Tamizhaga Vaazhvurimai Katchi,97,1,98,0.05,204384,74809,120365,False
Perambur,DR.D. MADAN,Independent,95,0,95,0.05,204384,524736,120365,False
Perambur,K.M. DEVAN,Makkal Murasu Katchi,94,0,94,0.05,204384,94,120365,False
Perambur,B. BALAJI,Independent,93,0,93,0.05,204384,524736,120365,False
Perambur,VIJAY. G,Independent,89,1,90,0.04,204384,524736,120365,False
Perambur,AZARUTHEEN.M,Independent,78,0,78,0.04,204384,524736,120365,False
Perambur,P. THANGAMANI,Independent,78,0,78,0.04,204384,524736,120365,False
Perambur,S. JOSEPH,Independent,77,0,77,0.04,204384,524736,120365,False
Perambur,ASHLIN BELMEN .A.S,Tamilnadu Mahatma Gandhi Makkal Katchi,70,1,71,0.03,204384,71,120365,False
Perambur,NIVETHA,Independent,70,0,70,0.03,204384,524736,120365,False
Perambur,P. PONRAJ,Independent,62,1,63,0.03,204384,524736,120365,False
Perambur,DR.G. MOORTHY,Independent,52,1,53,0.03,204384,524736,120365,False
Perambur,R. JAYASEELAN,Independent,51,0,51,0.02,204384,524736,120365,False
Perambur,M. GEETA,Thakkam Katchi,47,0,47,0.02,204384,2416,120365,False
Perambur,S. SURESHKUMAR,Makkalatchi Katchi,45,1,46,0.02,204384,46,120365,False
Perambur,M. JOSEPH,Independent,43,0,43,0.02,204384,524736,120365,False
Perambur,M. KADHIRAVAN,Independent,41,0,41,0.02,204384,524736,120365,False
Perambur,DR.R. SARAVANA PERUMAL,Makkal Nalvaazhvuk Katchi,39,0,39,0.02,204384,461,120365,False
Perambur,M.I. THAHIRA BANU,Independent,32,1,33,0.02,204384,524736,120365,False
Perambur,S. MALATHI,Veerath Thiyagi Viswanathadoss Thozhilalarkal Katchi,32,0,32,0.02,204384,5624,120365,False
Perambur,AMALA.R,Independent,31,1,32,0.02,204384,524736,120365,False
Perambur,REEGAN PRABHU,Independent,31,0,31,0.02,204384,524736,120365,False
Perambur,SIVAKUMAR.V,Tamil Telugu National Party,30,0,30,0.01,204384,642,120365,False
Perambur,H. DHANASEKAR,Independent,28,0,28,0.01,204384,524736,120365,False
Perambur,B. VENKATESAN,Independent,26,0,26,0.01,204384,524736,120365,False
Perambur,S. MICHAEL,Independent,24,0,24,0.01,204384,524736,120365,False
Perambur,S. RAJESH KUMAR,Independent,21,0,21,0.01,204384,524736,120365,False
Perambur,B. SATHISH KUMAR,Independent,19,0,19,0.01,204384,524736,120365,False
Perambur,SATHISH.B,Independent,19,0,19,0.01,204384,524736,120365,False
Perambur,P. GUNASEKAR,Independent,18,0,18,0.01,204384,524736,120365,False
Perambur,S. RAMESH,Independent,17,0,17,0.01,204384,524736,120365,False
Perambur,E. UDHAYA KUMAR,Independent,15,1,16,0.01,204384,524736,120365,False
Perambur,P. ESAKKI MUTHU,Independent,14,0,14,0.01,204384,524736,120365,False
Perambur,S. VISHNU VARTHAN,Independent,13,0,13,0.01,204384,524736,120365,False
Perambur,M. TAMILSELVAM,Independent,12,0,12,0.01,204384,524736,120365,False
Peravurani,ASHOKKUMAR. N,Dravida Munnetra Kazhagam,60262,657,60919,34.56,176274,11928996,60919,True
Peravurani,GOVI.ELANGO,All India Anna Dravida Munnetra Kazhagam,57353,404,57757,32.77,176274,10462146,60919,False
Peravurani,D.CHANDRAKANDEEBAN,Tamilaga Vettri Kazhagam,45394,182,45576,25.86,176274,17226030,60919,False
Peravurani,BHUVANA MANIYARASAN,Naam Tamilar Katchi,9054,68,9122,5.17,176274,1972520,60919,False
Peravurani,NOTA,None of the Above,692,3,695,0.39,176274,199800,60919,False
Peravurani,R.RAVI,All India Puratchi Thalaivar Makkal Munnettra Kazhagam,557,3,560,0.32,176274,133479,60919,False
Peravurani,PASUMAIBHOOMI NATARAJAN,Independent,415,2,417,0.24,176274,524736,60919,False
Peravurani,NEIVELI SASIKUMAR,Tamizhaga Vaazhvurimai Katchi,411,4,415,0.24,176274,74809,60919,False
Peravurani,T.ARULMURUGAN,Independent,293,1,294,0.17,176274,524736,60919,False
Peravurani,G.CHITHIRAVELU,Puthiya Tamilagam,275,3,278,0.16,176274,93652,60919,False
Peravurani,U.UTHAYAKUMAR,Independent,235,6,241,0.14,176274,524736,60919,False
Periyakulam,SABARI IYNGARAN G.,Tamilaga Vettri Kazhagam,84822,834,85656,40.56,211209,17226030,85656,True
Periyakulam,SAKTHIVEL P.,Viduthalai Chiruthaigal Katchi,65657,678,66335,31.41,211209,540056,85656,False
Periyakulam,DR KATHIRKAMU K.,Amma Makkal Munnettra Kazagam,43902,619,44521,21.08,211209,425345,85656,False
Periyakulam,VIMALA R.,Naam Tamilar Katchi,9413,197,9610,4.55,211209,1972520,85656,False
Periyakulam,NOTA,None of the Above,1463,43,1506,0.71,211209,199800,85656,False
Periyakulam,MARISAMY V.,Puthiya Tamilagam,1141,20,1161,0.55,211209,93652,85656,False
Periyakulam,PALANICHAMY T.,Independent,632,4,636,0.3,211209,524736,85656,False
Periyakulam,ABITHA M.,Independent,388,2,390,0.18,211209,524736,85656,False
Periyakulam,DR. MOHANRAJ A.C. (P.T),Independent,334,9,343,0.16,211209,524736,85656,False
Periyakulam,VAIRAMUTHU D.,Independent,263,2,265,0.13,211209,524736,85656,False
Periyakulam,SELVARAJ R.,Independent,253,2,255,0.12,211209,524736,85656,False
Periyakulam,RANJEETH KUMAR J.,Socialist Unity Centre Of India (COMMUNIST),237,3,240,0.11,211209,642,85656,False
Periyakulam,KUMAR S.,Independent,138,8,146,0.07,211209,524736,85656,False
Periyakulam,SANMUGAVEL K.,Independent,141,4,145,0.07,211209,524736,85656,False
Perundurai,JAYAKUMAR. S,All India Anna Dravida Munnetra Kazhagam,69408,894,70302,35.03,200686,10462146,70302,True
Perundurai,THOPPU VENKATACHALAM (ALIAS) N.D. VENKATACHALAM,Dravida Munnetra Kazhagam,59662,947,60609,30.2,200686,11928996,70302,False
Perundurai,ARUNACHALAM. V. P,Tamilaga Vettri Kazhagam,59030,453,59483,29.64,200686,17226030,70302,False
Perundurai,INGUR. C. LOGANATHAN,Naam Tamilar Katchi,6401,67,6468,3.22,200686,1972520,70302,False
Perundurai,VENKATACHALAM. C,Independent,869,9,878,0.44,200686,524736,70302,False
Perundurai,NOTA,None of the Above,792,20,812,0.4,200686,199800,70302,False
Perundurai,ESWARAN. P,Bahujan Samaj Party,560,5,565,0.28,200686,53369,70302,False
Perundurai,GEORGE STEPHEN. A,Independent,341,4,345,0.17,200686,524736,70302,False
Perundurai,JAYAPRAKASH. K,Independent,287,2,289,0.14,200686,524736,70302,False
Perundurai,SHANTHOSH KRISHNAN. S,Tamizhaga Vaazhvurimai Katchi,268,3,271,0.14,200686,74809,70302,False
Perundurai,SANTHOSH. S,Independent,257,2,259,0.13,200686,524736,70302,False
Perundurai,PALANISAMY. M,Independent,172,2,174,0.09,200686,524736,70302,False
Perundurai,SELVARAJU. M,Independent,152,2,154,0.08,200686,524736,70302,False
Perundurai,VALARMATHI. P,Samaniya Makkal Nala Katchi,77,0,77,0.04,200686,5144,70302,False
Pollachi,K. NITHYANANDHAN,Dravida Munnetra Kazhagam,61347,666,62013,34.22,181196,11928996,62013,True
Pollachi,POLLACHI V. JAYARAMAN,All India Anna Dravida Munnetra Kazhagam,56842,544,57386,31.67,181196,10462146,62013,False
Pollachi,G. RAMANATHAN,Tamilaga Vettri Kazhagam,53605,214,53819,29.7,181196,17226030,62013,False
Pollachi,N. SENTHIL KUMAR,Naam Tamilar Katchi,4826,40,4866,2.69,181196,1972520,62013,False
Pollachi,NOTA,None of the Above,841,8,849,0.47,181196,199800,62013,False
Pollachi,M. JAYARAM,Independent,593,3,596,0.33,181196,524736,62013,False
Pollachi,C.M. ARUCHAMY,Bahujan Samaj Party,327,2,329,0.18,181196,53369,62013,False
Pollachi,S. JEYARAM,Independent,322,1,323,0.18,181196,524736,62013,False
Pollachi,M. JAYARAMAN,Independent,264,5,269,0.15,181196,524736,62013,False
Pollachi,M. JAYAPRATHAP,Independent,225,2,227,0.13,181196,524736,62013,False
Pollachi,V. KARTHIKEYAN,Independent,190,2,192,0.11,181196,524736,62013,False
Pollachi,T. NITHYANANTHAM,Independent,122,4,126,0.07,181196,524736,62013,False
Pollachi,K. NITHYANANDAN,Independent,113,1,114,0.06,181196,524736,62013,False
Pollachi,P. NAGARAJ,Independent,85,2,87,0.05,181196,524736,62013,False
Polur,ABISHEK. R,Tamilaga Vettri Kazhagam,67203,758,67961,32.1,211743,17226030,67961,True
Polur,SARAVANAN. P,Desiya Murpokku Dravida Kazhagam,66907,827,67734,31.99,211743,589500,67961,False
Polur,BASKARAN. C. R,Pattali Makkal Katchi,60516,928,61444,29.02,211743,1070745,67961,False
Polur,UMADEVI. A,Naam Tamilar Katchi,6270,155,6425,3.03,211743,1972520,67961,False
Polur,PURUSOTHAMAN. M,Independent,1674,0,1674,0.79,211743,524736,67961,False
Polur,DHAVAMANI. P,Anti Corruption Dynamic Party,1322,6,1328,0.63,211743,4558,67961,False
Polur,SHANMUGAVELU. A,Veerath Thiyagi Viswanathadoss Thozhilalarkal Katchi,962,8,970,0.46,211743,5624,67961,False
Polur,BASKARAN. C,Independent,905,3,908,0.43,211743,524736,67961,False
Polur,BANUPRIYA. D,Republican Party of India (Athawale),847,22,869,0.41,211743,11047,67961,False
Polur,NOTA,None of the Above,781,17,798,0.38,211743,199800,67961,False
Polur,SUBHA. A,Independent,422,3,425,0.2,211743,524736,67961,False
Polur,SARAVANAN. P,Independent,327,22,349,0.16,211743,524736,67961,False
Polur,MANIKANDAN. R,Aanaithinthiya Jananayaka Pathukappu Kazhagam,317,2,319,0.15,211743,22964,67961,False
Polur,SYED MUKRAM. R. N,Tamizhaga Vaazhvurimai Katchi,244,7,251,0.12,211743,74809,67961,False
Polur,EZHIL ARASU. M M.A. L.L.M.,Independent,143,7,150,0.07,211743,524736,67961,False
Polur,SARAVANAN. M,Independent,135,3,138,0.07,211743,524736,67961,False
Ponneri,DR.RAVI.M.S,Tamilaga Vettri Kazhagam,110051,388,110439,48.69,226819,17226030,110439,True
Ponneri,DURAI CHANDRASEKAR,Indian National Congress,54301,370,54671,24.1,226819,1661312,110439,False
Ponneri,BALARAMAN.P,All India Anna Dravida Munnetra Kazhagam,51160,308,51468,22.69,226819,10462146,110439,False
Ponneri,RAJATHI.M,Naam Tamilar Katchi,6633,43,6676,2.94,226819,1972520,110439,False
Ponneri,NOTA,None of the Above,859,6,865,0.38,226819,199800,110439,False
Ponneri,SANTHOSHKUMAR.J,Bahujan Samaj Party,611,4,615,0.27,226819,53369,110439,False
Ponneri,MALATHI.S,Tamizhaga Murpokku Makkal Katchi,371,0,371,0.16,226819,998,110439,False
Ponneri,ASHOK PRIYADARSHAN,Desiya Makkal Sakthi Katchi,360,6,366,0.16,226819,2279,110439,False
Ponneri,RAJA.S,Vanchit Bahujan Aaghadi,295,4,299,0.13,226819,1027,110439,False
Ponneri,RAJASEKAR.J,Independent,288,1,289,0.13,226819,524736,110439,False
Ponneri,NAGAIYAN.G,Independent,227,5,232,0.1,226819,524736,110439,False
Ponneri,VENKATESAN.S,Independent,202,1,203,0.09,226819,524736,110439,False
Ponneri,KOTTEESWARAN. K,Tamizhaga Vaazhvurimai Katchi,163,3,166,0.07,226819,74809,110439,False
Ponneri,BARATHIRAJA.K,Independent,155,4,159,0.07,226819,524736,110439,False
Poompuhar,NIVEDHA M MURUGAN,Dravida Munnetra Kazhagam,80554,542,81096,36.98,219324,11928996,81096,True
Poompuhar,PAVUNRAJ. S,All India Anna Dravida Munnetra Kazhagam,72293,543,72836,33.21,219324,10462146,81096,False
Poompuhar,VIJAYALAIYAN. J,Tamilaga Vettri Kazhagam,55684,218,55902,25.49,219324,17226030,81096,False
Poompuhar,ILAYANAGULAN. K,Naam Tamilar Katchi,6308,45,6353,2.9,219324,1972520,81096,False
Poompuhar,MAYA VENKATESAN. M,Independent,725,5,730,0.33,219324,524736,81096,False
Poompuhar,NOTA,None of the Above,579,7,586,0.27,219324,199800,81096,False
Poompuhar,SHANGAMITHTHIRAN. A,Independent,426,0,426,0.19,219324,524736,81096,False
Poompuhar,PRABAKARAN. V,Bahujan Samaj Party,343,2,345,0.16,219324,53369,81096,False
Poompuhar,MUJIBUR RAHMAN. E.M.M,Independent,310,2,312,0.14,219324,524736,81096,False
Poompuhar,PURATCHIDASAN. T,Anaithinthiya Anna Dravida Makkal Seyal katchi,263,1,264,0.12,219324,1462,81096,False
Poompuhar,INBARAJ. T,Independent,177,2,179,0.08,219324,524736,81096,False
Poompuhar,NOOR NISHA. M,Independent,107,0,107,0.05,219324,524736,81096,False
Poompuhar,ANANDARAJ. D,Independent,104,1,105,0.05,219324,524736,81096,False
Poompuhar,MURUGAN. S,Independent,78,5,83,0.04,219324,524736,81096,False
Poonamallee,PRAKASAM.R,Tamilaga Vettri Kazhagam,160643,666,161309,52.22,308894,17226030,161309,True
Poonamallee,KRISHNASWAMY.A,Dravida Munnetra Kazhagam,87803,766,88569,28.67,308894,11928996,161309,False
Poonamallee,ELUMALAI.T.A,Amma Makkal Munnettra Kazagam,43017,263,43280,14.01,308894,425345,161309,False
Poonamallee,MEKALA.J,Naam Tamilar Katchi,11616,81,11697,3.79,308894,1972520,161309,False
Poonamallee,NOTA,None of the Above,1551,20,1571,0.51,308894,199800,161309,False
Poonamallee,RAJASEKARAN.K,Bahujan Samaj Party,852,8,860,0.28,308894,53369,161309,False
Poonamallee,RAVIKUMAR.M,Independent,352,3,355,0.11,308894,524736,161309,False
Poonamallee,DR.JAYANTHI.R,Independent,299,5,304,0.1,308894,524736,161309,False
Poonamallee,SIVAKUMAR.S,Independent,297,0,297,0.1,308894,524736,161309,False
Poonamallee,VELU.S,Independent,263,1,264,0.09,308894,524736,161309,False
Poonamallee,PURUSHOTHAMAN.B,Independent,254,1,255,0.08,308894,524736,161309,False
Poonamallee,DHASARATHAN.R,Independent,133,0,133,0.04,308894,524736,161309,False
Pudukkottai,V. MUTHURAJA,Dravida Munnetra Kazhagam,65745,1080,66825,35.1,190378,11928996,66825,True
Pudukkottai,K.M. SHARIFF,Tamilaga Vettri Kazhagam,64454,504,64958,34.12,190378,17226030,66825,False
Pudukkottai,N. RAMACHANDRAN,Bharatiya Janata Party,40686,403,41089,21.58,190378,1466979,66825,False
Pudukkottai,EZHILARASI VIJAYENDRAN,Naam Tamilar Katchi,11509,164,11673,6.13,190378,1972520,66825,False
Pudukkottai,K. KAILASAKUMAR,Independent,666,3,669,0.35,190378,524736,66825,False
Pudukkottai,E. RAMALINGAM,Party for the Rights of Other backward Classes,507,3,510,0.27,190378,4101,66825,False
Pudukkottai,NOTA,None of the Above,440,27,467,0.25,190378,199800,66825,False
Pudukkottai,SENTHILNATHAN .B,Independent,465,1,466,0.24,190378,524736,66825,False
Pudukkottai,S. NIYAZ AHAMED,Tamizhaga Vaazhvurimai Katchi,369,3,372,0.2,190378,74809,66825,False
Pudukkottai,S. SELVARAJ,Independent,350,1,351,0.18,190378,524736,66825,False
Pudukkottai,G. DURAISARAVANAN,Independent,324,0,324,0.17,190378,524736,66825,False
Pudukkottai,C. GOVINDASAMY,Independent,238,1,239,0.13,190378,524736,66825,False
Pudukkottai,C. KARUPPAIAH,Independent,227,6,233,0.12,190378,524736,66825,False
Pudukkottai,A. SUBARESH RAJA,Independent,232,0,232,0.12,190378,524736,66825,False
Pudukkottai,KANGATHARAN .P,Independent,210,0,210,0.11,190378,524736,66825,False
Pudukkottai,D. RAMESH,Independent,193,0,193,0.1,190378,524736,66825,False
Pudukkottai,R. SIVAKUMAR,Independent,192,0,192,0.1,190378,524736,66825,False
Pudukkottai,R. RAMACHANDRAN,Independent,190,0,190,0.1,190378,524736,66825,False
Pudukkottai,V.R. JAYAKUMAR,Independent,127,2,129,0.07,190378,524736,66825,False
Pudukkottai,RAMACHANDRAN .C,Independent,125,3,128,0.07,190378,524736,66825,False
Pudukkottai,K. RENGAN,Puthiya Tamilagam,121,1,122,0.06,190378,93652,66825,False
Pudukkottai,C. KARUPPAIAH,Independent,112,0,112,0.06,190378,524736,66825,False
Pudukkottai,K. DHANAGOPAL,Independent,102,0,102,0.05,190378,524736,66825,False
Pudukkottai,G. MANIMEGALAI,Communist Party of India (Marxist-Leninist) (Liberation),100,0,100,0.05,190378,3983,66825,False
Pudukkottai,C. RAMACHANDRAN,Independent,89,0,89,0.05,190378,524736,66825,False
Pudukkottai,M. A. MUTHUKUMAR,Independent,79,4,83,0.04,190378,524736,66825,False
Pudukkottai,G. ARIVAZHAGAN,Independent,80,1,81,0.04,190378,524736,66825,False
Pudukkottai,A. RAJASEKAR,Veerath Thiyagi Viswanathadoss Thozhilalarkal Katchi,74,0,74,0.04,190378,5624,66825,False
Pudukkottai,K. MURUGESAN,Independent,64,0,64,0.03,190378,524736,66825,False
Pudukkottai,G. MUTHURAJ,Independent,60,2,62,0.03,190378,524736,66825,False
Pudukkottai,A. RADHAKRISHNAN,Independent,39,0,39,0.02,190378,524736,66825,False
Radhapuram,DR.SATHISH CHRISTOPHER,Tamilaga Vettri Kazhagam,69400,547,69947,34.99,199931,17226030,69947,True
Radhapuram,APPAVU.M,Dravida Munnetra Kazhagam,56640,994,57634,28.83,199931,11928996,69947,False
Radhapuram,BALAKRISHNAN.S.P,Bharatiya Janata Party,52001,636,52637,26.33,199931,1466979,69947,False
Radhapuram,GIRIJA THAMARAIPANDIAN.D,Naam Tamilar Katchi,15225,145,15370,7.69,199931,1972520,69947,False
Radhapuram,DANIEL.A,Independent,818,1,819,0.41,199931,524736,69947,False
Radhapuram,PON SANTHANA KUMARAN.R,Independent,476,6,482,0.24,199931,524736,69947,False
Radhapuram,NOTA,None of the Above,462,7,469,0.23,199931,199800,69947,False
Radhapuram,ESSAKKIAMMAL.E,Bahujan Samaj Party,328,3,331,0.17,199931,53369,69947,False
Radhapuram,SELVAN.T,Independent,280,5,285,0.14,199931,524736,69947,False
Radhapuram,KARTHICK.V,Independent,222,10,232,0.12,199931,524736,69947,False
Radhapuram,MANIKANDAN.L,Independent,222,1,223,0.11,199931,524736,69947,False
Radhapuram,MANIKANDAN.S,Independent,205,0,205,0.1,199931,524736,69947,False
Radhapuram,ANAND PRASAD,Independent,195,0,195,0.1,199931,524736,69947,False
Radhapuram,MANIKANDAN.A.I,Independent,163,1,164,0.08,199931,524736,69947,False
Radhapuram,JESURAJENDRAN.J,Naam Indiar Party,162,1,163,0.08,199931,4474,69947,False
Radhapuram,KINGSLY ISACC JEBARAJ.S,Independent,131,3,134,0.07,199931,524736,69947,False
Radhapuram,MURUGAN.P,Thamizhaka Padaippalar Makkal Katchi,120,1,121,0.06,199931,4020,69947,False
Radhapuram,MAHALAKSHMI,Puthiya Makkal Tamil Desam Katchi,101,2,103,0.05,199931,2651,69947,False
Radhapuram,SUNDARAJAN.S,Independent,93,0,93,0.05,199931,524736,69947,False
Radhapuram,JEYARAJ.P V S,Independent,91,1,92,0.05,199931,524736,69947,False
Radhapuram,ANANTHI.R,Independent,76,0,76,0.04,199931,524736,69947,False
Radhapuram,OLIVER ANTON NAVAMONI. S,Independent,70,0,70,0.04,199931,524736,69947,False
Radhapuram,RAJAN.P,Independent,52,0,52,0.03,199931,524736,69947,False
Radhapuram,ARUNRAJ,Independent,34,0,34,0.02,199931,524736,69947,False
Rajapalayam,JEGADESHWARI. K,Tamilaga Vettri Kazhagam,64947,601,65548,35.81,183020,17226030,65548,True
Rajapalayam,THANGAPANDIAN. S,Dravida Munnetra Kazhagam,54189,754,54943,30.02,183020,11928996,65548,False
Rajapalayam,PRISCILLA PANDIAN. J,Bharatiya Janata Party,35878,440,36318,19.84,183020,1466979,65548,False
Rajapalayam,DR. KARTHIKEYAN. T.E.,Naam Tamilar Katchi,16675,297,16972,9.27,183020,1972520,65548,False
Rajapalayam,RAMADEVI. T,Puthiya Tamilagam,2485,59,2544,1.39,183020,93652,65548,False
Rajapalayam,HARISH. A,All India Puratchi Thalaivar Makkal Munnettra Kazhagam,1531,16,1547,0.85,183020,133479,65548,False
Rajapalayam,NASRIN BANU. T,Republican Party of India (Athawale),1213,27,1240,0.68,183020,11047,65548,False
Rajapalayam,NOTA,None of the Above,730,23,753,0.41,183020,199800,65548,False
Rajapalayam,MANMATHAN. M,Independent,411,3,414,0.23,183020,524736,65548,False
Rajapalayam,MUTHULAKSHMI. R,Independent,351,0,351,0.19,183020,524736,65548,False
Rajapalayam,THANGAPANDI. B,Independent,304,0,304,0.17,183020,524736,65548,False
Rajapalayam,SELVI. K,Independent,291,7,298,0.16,183020,524736,65548,False
Rajapalayam,JEGATHISHWARI. N,Independent,291,1,292,0.16,183020,524736,65548,False
Rajapalayam,ALAGUMURUGAN. S,Independent,267,1,268,0.15,183020,524736,65548,False
Rajapalayam,BALAMURUGAN. V,Independent,202,1,203,0.11,183020,524736,65548,False
Rajapalayam,SELVAKUMAR. A,Independent,178,2,180,0.1,183020,524736,65548,False
Rajapalayam,MURUGAN. D,Independent,170,1,171,0.09,183020,524736,65548,False
Rajapalayam,SAMUEL RAJ,Independent,139,1,140,0.08,183020,524736,65548,False
Rajapalayam,SHANMUGACHANDRA VELAVAN. C.C,Independent,135,2,137,0.07,183020,524736,65548,False
Rajapalayam,SARAVANAN. G,Independent,117,2,119,0.07,183020,524736,65548,False
Rajapalayam,VIJENDRAN. G,Independent,107,1,108,0.06,183020,524736,65548,False
Rajapalayam,GANESAN. K,Independent,94,1,95,0.05,183020,524736,65548,False
Rajapalayam,ALAGUPANDIAN. A,Independent,75,0,75,0.04,183020,524736,65548,False
Ramanathapuram,KATHARBATCHA MUTHURAMALINGAM,Dravida Munnetra Kazhagam,88339,798,89137,37.52,237576,11928996,89137,True
Ramanathapuram,SHAHUL HAMEED,Tamilaga Vettri Kazhagam,76228,450,76678,32.28,237576,17226030,89137,False
Ramanathapuram,GBS K.NAGENDRAN,Bharatiya Janata Party,57156,574,57730,24.3,237576,1466979,89137,False
Ramanathapuram,S.M. MUTHU KESAVAN,Naam Tamilar Katchi,10637,129,10766,4.53,237576,1972520,89137,False
Ramanathapuram,NOTA,None of the Above,942,11,953,0.4,237576,199800,89137,False
Ramanathapuram,DR.J. ABUBAKKAR SITHICK,Anna Puratchi Thalaivar Amma Dravida Munnetra Kazhagam,359,0,359,0.15,237576,3034,89137,False
Ramanathapuram,K. MALESWARAN,Independent,355,1,356,0.15,237576,524736,89137,False
Ramanathapuram,A. CHINNA RAJA,Independent,343,7,350,0.15,237576,524736,89137,False
Ramanathapuram,KAN ILANGO,Independent,340,7,347,0.15,237576,524736,89137,False
Ramanathapuram,C. PARIRAJAN,Veerath Thiyagi Viswanathadoss Thozhilalarkal Katchi,226,3,229,0.1,237576,5624,89137,False
Ramanathapuram,PULLANI,Independent,223,0,223,0.09,237576,524736,89137,False
Ramanathapuram,KARTHIGAI PANDI,Independent,158,2,160,0.07,237576,524736,89137,False
Ramanathapuram,S. MURUGABOOPATHY,Communist Party of India (Marxist-Leninist) (Liberation),145,1,146,0.06,237576,3983,89137,False
Ramanathapuram,BALAKRISHNAN,Independent,141,1,142,0.06,237576,524736,89137,False
Ranipet,THAHIRA,Tamilaga Vettri Kazhagam,90728,421,91149,41.24,221038,17226030,91149,True
Ranipet,R. GANDHI,Dravida Munnetra Kazhagam,84856,506,85362,38.62,221038,11928996,91149,False
Ranipet,V.M. KARTHIKEYAN,Bharatiya Janata Party,31790,270,32060,14.5,221038,1466979,91149,False
Ranipet,THAARIKHA SALMAN,Naam Tamilar Katchi,7147,89,7236,3.27,221038,1972520,91149,False
Ranipet,NOTA,None of the Above,1202,7,1209,0.55,221038,199800,91149,False
Ranipet,A. NARESHKUMAR,Independent,744,10,754,0.34,221038,524736,91149,False
Ranipet,J.JENIFERJANET,Bahujan Samaj Party,615,5,620,0.28,221038,53369,91149,False
Ranipet,K. SAKTHIVEL NATHAN,Independent,532,1,533,0.24,221038,524736,91149,False
Ranipet,J. HASSAIN,Independent,513,4,517,0.23,221038,524736,91149,False
Ranipet,N.VISWANATHAN,Tamizhaga Vaazhvurimai Katchi,366,4,370,0.17,221038,74809,91149,False
Ranipet,V. DHARMENDIRAN,Independent,354,2,356,0.16,221038,524736,91149,False
Ranipet,S.MUNISAMY,Anti Corruption Dynamic Party,228,1,229,0.1,221038,4558,91149,False
Ranipet,S.JAYAPRAKASH,Independent,228,0,228,0.1,221038,524736,91149,False
Ranipet,V. SURESH,Independent,164,2,166,0.08,221038,524736,91149,False
Ranipet,J. MOHAN,Independent,153,2,155,0.07,221038,524736,91149,False
Ranipet,N. SUGUMAR,Independent,89,5,94,0.04,221038,524736,91149,False
Rasipuram,LOGESH TAMILSELVAN D,Tamilaga Vettri Kazhagam,74050,758,74808,36.55,204680,17226030,74808,True
Rasipuram,PREMKUMAR S D,Bharatiya Janata Party,59357,940,60297,29.46,204680,1466979,74808,False
Rasipuram,MATHIVENTHAN M DR,Dravida Munnetra Kazhagam,56376,1478,57854,28.27,204680,11928996,74808,False
Rasipuram,SASIKALA S,Naam Tamilar Katchi,6283,132,6415,3.13,204680,1972520,74808,False
Rasipuram,MURUGESAN A,Independent,1292,0,1292,0.63,204680,524736,74808,False
Rasipuram,NOTA,None of the Above,839,24,863,0.42,204680,199800,74808,False
Rasipuram,RAJESHKANNAN R,Independent,472,0,472,0.23,204680,524736,74808,False
Rasipuram,ARULKUMAR P,Ganasangam Party of India,456,6,462,0.23,204680,3235,74808,False
Rasipuram,NEPPOLIYAN K,Independent,427,1,428,0.21,204680,524736,74808,False
Rasipuram,RAMADASS D,Samaniya Makkal Nala Katchi,348,0,348,0.17,204680,5144,74808,False
Rasipuram,MUNIYAPPAN M,Puthiya Tamilagam,242,1,243,0.12,204680,93652,74808,False
Rasipuram,ARULRAJU G,Anaithinthiya Anna Dravida Makkal Seyal katchi,182,1,183,0.09,204680,1462,74808,False
Rasipuram,AMPULIMADHAN M,Independent,180,3,183,0.09,204680,524736,74808,False
Rasipuram,NAGARAJAN K,Independent,179,0,179,0.09,204680,524736,74808,False
Rasipuram,MANIKANDAN C,Independent,175,0,175,0.09,204680,524736,74808,False
Rasipuram,THANGAMANI S,Independent,142,5,147,0.07,204680,524736,74808,False
Rasipuram,KRISHNAMOORTHI P,Tamizhaga Vaazhvurimai Katchi,119,2,121,0.06,204680,74809,74808,False
Rasipuram,JAYANTHI M,Independent,115,3,118,0.06,204680,524736,74808,False
Rasipuram,TAMILAZHAGAN M,Independent,92,0,92,0.04,204680,524736,74808,False
Rishivandiyam,KARTHIKEYAN K,Dravida Munnetra Kazhagam,88871,840,89711,36.65,244795,11928996,89711,True
Rishivandiyam,ASHOK KUMAR G,Tamilaga Vettri Kazhagam,84465,384,84849,34.66,244795,17226030,89711,False
Rishivandiyam,CHEZHIYAN P,Pattali Makkal Katchi,56135,353,56488,23.08,244795,1070745,89711,False
Rishivandiyam,RADHIKA P,Naam Tamilar Katchi,7193,54,7247,2.96,244795,1972520,89711,False
Rishivandiyam,SENTHIKUMAR V N,Independent,1071,0,1071,0.44,244795,524736,89711,False
Rishivandiyam,SELVARAJ P,Independent,800,0,800,0.33,244795,524736,89711,False
Rishivandiyam,BALAKRISHNAN A,Bahujan Samaj Party,575,3,578,0.24,244795,53369,89711,False
Rishivandiyam,NOTA,None of the Above,528,6,534,0.22,244795,199800,89711,False
Rishivandiyam,ANBUMURUGAN S,Independent,458,0,458,0.19,244795,524736,89711,False
Rishivandiyam,SEVVANTHA G K,Anna Makkal Katchi,322,0,322,0.13,244795,1197,89711,False
Rishivandiyam,RANGANATHAN N,All India Puratchi Thalaivar Makkal Munnettra Kazhagam,302,0,302,0.12,244795,133479,89711,False
Rishivandiyam,ARUMUGAM G,Parivartan Rajniti Party,291,0,291,0.12,244795,291,89711,False
Rishivandiyam,VENKATRAMAN J,Naadaalum Makkal Katchi,248,3,251,0.1,244795,9715,89711,False
Rishivandiyam,KARTHIKEYAN A,Independent,243,1,244,0.1,244795,524736,89711,False
Rishivandiyam,MANIKANDAN C,Independent,241,0,241,0.1,244795,524736,89711,False
Rishivandiyam,VINOTH S,Independent,208,0,208,0.08,244795,524736,89711,False
Rishivandiyam,SEZHIYAN K,Independent,173,0,173,0.07,244795,524736,89711,False
Rishivandiyam,SANKAR R,Tamizhaga Vaazhvurimai Katchi,161,0,161,0.07,244795,74809,89711,False
Rishivandiyam,VIJAYAKUMAR G,Independent,141,0,141,0.06,244795,524736,89711,False
Rishivandiyam,GOWTHAM C,Independent,136,0,136,0.06,244795,524736,89711,False
Rishivandiyam,RAJA S,Independent,130,0,130,0.05,244795,524736,89711,False
Rishivandiyam,KARTHIKEYAN V,Independent,125,0,125,0.05,244795,524736,89711,False
Rishivandiyam,RAJA K,Independent,97,0,97,0.04,244795,524736,89711,False
Rishivandiyam,ANBU D,Independent,90,0,90,0.04,244795,524736,89711,False
Rishivandiyam,NARAYANAN L,Independent,83,0,83,0.03,244795,524736,89711,False
Rishivandiyam,MARIKKANNU A,Independent,63,1,64,0.03,244795,524736,89711,False
Royapuram,K.V. VIJAY DAMU,Tamilaga Vettri Kazhagam,58710,381,59091,46.4,127356,17226030,59091,True
Royapuram,DR. A. SUBAIR KHAN,Dravida Munnetra Kazhagam,44514,328,44842,35.21,127356,11928996,59091,False
Royapuram,D. JAYAKUMAR,All India Anna Dravida Munnetra Kazhagam,18170,250,18420,14.46,127356,10462146,59091,False
Royapuram,A. BABU MAILAN,Naam Tamilar Katchi,2918,29,2947,2.31,127356,1972520,59091,False
Royapuram,NOTA,None of the Above,451,8,459,0.36,127356,199800,59091,False
Royapuram,M. JAYARAJKUMAR,Bahujan Samaj Party,219,3,222,0.17,127356,53369,59091,False
Royapuram,M DHINAKARAN,Independent,216,0,216,0.17,127356,524736,59091,False
Royapuram,R. VINOTHKUMAR,Naam Indiar Party,149,0,149,0.12,127356,4474,59091,False
Royapuram,R. RAJKUMAR,Independent,99,0,99,0.08,127356,524736,59091,False
Royapuram,J. SELVAKUMAR,Independent,83,1,84,0.07,127356,524736,59091,False
Royapuram,M. RAJKUMAR,Tamizhaga Vaazhvurimai Katchi,83,0,83,0.07,127356,74809,59091,False
Royapuram,D. JAYAKUMAR,Independent,75,1,76,0.06,127356,524736,59091,False
Royapuram,T. KAVIYARASU,Independent,64,0,64,0.05,127356,524736,59091,False
Royapuram,A. SATHIK KUMAR,Democratic National Allegiance,61,2,63,0.05,127356,311,59091,False
Royapuram,V. BHAGATH SINGH,Independent,62,0,62,0.05,127356,524736,59091,False
Royapuram,T. RAJESH,Independent,52,0,52,0.04,127356,524736,59091,False
Royapuram,P. SUMATHI,Independent,47,2,49,0.04,127356,524736,59091,False
Royapuram,G. KARTHIKEYAN,Independent,39,1,40,0.03,127356,524736,59091,False
Royapuram,KERTHIVARUNNAN .R,Independent,37,1,38,0.03,127356,524736,59091,False
Royapuram,A. SASIKUMAR,Independent,37,0,37,0.03,127356,524736,59091,False
Royapuram,A. NIZAR AHAMED,Independent,37,0,37,0.03,127356,524736,59091,False
Royapuram,K. PRASATH,Independent,36,0,36,0.03,127356,524736,59091,False
Royapuram,A. JAYAKUMAR,Independent,35,0,35,0.03,127356,524736,59091,False
Royapuram,I JAYAPRAKASH,Independent,34,0,34,0.03,127356,524736,59091,False
Royapuram,K.J. SIVAKUMAR,Independent,30,1,31,0.02,127356,524736,59091,False
Royapuram,M. MAHALAKSHMI,Independent,29,1,30,0.02,127356,524736,59091,False
Royapuram,C. SRIDHAR,Independent,27,0,27,0.02,127356,524736,59091,False
Royapuram,M. SHANMUGAM,Independent,18,2,20,0.02,127356,524736,59091,False
Royapuram,S. RAJU,Independent,13,0,13,0.01,127356,524736,59091,False
Saidapet,ARUL PRAKASAM. M,Tamilaga Vettri Kazhagam,80738,467,81205,50.63,160401,17226030,81205,True
Saidapet,SUBRAMANIAN. MA,Dravida Munnetra Kazhagam,52010,681,52691,32.85,160401,11928996,81205,False
Saidapet,SENTHAMIZHAN. G,Amma Makkal Munnettra Kazagam,17632,207,17839,11.12,160401,425345,81205,False
Saidapet,SRIVIDYA. G,Naam Tamilar Katchi,5864,54,5918,3.69,160401,1972520,81205,False
Saidapet,NOTA,None of the Above,913,11,924,0.58,160401,199800,81205,False
Saidapet,KUMARAN. G.P,Bahujan Samaj Party,560,11,571,0.36,160401,53369,81205,False
Saidapet,RAJA. R,Independent,254,4,258,0.16,160401,524736,81205,False
Saidapet,YOGAPRAKASH. B,Independent,156,2,158,0.1,160401,524736,81205,False
Saidapet,VALARMATHI. P,Independent,131,8,139,0.09,160401,524736,81205,False
Saidapet,SOUNDARARAJAN. N,Naam Indiar Party,128,4,132,0.08,160401,4474,81205,False
Saidapet,PARTHIBAN. S,MGR Makkal Katchi,128,3,131,0.08,160401,131,81205,False
Saidapet,GINGSTON. M,Independent,117,2,119,0.07,160401,524736,81205,False
Saidapet,PRASAD. N,Independent,90,3,93,0.06,160401,524736,81205,False
Saidapet,PRITHVIRAJ. A,Independent,89,4,93,0.06,160401,524736,81205,False
Saidapet,ANAND. S,Independent,63,3,66,0.04,160401,524736,81205,False
Saidapet,KANDHASAMY. R (ALIAS) BABU,Independent,62,2,64,0.04,160401,524736,81205,False
Salem (North),SIVAKUMAR. K,Tamilaga Vettri Kazhagam,85218,492,85710,40.68,210712,17226030,85710,True
Salem (North),RAJENDRAN. R,Dravida Munnetra Kazhagam,70667,1009,71676,34.02,210712,11928996,85710,False
Salem (North),SADHASIVAM. S,Pattali Makkal Katchi,43753,485,44238,20.99,210712,1070745,85710,False
Salem (North),GUNASEELA. M,Naam Tamilar Katchi,6375,75,6450,3.06,210712,1972520,85710,False
Salem (North),NOTA,None of the Above,1188,17,1205,0.57,210712,199800,85710,False
Salem (North),MOHANRAJ. S,Tamizhaga Vaazhvurimai Katchi,337,1,338,0.16,210712,74809,85710,False
Salem (North),JOTHILAKSHMI. R.S,Vishwa Tamil Kazhagam,174,2,176,0.08,210712,3576,85710,False
Salem (North),RAJA. A,Independent,150,1,151,0.07,210712,524736,85710,False
Salem (North),SABAREESAN. D,Independent,137,0,137,0.07,210712,524736,85710,False
Salem (North),RAJASEKAR. S,Independent,125,3,128,0.06,210712,524736,85710,False
Salem (North),RAJENDRAN. A,Independent,121,1,122,0.06,210712,524736,85710,False
Salem (North),MAHABUB JOHN. K,Independent,115,2,117,0.06,210712,524736,85710,False
Salem (North),PRAVINA. G,Independent,96,1,97,0.05,210712,524736,85710,False
Salem (North),MANIVANNAN. S,Independent,75,15,90,0.04,210712,524736,85710,False
Salem (North),PALANISAMY. R,Independent,74,3,77,0.04,210712,524736,85710,False
Salem (South),VIJAY TAMILAN PARTHIBAN. A,Tamilaga Vettri Kazhagam,91008,363,91371,43.95,207902,17226030,91371,True
Salem (South),LOGANATHAN. M,Dravida Munnetra Kazhagam,57443,559,58002,27.9,207902,11928996,91371,False
Salem (South),VINOTH. J,All India Anna Dravida Munnetra Kazhagam,49800,416,50216,24.15,207902,10462146,91371,False
Salem (South),SOFIA. S,Naam Tamilar Katchi,5770,49,5819,2.8,207902,1972520,91371,False
Salem (South),NOTA,None of the Above,728,17,745,0.36,207902,199800,91371,False
Salem (South),BAS MADHESWARAN,Tamizhaga Vaazhvurimai Katchi,407,0,407,0.2,207902,74809,91371,False
Salem (South),VARATHARAJAN. S.P,Independent,166,0,166,0.08,207902,524736,91371,False
Salem (South),LOGANATHAN. M,Independent,164,1,165,0.08,207902,524736,91371,False
Salem (South),AMBEDKAR. C,Independent,157,1,158,0.08,207902,524736,91371,False
Salem (South),JAYARAJ. S,Independent,117,0,117,0.06,207902,524736,91371,False
Salem (South),MAYAKANNAN. N,Independent,99,0,99,0.05,207902,524736,91371,False
Salem (South),PARTHIBAN. A,Independent,90,3,93,0.04,207902,524736,91371,False
Salem (South),SANTHOSH. S,Independent,92,0,92,0.04,207902,524736,91371,False
Salem (South),PRAVEEN KUMAR. M,Independent,91,0,91,0.04,207902,524736,91371,False
Salem (South),PALANIAPPAN. M,Independent,74,1,75,0.04,207902,524736,91371,False
Salem (South),LOGANATHAN. M,Independent,71,0,71,0.03,207902,524736,91371,False
Salem (South),SUMATHI. P,Independent,61,0,61,0.03,207902,524736,91371,False
Salem (South),PARTHIBAN. V,Independent,58,0,58,0.03,207902,524736,91371,False
Salem (South),SUNDARAM. R,Independent,56,0,56,0.03,207902,524736,91371,False
Salem (South),PADMANAPAN. M,Independent,40,0,40,0.02,207902,524736,91371,False
Salem (West),LAKSHMANAN.S,Tamilaga Vettri Kazhagam,119587,820,120407,51.37,234407,17226030,120407,True
Salem (West),KARTHE.M,Pattali Makkal Katchi,45006,534,45540,19.43,234407,1070745,120407,False
Salem (West),ALAGAAPURAM. R. MOHANRAJ,Desiya Murpokku Dravida Kazhagam,41000,522,41522,17.71,234407,589500,120407,False
Salem (West),ARUL RAMADAS,Aanaithinthiya Jananayaka Pathukappu Kazhagam,12391,141,12532,5.35,234407,22964,120407,False
Salem (West),SURESH KUMAR.R,Naam Tamilar Katchi,6726,94,6820,2.91,234407,1972520,120407,False
Salem (West),NOTA,None of the Above,1026,26,1052,0.45,234407,199800,120407,False
Salem (West),RAJ KUMAR .G,Tamizhaga Vaazhvurimai Katchi,635,1,636,0.27,234407,74809,120407,False
Salem (West),ER.PRABAKARAN.S,Independent,609,4,613,0.26,234407,524736,120407,False
Salem (West),PRABU .K,Vishwa Tamil Kazhagam,404,0,404,0.17,234407,3576,120407,False
Salem (West),GUNASEKARAN .R,Bahujan Samaj Party,391,4,395,0.17,234407,53369,120407,False
Salem (West),BHARATH.S,Independent,395,0,395,0.17,234407,524736,120407,False
Salem (West),CHANDRASEKARAN.G,Independent,392,1,393,0.17,234407,524736,120407,False
Salem (West),VELMANIKANDAN. S,Independent,366,3,369,0.16,234407,524736,120407,False
Salem (West),SRISABARINATHAN,Independent,359,0,359,0.15,234407,524736,120407,False
Salem (West),AMIRTHALINGAM.N,Independent,316,2,318,0.14,234407,524736,120407,False
Salem (West),ARUL.P,Independent,299,2,301,0.13,234407,524736,120407,False
Salem (West),KUMAR.A.P,Independent,263,0,263,0.11,234407,524736,120407,False
Salem (West),KARTHICK.M,Independent,240,3,243,0.1,234407,524736,120407,False
Salem (West),ARUL.D,Independent,238,1,239,0.1,234407,524736,120407,False
Salem (West),MANOHAR.C,Independent,214,0,214,0.09,234407,524736,120407,False
Salem (West),THIYAGARAJAN.M,Independent,183,1,184,0.08,234407,524736,120407,False
Salem (West),PERUMAL. A,Independent,181,0,181,0.08,234407,524736,120407,False
Salem (West),SELVAM.R,Independent,147,0,147,0.06,234407,524736,120407,False
Salem (West),RADHAKRISHNAN. R,Independent,136,1,137,0.06,234407,524736,120407,False
Salem (West),BHARANITHARAN.D.K,Independent,117,1,118,0.05,234407,524736,120407,False
Salem (West),VIJAYAKUMAR. S,Independent,108,3,111,0.05,234407,524736,120407,False
Salem (West),ARUL. T,Independent,108,0,108,0.05,234407,524736,120407,False
Salem (West),KARTHICK.R,Independent,89,2,91,0.04,234407,524736,120407,False
Salem (West),MOHAN RAJ. R,Independent,86,2,88,0.04,234407,524736,120407,False
Salem (West),ARUL .S,Independent,80,5,85,0.04,234407,524736,120407,False
Salem (West),DHANAPAL,Independent,73,1,74,0.03,234407,524736,120407,False
Salem (West),PANNEERSELVAM.P,Independent,67,1,68,0.03,234407,524736,120407,False
Sankarankovil,DR. DHILIPAN JAISHANKAR,All India Anna Dravida Munnetra Kazhagam,63854,1011,64865,33.01,196480,10462146,64865,True
Sankarankovil,C. RAMARAJAN,Tamilaga Vettri Kazhagam,57194,1182,58376,29.71,196480,17226030,64865,False
Sankarankovil,SANGAI. GANESAN,Indian National Congress,41969,598,42567,21.66,196480,1661312,64865,False
Sankarankovil,M. KAVITHA,Naam Tamilar Katchi,12442,325,12767,6.5,196480,1972520,64865,False
Sankarankovil,VASANTHI MURUGESAN,All India Puratchi Thalaivar Makkal Munnettra Kazhagam,7763,243,8006,4.07,196480,133479,64865,False
Sankarankovil,PRABAKARAN,Puthiya Tamilagam,4509,103,4612,2.35,196480,93652,64865,False
Sankarankovil,K.SURESH,Independent,762,4,766,0.39,196480,524736,64865,False
Sankarankovil,ANAND,Independent,653,8,661,0.34,196480,524736,64865,False
Sankarankovil,NOTA,None of the Above,529,31,560,0.29,196480,199800,64865,False
Sankarankovil,V. PAULPANDIAN,Independent,502,2,504,0.26,196480,524736,64865,False
Sankarankovil,S. MARIAPPAN,Bahujan Samaj Party,495,5,500,0.25,196480,53369,64865,False
Sankarankovil,C. RAVI,Tamilaga Makkal Nala Katchi,481,6,487,0.25,196480,1555,64865,False
Sankarankovil,K. RAVIKUMAR,Independent,398,0,398,0.2,196480,524736,64865,False
Sankarankovil,S.ARULRAJ,Independent,258,1,259,0.13,196480,524736,64865,False
Sankarankovil,K. SUBBURAJ,Independent,214,1,215,0.11,196480,524736,64865,False
Sankarankovil,J. PANDI,Bharatha Makkal Katchi,181,2,183,0.09,196480,183,64865,False
Sankarankovil,S. MUTHUSELVAN,Independent,183,0,183,0.09,196480,524736,64865,False
Sankarankovil,VELRAJ .S,Tamizhaga Vaazhvurimai Katchi,167,3,170,0.09,196480,74809,64865,False
Sankarankovil,K. THANGAVEL,Puthiya Makkal Tamil Desam Katchi,162,1,163,0.08,196480,2651,64865,False
Sankarankovil,N.SELVAM,Naam Indiar Party,132,2,134,0.07,196480,4474,64865,False
Sankarankovil,M. RAJ,Independent,104,0,104,0.05,196480,524736,64865,False
Sankarapuram,RAKESH R,All India Anna Dravida Munnetra Kazhagam,79369,881,80250,34.07,235528,10462146,80250,True
Sankarapuram,UDHAYASURIYAN T,Dravida Munnetra Kazhagam,75641,1169,76810,32.61,235528,11928996,80250,False
Sankarapuram,JAGADESAN A,Tamilaga Vettri Kazhagam,67107,517,67624,28.71,235528,17226030,80250,False
Sankarapuram,RAMESH K,Naam Tamilar Katchi,5509,58,5567,2.36,235528,1972520,80250,False
Sankarapuram,RAMACHANDIRAN M,Tamizhaga Vaazhvurimai Katchi,674,3,677,0.29,235528,74809,80250,False
Sankarapuram,MANIKANDAN P,Independent,579,0,579,0.25,235528,524736,80250,False
Sankarapuram,SUDHA M,Bahujan Samaj Party,541,3,544,0.23,235528,53369,80250,False
Sankarapuram,MAYILAMPARAI MARI A,Independent,512,0,512,0.22,235528,524736,80250,False
Sankarapuram,VIJAY J,Independent,409,0,409,0.17,235528,524736,80250,False
Sankarapuram,NOTA,None of the Above,371,12,383,0.16,235528,199800,80250,False
Sankarapuram,PACHAIYAPPAN K,Independent,350,1,351,0.15,235528,524736,80250,False
Sankarapuram,NADARAJAN K,All India Puratchi Thalaivar Makkal Munnettra Kazhagam,328,0,328,0.14,235528,133479,80250,False
Sankarapuram,DURAI EZHILAN P,Independent,293,2,295,0.13,235528,524736,80250,False
Sankarapuram,GANGASEKAR A,MAKKAL SAKTHI KATCHI,223,0,223,0.09,235528,424,80250,False
Sankarapuram,MANI G,Independent,166,0,166,0.07,235528,524736,80250,False
Sankarapuram,DR.MURUGU K,Independent,111,2,113,0.05,235528,524736,80250,False
Sankarapuram,SAMIKKANNU M,Independent,112,0,112,0.05,235528,524736,80250,False
Sankarapuram,JAYAPRAKASH K,Independent,111,0,111,0.05,235528,524736,80250,False
Sankarapuram,ANBAZHAGAN S,Independent,103,2,105,0.04,235528,524736,80250,False
Sankarapuram,SANNIYASI N,Veerath Thiyagi Viswanathadoss Thozhilalarkal Katchi,100,0,100,0.04,235528,5624,80250,False
Sankarapuram,KAVIKUIL V,Independent,97,0,97,0.04,235528,524736,80250,False
Sankarapuram,HARUN RASHEETH J,Independent,84,3,87,0.04,235528,524736,80250,False
Sankarapuram,VIGNESH R,Independent,85,0,85,0.04,235528,524736,80250,False
Sankari,VETRIVEL. S,All India Anna Dravida Munnetra Kazhagam,86200,1142,87342,35.83,243779,10462146,87342,True
Sankari,SENTHILKUMAR. K,Tamilaga Vettri Kazhagam,77390,435,77825,31.92,243779,17226030,87342,False
Sankari,MANIKANDAN. M,Dravida Munnetra Kazhagam,64752,964,65716,26.96,243779,11928996,87342,False
Sankari,NITHYA. A,Naam Tamilar Katchi,7435,99,7534,3.09,243779,1972520,87342,False
Sankari,DR. GURUNATHAN. S,Indhu Dravida Makkal Katchi,1006,3,1009,0.41,243779,2112,87342,False
Sankari,NOTA,None of the Above,699,12,711,0.29,243779,199800,87342,False
Sankari,PARAMASIVAM. R,Independent,470,3,473,0.19,243779,524736,87342,False
Sankari,SETTUMUTHU. V,Bahujan Samaj Party,394,4,398,0.16,243779,53369,87342,False
Sankari,MANIKANDAN. D,Independent,392,3,395,0.16,243779,524736,87342,False
Sankari,MAYILKUMAR. M,Independent,338,2,340,0.14,243779,524736,87342,False
Sankari,VIGNESH. A,Independent,289,0,289,0.12,243779,524736,87342,False
Sankari,SENTHILKUMAR. R.S.,Tamizhaga Vaazhvurimai Katchi,284,3,287,0.12,243779,74809,87342,False
Sankari,POOVARASAN. S,Independent,263,5,268,0.11,243779,524736,87342,False
Sankari,DURAIRAJ. C,Independent,259,1,260,0.11,243779,524736,87342,False
Sankari,VIJAYAKUMAR. M,Independent,244,0,244,0.1,243779,524736,87342,False
Sankari,SALMAN. E,Independent,146,1,147,0.06,243779,524736,87342,False
Sankari,SAKTHIVEL. D,Independent,139,1,140,0.06,243779,524736,87342,False
Sankari,MANIKANDAN. P,Independent,135,1,136,0.06,243779,524736,87342,False
Sankari,RANJITH KUMAR. V,Independent,96,0,96,0.04,243779,524736,87342,False
Sankari,SAKTHIVEL. G,Independent,83,3,86,0.04,243779,524736,87342,False
Sankari,RAMESHKUMAR. V,Independent,83,0,83,0.03,243779,524736,87342,False
Sattur,KADARKARAIRAJ. A,Dravida Munnetra Kazhagam,61342,718,62060,31.23,198734,11928996,62060,True
Sattur,NAINAR NAGENTHRAN,Bharatiya Janata Party,55465,606,56071,28.21,198734,1466979,62060,False
Sattur,AJITH. M,Tamilaga Vettri Kazhagam,52904,594,53498,26.92,198734,17226030,62060,False
Sattur,ESAKKIRAJA. K,All India Puratchi Thalaivar Makkal Munnettra Kazhagam,11485,117,11602,5.84,198734,133479,62060,False
Sattur,ANANDHARAJA. D.,Naam Tamilar Katchi,9064,171,9235,4.65,198734,1972520,62060,False
Sattur,VELMURUGAN. S,Puthiya Tamilagam,2293,50,2343,1.18,198734,93652,62060,False
Sattur,NOTA,None of the Above,461,15,476,0.24,198734,199800,62060,False
Sattur,MAYAKKANNAN. V,Independent,462,0,462,0.23,198734,524736,62060,False
Sattur,MANIVASAGAM.S,Independent,456,0,456,0.23,198734,524736,62060,False
Sattur,KAMALA VEL SELVAN. P,Bahujan Samaj Party,400,4,404,0.2,198734,53369,62060,False
Sattur,RAMESH KUMAR. B,Independent,339,1,340,0.17,198734,524736,62060,False
Sattur,THANGA MARIAPPAN. J,Independent,239,0,239,0.12,198734,524736,62060,False
Sattur,MAHENDRAN. M,Independent,230,1,231,0.12,198734,524736,62060,False
Sattur,MAHESHKUMAR. M,Independent,193,0,193,0.1,198734,524736,62060,False
Sattur,SARAVANAN. P,Independent,186,4,190,0.1,198734,524736,62060,False
Sattur,VIJENDRAN. G,Independent,186,4,190,0.1,198734,524736,62060,False
Sattur,THANGA DURAI. P,Puthiya Makkal Tamil Desam Katchi,130,0,130,0.07,198734,2651,62060,False
Sattur,MUTHARASAN. M,Independent,126,0,126,0.06,198734,524736,62060,False
Sattur,VENKATESAN. M,Independent,122,1,123,0.06,198734,524736,62060,False
Sattur,MUTHUKANNU. C,Tamilaga Makkal Nala Katchi,100,5,105,0.05,198734,1555,62060,False
Sattur,NARMADA NANDHAKUMAR,Independent,85,3,88,0.04,198734,524736,62060,False
Sattur,AJITHKUMAR. S,Independent,86,0,86,0.04,198734,524736,62060,False
Sattur,KALIRAJ. M,Independent,86,0,86,0.04,198734,524736,62060,False
Senthamangalam,P CHANDRASEKAR,Tamilaga Vettri Kazhagam,68124,691,68815,32.82,209687,17226030,68815,True
Senthamangalam,C CHANDRASEKARAN,All India Anna Dravida Munnetra Kazhagam,65161,999,66160,31.55,209687,10462146,68815,False
Senthamangalam,P POOMALAR,Dravida Munnetra Kazhagam,63891,1060,64951,30.98,209687,11928996,68815,False
Senthamangalam,PONNUMANI C,Naam Tamilar Katchi,6354,124,6478,3.09,209687,1972520,68815,False
Senthamangalam,NOTA,None of the Above,1198,13,1211,0.58,209687,199800,68815,False
Senthamangalam,K RAMESH,Independent,603,2,605,0.29,209687,524736,68815,False
Senthamangalam,E MANIKANDAN,Independent,429,0,429,0.2,209687,524736,68815,False
Senthamangalam,M SWAMINATHAN,Independent,254,6,260,0.12,209687,524736,68815,False
Senthamangalam,A BALAMUGAN,Independent,251,8,259,0.12,209687,524736,68815,False
Senthamangalam,K DURAISAMY,Ganasangam Party of India,198,1,199,0.09,209687,3235,68815,False
Senthamangalam,C JAGANATHAN,All India Puratchi Thalaivar Makkal Munnettra Kazhagam,112,1,113,0.05,209687,133479,68815,False
Senthamangalam,P RAMASAMY,Tamizhaga Vaazhvurimai Katchi,111,0,111,0.05,209687,74809,68815,False
Senthamangalam,C SUTHAN,Independent,96,0,96,0.05,209687,524736,68815,False
Sholavandan,KARUPPAIAH.M.V,Tamilaga Vettri Kazhagam,63234,673,63907,33.8,189080,17226030,63907,True
Sholavandan,VENKATESAN.A,Dravida Munnetra Kazhagam,60621,608,61229,32.38,189080,11928996,63907,False
Sholavandan,MANICKAM.K,All India Anna Dravida Munnetra Kazhagam,49080,414,49494,26.18,189080,10462146,63907,False
Sholavandan,NAGALAKSHMI THIRUMARAN.T,Naam Tamilar Katchi,10226,204,10430,5.52,189080,1972520,63907,False
Sholavandan,BALAMURUGAN.K,All India Puratchi Thalaivar Makkal Munnettra Kazhagam,2035,56,2091,1.11,189080,133479,63907,False
Sholavandan,NOTA,None of the Above,551,20,571,0.3,189080,199800,63907,False
Sholavandan,RAGHU.K,Puthiya Tamilagam,260,5,265,0.14,189080,93652,63907,False
Sholavandan,BALAMURUGAN.R,Independent,203,0,203,0.11,189080,524736,63907,False
Sholavandan,THANGAPANDI.P,Tamizhaga Vaazhvurimai Katchi,192,3,195,0.1,189080,74809,63907,False
Sholavandan,RANJITH KUMAR.S,Independent,187,0,187,0.1,189080,524736,63907,False
Sholavandan,GUNASEKARAN.P,Independent,180,6,186,0.1,189080,524736,63907,False
Sholavandan,BALAMURUGAN.C,Independent,142,1,143,0.08,189080,524736,63907,False
Sholavandan,AJAY SUBASH.B,Independent,71,1,72,0.04,189080,524736,63907,False
Sholavandan,RAMADOSS.C,Indhu Dravida Makkal Katchi,64,1,65,0.03,189080,2112,63907,False
Sholavandan,KRISHNASAMY.P,Independent,42,0,42,0.02,189080,524736,63907,False
Sholinghur,G.KAPIL,Tamilaga Vettri Kazhagam,83856,650,84506,36.16,233684,17226030,84506,True
Sholinghur,K.SARAVANAN,Pattali Makkal Katchi,78205,615,78820,33.73,233684,1070745,84506,False
Sholinghur,A.M.MUNIRATHINAM,Indian National Congress,57422,575,57997,24.82,233684,1661312,84506,False
Sholinghur,A.ASHOK KUMAR,Naam Tamilar Katchi,6362,106,6468,2.77,233684,1972520,84506,False
Sholinghur,NOTA,None of the Above,557,15,572,0.24,233684,199800,84506,False
Sholinghur,M.VIJAYAN,Independent,546,2,548,0.23,233684,524736,84506,False
Sholinghur,K.MUNISAMY,Independent,532,0,532,0.23,233684,524736,84506,False
Sholinghur,SUDHAKAR.K,Tamizhaga Vaazhvurimai Katchi,485,5,490,0.21,233684,74809,84506,False
Sholinghur,M.GIRIDHARAN,Bahujan Samaj Party,376,2,378,0.16,233684,53369,84506,False
Sholinghur,M.DINESH,Independent,349,0,349,0.15,233684,524736,84506,False
Sholinghur,V.MUNIRATHINAM,Independent,342,3,345,0.15,233684,524736,84506,False
Sholinghur,T.RAJENDRAN,Independent,314,2,316,0.14,233684,524736,84506,False
Sholinghur,N.GOPALAKRISHNAN,Independent,310,0,310,0.13,233684,524736,84506,False
Sholinghur,N.MANI,Independent,284,0,284,0.12,233684,524736,84506,False
Sholinghur,SANTHANAM.R,Independent,275,2,277,0.12,233684,524736,84506,False
Sholinghur,KAVIYARASAN.SUBIRAMANI,Independent,249,0,249,0.11,233684,524736,84506,False
Sholinghur,V.SADHASIVAM,Independent,233,1,234,0.1,233684,524736,84506,False
Sholinghur,S.SENTHILKUMAR,Vanchit Bahujan Aaghadi,196,1,197,0.08,233684,1027,84506,False
Sholinghur,A.PALANI,Independent,183,0,183,0.08,233684,524736,84506,False
Sholinghur,V.HEMACHANDIRAN,Independent,134,2,136,0.06,233684,524736,84506,False
Sholinghur,R.VINOTH,Veerath Thiyagi Viswanathadoss Thozhilalarkal Katchi,133,0,133,0.06,233684,5624,84506,False
Sholinghur,A.ANANDAN,Independent,132,1,133,0.06,233684,524736,84506,False
Sholinghur,S.ILAYARAJA,Independent,124,0,124,0.05,233684,524736,84506,False
Sholinghur,R.SETHUPATHI,Independent,102,1,103,0.04,233684,524736,84506,False
Shozhinganallur,ECR P SARAVANAN,Tamilaga Vettri Kazhagam,219807,575,220382,49.27,447293,17226030,220382,True
Shozhinganallur,S. ARAVIND RAMESH,Dravida Munnetra Kazhagam,122813,789,123602,27.63,447293,11928996,220382,False
Shozhinganallur,K.P.KANDAN,All India Anna Dravida Munnetra Kazhagam,73604,508,74112,16.57,447293,10462146,220382,False
Shozhinganallur,R JAYALAKSHMI,Naam Tamilar Katchi,21844,75,21919,4.9,447293,1972520,220382,False
Shozhinganallur,NOTA,None of the Above,2063,16,2079,0.46,447293,199800,220382,False
Shozhinganallur,N.PRASHANTHA RAO,Independent,524,2,526,0.12,447293,524736,220382,False
Shozhinganallur,S.PUSHNA KUMAR,Bahujan Samaj Party,521,3,524,0.12,447293,53369,220382,False
Shozhinganallur,M. CHRISTHU DASS,Dravida Jananayaga Makkal Katchi,483,1,484,0.11,447293,484,220382,False
Shozhinganallur,G SURESH KUMAR,Independent,413,0,413,0.09,447293,524736,220382,False
Shozhinganallur,M.G.RAMU,Jebamani Janata,318,1,319,0.07,447293,584,220382,False
Shozhinganallur,RAMANATHAN M,Independent,263,0,263,0.06,447293,524736,220382,False
Shozhinganallur,K. VISHWANATHAN,All India Puratchi Thalaivar Makkal Munnettra Kazhagam,251,6,257,0.06,447293,133479,220382,False
Shozhinganallur,E. VIJAY,Independent,252,4,256,0.06,447293,524736,220382,False
Shozhinganallur,D. SRINIVASAN,Independent,249,5,254,0.06,447293,524736,220382,False
Shozhinganallur,S. KARTHIK,Independent,213,0,213,0.05,447293,524736,220382,False
Shozhinganallur,R RAVICHANDRAN,Independent,185,0,185,0.04,447293,524736,220382,False
Shozhinganallur,CHANDRASEKARAN,Independent,169,7,176,0.04,447293,524736,220382,False
Shozhinganallur,RAJESH,Independent,159,1,160,0.04,447293,524736,220382,False
Shozhinganallur,E. MURALI B.A,Independent,154,3,157,0.04,447293,524736,220382,False
Shozhinganallur,S.GOVINDHAN,Independent,150,0,150,0.03,447293,524736,220382,False
Shozhinganallur,JAIKUMAR BALACHANDRAN,Independent,124,0,124,0.03,447293,524736,220382,False
Shozhinganallur,M. ALEXANDAR,Naam Indiar Party,123,0,123,0.03,447293,4474,220382,False
Shozhinganallur,P.CHANDRA KANTH,Independent,114,1,115,0.03,447293,524736,220382,False
Shozhinganallur,R.YOGESHWARAN,Independent,115,0,115,0.03,447293,524736,220382,False
Shozhinganallur,FARMER JAYARAMAN S K J,Independent,113,2,115,0.03,447293,524736,220382,False
Shozhinganallur,V. KANDHAN,Independent,101,3,104,0.02,447293,524736,220382,False
Shozhinganallur,A.MOHAMMED GANI,Independent,101,0,101,0.02,447293,524736,220382,False
Shozhinganallur,MUTHARASAN,Independent,64,1,65,0.01,447293,524736,220382,False
Singanallur,K.S.SRI GIRI PRASATH,Tamilaga Vettri Kazhagam,83725,438,84163,38.08,221033,17226030,84163,True
Singanallur,V.SRINIDHI,Indian National Congress,64162,862,65024,29.42,221033,1661312,84163,False
Singanallur,K.R.JAYARAM,All India Anna Dravida Munnetra Kazhagam,57073,710,57783,26.14,221033,10462146,84163,False
Singanallur,NEHRUJI GUNASEKARAN,Naam Tamilar Katchi,9119,84,9203,4.16,221033,1972520,84163,False
Singanallur,NOTA,None of the Above,1320,26,1346,0.61,221033,199800,84163,False
Singanallur,SIVAJI PERUMAL,Bahujan Samaj Party,423,5,428,0.19,221033,53369,84163,False
Singanallur,N.R.APPATHURAI,All India Puratchi Thalaivar Makkal Munnettra Kazhagam,315,3,318,0.14,221033,133479,84163,False
Singanallur,THAHIR HUSSAIN,Independent,278,0,278,0.13,221033,524736,84163,False
Singanallur,AKBAR ALI,Independent,250,5,255,0.12,221033,524736,84163,False
Singanallur,MURUGAN.O,Ganasangam Party of India,228,0,228,0.1,221033,3235,84163,False
Singanallur,S.S.SUNDHARAM,Rashtriya Samaj Dal (R),200,1,201,0.09,221033,1760,84163,False
Singanallur,P.TAMILSELVI,Independent,171,3,174,0.08,221033,524736,84163,False
Singanallur,JANANI.D,Independent,166,2,168,0.08,221033,524736,84163,False
Singanallur,S.SATHEESH,Independent,160,0,160,0.07,221033,524736,84163,False
Singanallur,SARVESWARAN,Party for the Rights of Other backward Classes,150,1,151,0.07,221033,4101,84163,False
Singanallur,N.RAJASEKARAN,Independent,129,1,130,0.06,221033,524736,84163,False
Singanallur,K.KUMAR BABU,Independent,127,0,127,0.06,221033,524736,84163,False
Singanallur,UMA PARAMASIVAM,Independent,114,1,115,0.05,221033,524736,84163,False
Singanallur,RAJKUMAR.M,Independent,108,3,111,0.05,221033,524736,84163,False
Singanallur,SUBARAMANIAN.N,Independent,101,1,102,0.05,221033,524736,84163,False
Singanallur,V.BALAMURUGAN,Independent,91,0,91,0.04,221033,524736,84163,False
Singanallur,M.ASHOK KUMAR,Independent,82,0,82,0.04,221033,524736,84163,False
Singanallur,VIJAYAKUMAR,Independent,63,3,66,0.03,221033,524736,84163,False
Singanallur,DR.K.RAJKUMAR,Independent,65,0,65,0.03,221033,524736,84163,False
Singanallur,VASANTHI,Independent,59,0,59,0.03,221033,524736,84163,False
Singanallur,KARTHIK,Independent,54,0,54,0.02,221033,524736,84163,False
Singanallur,R.MANIKANDABRABHU,Independent,51,2,53,0.02,221033,524736,84163,False
Singanallur,AYOOB RIYAS,Independent,49,1,50,0.02,221033,524736,84163,False
Singanallur,A.MOUNAKUMAR,Independent,48,0,48,0.02,221033,524736,84163,False
Sirkazhi,SENTHILSELVAN.R,Dravida Munnetra Kazhagam,70765,684,71449,35.64,200448,11928996,71449,True
Sirkazhi,SAKTHI.M,All India Anna Dravida Munnetra Kazhagam,59441,591,60032,29.95,200448,10462146,71449,False
Sirkazhi,GOPINATH.S,Tamilaga Vettri Kazhagam,58886,263,59149,29.51,200448,17226030,71449,False
Sirkazhi,SUBASH.R,Naam Tamilar Katchi,7330,67,7397,3.69,200448,1972520,71449,False
Sirkazhi,GAJENDRAN.KANAGA,Bahujan Samaj Party,634,6,640,0.32,200448,53369,71449,False
Sirkazhi,NOTA,None of the Above,549,6,555,0.28,200448,199800,71449,False
Sirkazhi,MALATHI.A,All India Puratchi Thalaivar Makkal Munnettra Kazhagam,362,3,365,0.18,200448,133479,71449,False
Sirkazhi,PANDIYAN.C.R,Indhu Dravida Makkal Katchi,249,0,249,0.12,200448,2112,71449,False
Sirkazhi,TAMILVENTHAN.R,Independent,215,2,217,0.11,200448,524736,71449,False
Sirkazhi,PETHAPERUMAL.K,Tamizhaga Vaazhvurimai Katchi,201,0,201,0.1,200448,74809,71449,False
Sirkazhi,BABUSANKAR.R,Our Mahathma National Party,193,1,194,0.1,200448,508,71449,False
Sivaganga,KULANTHAI RANI A,Tamilaga Vettri Kazhagam,72917,820,73737,34.45,214067,17226030,73737,True
Sivaganga,SENTHILNATHAN PR,All India Anna Dravida Munnetra Kazhagam,57987,669,58656,27.4,214067,10462146,73737,False
Sivaganga,KARUNAAS S,Dravida Munnetra Kazhagam,56470,830,57300,26.77,214067,11928996,73737,False
Sivaganga,INDHUJA R,Naam Tamilar Katchi,18714,307,19021,8.89,214067,1972520,73737,False
Sivaganga,MURUGANANTHAM GURU,All India Puratchi Thalaivar Makkal Munnettra Kazhagam,1168,18,1186,0.55,214067,133479,73737,False
Sivaganga,NOTA,None of the Above,1040,13,1053,0.49,214067,199800,73737,False
Sivaganga,MARIMUTHU K,Bahujan Samaj Party,445,2,447,0.21,214067,53369,73737,False
Sivaganga,KARTHIK M,Independent,361,8,369,0.17,214067,524736,73737,False
Sivaganga,RAJAMANICKAM M,Desiya Makkal Sakthi Katchi,317,2,319,0.15,214067,2279,73737,False
Sivaganga,PAULSAMY,Independent,281,1,282,0.13,214067,524736,73737,False
Sivaganga,PRABAKARAN S.T,Independent,282,0,282,0.13,214067,524736,73737,False
Sivaganga,NAGAPRABU,Independent,264,0,264,0.12,214067,524736,73737,False
Sivaganga,RAJESH X,Tamizhaga Vaazhvurimai Katchi,259,4,263,0.12,214067,74809,73737,False
Sivaganga,RAJKUMAR C,Party for the Rights of Other backward Classes,223,0,223,0.1,214067,4101,73737,False
Sivaganga,KALEESWARAN M,Independent,207,3,210,0.1,214067,524736,73737,False
Sivaganga,RAMESH K,Independent,195,0,195,0.09,214067,524736,73737,False
Sivaganga,SANTHANAM,Independent,157,4,161,0.08,214067,524736,73737,False
Sivaganga,IRUDAYARAJ V,Independent,98,1,99,0.05,214067,524736,73737,False
Sivakasi,KEERTHANA S,Tamilaga Vettri Kazhagam,68273,436,68709,35.51,193517,17226030,68709,True
Sivakasi,ASHOKAN G,Indian National Congress,56596,443,57039,29.47,193517,1661312,68709,False
Sivakasi,RAJENTHRABHALAJI K T,All India Anna Dravida Munnetra Kazhagam,50595,483,51078,26.39,193517,10462146,68709,False
Sivakasi,ESTHER MARY DIANA A,Naam Tamilar Katchi,10087,104,10191,5.27,193517,1972520,68709,False
Sivakasi,KANIPANDI M,Puthiya Tamilagam,2484,29,2513,1.3,193517,93652,68709,False
Sivakasi,GANESAN M,All India Puratchi Thalaivar Makkal Munnettra Kazhagam,1695,34,1729,0.89,193517,133479,68709,False
Sivakasi,NOTA,None of the Above,933,15,948,0.49,193517,199800,68709,False
Sivakasi,SURESH K,Bahujan Samaj Party,229,0,229,0.12,193517,53369,68709,False
Sivakasi,RAMESH P,Independent,210,3,213,0.11,193517,524736,68709,False
Sivakasi,NAGALAKSHMI V,Independent,204,1,205,0.11,193517,524736,68709,False
Sivakasi,VENKATESH V,Independent,195,4,199,0.1,193517,524736,68709,False
Sivakasi,CHINNADURAI ALIAS DIMITRO S,Communist Party of India (Marxist-Leninist) (Liberation),162,0,162,0.08,193517,3983,68709,False
Sivakasi,MURUGAN M,Independent,120,0,120,0.06,193517,524736,68709,False
Sivakasi,GANESAN S,Independent,102,0,102,0.05,193517,524736,68709,False
Sivakasi,GANESAN V,Independent,80,0,80,0.04,193517,524736,68709,False
Sriperumbudur,THENNARASU.K,Tamilaga Vettri Kazhagam,146950,661,147611,44.58,331088,17226030,147611,True
Sriperumbudur,K. SELVAPERUNTHAGAI,Indian National Congress,92498,867,93365,28.2,331088,1661312,147611,False
Sriperumbudur,K. PALANI,All India Anna Dravida Munnetra Kazhagam,72440,742,73182,22.1,331088,10462146,147611,False
Sriperumbudur,M. SINDHU EZHILARASAN,Naam Tamilar Katchi,13075,75,13150,3.97,331088,1972520,147611,False
Sriperumbudur,NOTA,None of the Above,1158,3,1161,0.35,331088,199800,147611,False
Sriperumbudur,M.TAMILARASAN,Communist Party of India (Marxist-Leninist) (Liberation),507,4,511,0.15,331088,3983,147611,False
Sriperumbudur,D.PURUSHOTHAMAN,All India Puratchi Thalaivar Makkal Munnettra Kazhagam,484,5,489,0.15,331088,133479,147611,False
Sriperumbudur,A. GURUANANDHAN,Anaithinthiya Anna Dravida Makkal Seyal katchi,476,3,479,0.14,331088,1462,147611,False
Sriperumbudur,A.GNANASEKARAN,Tamizhaga Vaazhvurimai Katchi,269,2,271,0.08,331088,74809,147611,False
Sriperumbudur,P. VEDHAGIRI,Independent,257,1,258,0.08,331088,524736,147611,False
Sriperumbudur,G. RAJATHI,Independent,211,0,211,0.06,331088,524736,147611,False
Sriperumbudur,J. NITHYA,Independent,147,29,176,0.05,331088,524736,147611,False
Sriperumbudur,ELANGOVAN SIVAKUMAR,Independent,110,2,112,0.03,331088,524736,147611,False
Sriperumbudur,E. MURUGAN,Independent,93,19,112,0.03,331088,524736,147611,False
Srirangam,RAMESH,Tamilaga Vettri Kazhagam,102496,739,103235,40.49,254985,17226030,103235,True
Srirangam,S. DURAIRAJ,Dravida Munnetra Kazhagam,68723,922,69645,27.31,254985,11928996,103235,False
Srirangam,R.MANOHARAN,All India Anna Dravida Munnetra Kazhagam,65027,792,65819,25.81,254985,10462146,103235,False
Srirangam,DHARMARAJ. M,Naam Tamilar Katchi,10899,127,11026,4.32,254985,1972520,103235,False
Srirangam,NOTA,None of the Above,898,31,929,0.36,254985,199800,103235,False
Srirangam,VIJAY .A,All India Puratchi Thalaivar Makkal Munnettra Kazhagam,433,5,438,0.17,254985,133479,103235,False
Srirangam,MURALI .N,Tamizhaga Vaazhvurimai Katchi,401,4,405,0.16,254985,74809,103235,False
Srirangam,RAMESH.R,Independent,403,1,404,0.16,254985,524736,103235,False
Srirangam,ALLIMUTHU.M,Bahujan Samaj Party,365,6,371,0.15,254985,53369,103235,False
Srirangam,KRISHNAKUMAR.A,Independent,293,5,298,0.12,254985,524736,103235,False
Srirangam,SHASHI KIRAN .K .N,Independent,295,3,298,0.12,254985,524736,103235,False
Srirangam,S. DURAIRAJ,Independent,297,1,298,0.12,254985,524736,103235,False
Srirangam,KAMARAJ.K,Samaniya Makkal Nala Katchi,290,2,292,0.11,254985,5144,103235,False
Srirangam,MUTHUKUMAR.P,Independent,288,1,289,0.11,254985,524736,103235,False
Srirangam,ANBARASAN.M,Independent,258,3,261,0.1,254985,524736,103235,False
Srirangam,KARTHICK.S,Independent,218,0,218,0.09,254985,524736,103235,False
Srirangam,KUMAR. P,Akila Inthiya Makkal Marumalarchi Kazhakam,163,3,166,0.07,254985,425,103235,False
Srirangam,NEWTON.A,Puthiya Tamilagam,159,7,166,0.07,254985,93652,103235,False
Srirangam,K. SAKTHIVEL,Anna Puratchi Thalaivar Amma Dravida Munnetra Kazhagam,156,2,158,0.06,254985,3034,103235,False
Srirangam,RAVICHANDIRAN.N,Independent,98,1,99,0.04,254985,524736,103235,False
Srirangam,PARAMASIVAM,Independent,84,2,86,0.03,254985,524736,103235,False
Srirangam,MOHAMED MUSTHAFA. M,Independent,83,1,84,0.03,254985,524736,103235,False
Srivaikuntam,SARAVANAN. G,Tamilaga Vettri Kazhagam,58143,671,58814,33.34,176421,17226030,58814,True
Srivaikuntam,SHANMUGANATHAN. S. P,All India Anna Dravida Munnetra Kazhagam,56712,916,57628,32.67,176421,10462146,58814,False
Srivaikuntam,OORVASI AMIRTHARAJ. S,Indian National Congress,40316,961,41277,23.4,176421,1661312,58814,False
Srivaikuntam,SHUNMUGASUNDARAM. S,Naam Tamilar Katchi,12912,241,13153,7.46,176421,1972520,58814,False
Srivaikuntam,MUTHURAMALINGAM. S,All India Forward Bloc,2299,48,2347,1.33,176421,4455,58814,False
Srivaikuntam,RAJASUTHAN. N,Puthiya Tamilagam,959,56,1015,0.58,176421,93652,58814,False
Srivaikuntam,NOTA,None of the Above,566,13,579,0.33,176421,199800,58814,False
Srivaikuntam,SUDALAIMANI. A,Nam Naadu Nam Makkal Nam Ethirkaalam Katchi,295,1,296,0.17,176421,1466,58814,False
Srivaikuntam,BISHOP DR GODFREY NOBLE,Independent,245,3,248,0.14,176421,524736,58814,False
Srivaikuntam,SUBRAMANIAN. M,Puthiya Makkal Tamil Desam Katchi,206,2,208,0.12,176421,2651,58814,False
Srivaikuntam,VASANTH FERNANDO. T,Independent,187,0,187,0.11,176421,524736,58814,False
Srivaikuntam,MURUGAN. S,Independent,177,1,178,0.1,176421,524736,58814,False
Srivaikuntam,ARUNACHALAM. C,Independent,137,2,139,0.08,176421,524736,58814,False
Srivaikuntam,VIYANARASU. A,Tamizhaga Vaazhvurimai Katchi,132,3,135,0.08,176421,74809,58814,False
Srivaikuntam,MUNDASAMY. K,Vishwa Tamil Kazhagam,129,1,130,0.07,176421,3576,58814,False
Srivaikuntam,BHARATH. M,Naam Indiar Party,85,2,87,0.05,176421,4474,58814,False
Srivilliputhur,KARTHIK.A,Tamilaga Vettri Kazhagam,64709,944,65653,33.93,193471,17226030,65653,True
Srivilliputhur,MAHALINGAM.P,Communist Party of India,56261,811,57072,29.5,193471,326488,65653,False
Srivilliputhur,CHANDRAPRABHA.M,All India Anna Dravida Munnetra Kazhagam,42148,691,42839,22.14,193471,10462146,65653,False
Srivilliputhur,KARIKALAPANDIYAN.A,Naam Tamilar Katchi,12948,326,13274,6.86,193471,1972520,65653,False
Srivilliputhur,DR. SHYAM KRISHNASAMY,Puthiya Tamilagam,9329,193,9522,4.92,193471,93652,65653,False
Srivilliputhur,CHANDRA.M,All India Puratchi Thalaivar Makkal Munnettra Kazhagam,1684,42,1726,0.89,193471,133479,65653,False
Srivilliputhur,NOTA,None of the Above,845,28,873,0.45,193471,199800,65653,False
Srivilliputhur,DEVIALAKSHMI SARANYA.K,Independent,505,4,509,0.26,193471,524736,65653,False
Srivilliputhur,MUTHURAJ.U,Independent,441,2,443,0.23,193471,524736,65653,False
Srivilliputhur,ALAGURAJA T,Independent,360,5,365,0.19,193471,524736,65653,False
Srivilliputhur,MURUGESAN.S,Independent,335,6,341,0.18,193471,524736,65653,False
Srivilliputhur,PANDIYAMMAL.M,Independent,339,1,340,0.18,193471,524736,65653,False
Srivilliputhur,SURYAPRAKASH.R,Independent,234,1,235,0.12,193471,524736,65653,False
Srivilliputhur,SUDANDIRADOSS.M,Independent,151,0,151,0.08,193471,524736,65653,False
Srivilliputhur,VARATHARAJAN.A,Naam Indiar Party,126,2,128,0.07,193471,4474,65653,False
Sulur,NM.SUKUMAR,Tamilaga Vettri Kazhagam,90237,294,90531,33.1,273544,17226030,90531,True
Sulur,V.P.KANDASAMY,All India Anna Dravida Munnetra Kazhagam,85040,701,85741,31.34,273544,10462146,90531,False
Sulur,THALAPATHY MURUGESAN,Dravida Munnetra Kazhagam,82794,860,83654,30.58,273544,11928996,90531,False
Sulur,DR.S.RAJASEKARAN,Naam Tamilar Katchi,10067,80,10147,3.71,273544,1972520,90531,False
Sulur,NOTA,None of the Above,1345,8,1353,0.49,273544,199800,90531,False
Sulur,MURUGESH.R.,Independent,436,1,437,0.16,273544,524736,90531,False
Sulur,KANTHASAMY.K.,Anna Puratchi Thalaivar Amma Dravida Munnetra Kazhagam,282,1,283,0.1,273544,3034,90531,False
Sulur,KANDASAMY.R.,Independent,268,3,271,0.1,273544,524736,90531,False
Sulur,PAPPA MUTHULAKSHMI.P.,All India Puratchi Thalaivar Makkal Munnettra Kazhagam,211,5,216,0.08,273544,133479,90531,False
Sulur,SUMAN SINGH.R.,Tamizhaga Vaazhvurimai Katchi,204,1,205,0.07,273544,74809,90531,False
Sulur,PALANISAMY.M.,Party for the Rights of Other backward Classes,155,1,156,0.06,273544,4101,90531,False
Sulur,MURUGESAN.N.,Independent,136,3,139,0.05,273544,524736,90531,False
Sulur,NAGARAJ.K.,Ganasangam Party of India,137,0,137,0.05,273544,3235,90531,False
Sulur,KANDASAMY.A.,Independent,107,2,109,0.04,273544,524736,90531,False
Sulur,KANDASAMY.V.,Independent,89,1,90,0.03,273544,524736,90531,False
Sulur,NELSON.W.,Tamilaga Makkal Nala Katchi,74,1,75,0.03,273544,1555,90531,False
Tambaram,D.SARATHKUMAR,Tamilaga Vettri Kazhagam,118577,390,118967,42.67,278809,17226030,118967,True
Tambaram,R.S.KIRUTHIKA DEVI,Dravida Munnetra Kazhagam,82642,704,83346,29.89,278809,11928996,118967,False
Tambaram,C.RAJENDRAN,All India Anna Dravida Munnetra Kazhagam,61381,610,61991,22.23,278809,10462146,118967,False
Tambaram,S.TAMILCHELVI,Naam Tamilar Katchi,11554,73,11627,4.17,278809,1972520,118967,False
Tambaram,NOTA,None of the Above,1497,15,1512,0.54,278809,199800,118967,False
Tambaram,M.RAJA,Bahujan Samaj Party,287,3,290,0.1,278809,53369,118967,False
Tambaram,M. JACOB,Independent,180,0,180,0.06,278809,524736,118967,False
Tambaram,SARATHKUMAR. R,Independent,158,4,162,0.06,278809,524736,118967,False
Tambaram,SIVARAMAN.S,Veerath Thiyagi Viswanathadoss Thozhilalarkal Katchi,157,1,158,0.06,278809,5624,118967,False
Tambaram,S.KARTHIK,Independent,112,3,115,0.04,278809,524736,118967,False
Tambaram,T.DHIVAKARAN,Independent,97,1,98,0.04,278809,524736,118967,False
Tambaram,R.RAVIKUMAR,Independent,93,1,94,0.03,278809,524736,118967,False
Tambaram,P.PON RAJA,Tamizhaga Vaazhvurimai Katchi,82,6,88,0.03,278809,74809,118967,False
Tambaram,THAMBIRAJ.E,Naam Indiar Party,69,0,69,0.02,278809,4474,118967,False
Tambaram,S.BALASUBRAMANIAN,Independent,62,0,62,0.02,278809,524736,118967,False
Tambaram,S.PARTHIBAN,Democratic National Allegiance,49,1,50,0.02,278809,311,118967,False
Tenkasi,DR.KALAI KATHIRAVAN,Dravida Munnetra Kazhagam,78535,1164,79699,33.92,234987,11928996,79699,True
Tenkasi,S.SELVA MOHANDAS PANDIAN,All India Anna Dravida Munnetra Kazhagam,68626,774,69400,29.53,234987,10462146,79699,False
Tenkasi,A. RAJAPRAKASH,Tamilaga Vettri Kazhagam,54929,614,55543,23.64,234987,17226030,79699,False
Tenkasi,P. PUSHPALATHA,Naam Tamilar Katchi,16121,273,16394,6.98,234987,1972520,79699,False
Tenkasi,M.POOSA DURAI,All India Puratchi Thalaivar Makkal Munnettra Kazhagam,7639,76,7715,3.28,234987,133479,79699,False
Tenkasi,S.THIRUMALAI KUMAR,Puthiya Tamilagam,1321,44,1365,0.58,234987,93652,79699,False
Tenkasi,NOTA,None of the Above,651,22,673,0.29,234987,199800,79699,False
Tenkasi,G. POORANA SELVAN,Independent,547,1,548,0.23,234987,524736,79699,False
Tenkasi,ISAKI PANDIAN,Bahujan Samaj Party,515,3,518,0.22,234987,53369,79699,False
Tenkasi,S. THANGAPALAM,Independent,425,7,432,0.18,234987,524736,79699,False
Tenkasi,DURAIRAJ,Independent,420,4,424,0.18,234987,524736,79699,False
Tenkasi,M. PONNUDURAI,Independent,311,0,311,0.13,234987,524736,79699,False
Tenkasi,SHAHUL HAMEED,Independent,280,15,295,0.13,234987,524736,79699,False
Tenkasi,S.MANOGARAN,Kamarajar Deseeya Congress,240,4,244,0.1,234987,244,79699,False
Tenkasi,P.NOBLE KRISHNA,Independent,238,1,239,0.1,234987,524736,79699,False
Tenkasi,GOMATHI SANKAR,Tamizhaga Vaazhvurimai Katchi,228,6,234,0.1,234987,74809,79699,False
Tenkasi,R. RAMKUMAR,Independent,221,3,224,0.1,234987,524736,79699,False
Tenkasi,R.KRISHNAN,Independent,200,4,204,0.09,234987,524736,79699,False
Tenkasi,K.M.KALIAPPAN,Independent,130,0,130,0.06,234987,524736,79699,False
Tenkasi,K.MUTHU,Independent,114,0,114,0.05,234987,524736,79699,False
Tenkasi,A.MARIAPPAN,Independent,109,2,111,0.05,234987,524736,79699,False
Tenkasi,GANESHAN. S,Independent,89,1,90,0.04,234987,524736,79699,False
Tenkasi,R. SELVAKUMAR,Naam Indiar Party,79,1,80,0.03,234987,4474,79699,False
Thalli,RAMACHANDRAN. T,Communist Party of India,77470,813,78283,38.02,205878,326488,78283,True
Thalli,DR.NAGESH KUMAR. C,Bharatiya Janata Party,72587,456,73043,35.48,205878,1466979,78283,False
Thalli,SURESH. G,Tamilaga Vettri Kazhagam,44977,268,45245,21.98,205878,17226030,78283,False
Thalli,NARASIMMA REDDY ALIAS NARASIMMAN. R,Naam Tamilar Katchi,4078,29,4107,1.99,205878,1972520,78283,False
Thalli,NOTA,None of the Above,1544,6,1550,0.75,205878,199800,78283,False
Thalli,AJITH. G,Tamizhaga Vaazhvurimai Katchi,1007,10,1017,0.49,205878,74809,78283,False
Thalli,ASANRAJA. K,Independent,698,3,701,0.34,205878,524736,78283,False
Thalli,JAGAN. M,Independent,621,1,622,0.3,205878,524736,78283,False
Thalli,DEVAPPA. Y,Independent,506,0,506,0.25,205878,524736,78283,False
Thalli,JAYARAM. N,Anna Makkal Katchi,420,4,424,0.21,205878,1197,78283,False
Thalli,KUMAR. D.J,Independent,380,0,380,0.18,205878,524736,78283,False
Thanjavur,R. VIJAYSARAVANAN,Tamilaga Vettri Kazhagam,86874,831,87705,44.12,198798,17226030,87705,True
Thanjavur,SHAN. RAMANATHAN,Dravida Munnetra Kazhagam,69339,1411,70750,35.59,198798,11928996,87705,False
Thanjavur,KARUPPU MURUGANANTHAM,Bharatiya Janata Party,26350,440,26790,13.48,198798,1466979,87705,False
Thanjavur,N. KRISHNAKUMAR,Naam Tamilar Katchi,9235,148,9383,4.72,198798,1972520,87705,False
Thanjavur,NOTA,None of the Above,1245,29,1274,0.64,198798,199800,87705,False
Thanjavur,R. MURALIDHARAN,Independent,822,22,844,0.42,198798,524736,87705,False
Thanjavur,S. KARIKALA CHOLAN,Independent,793,7,800,0.4,198798,524736,87705,False
Thanjavur,S. MUTHUVEL,Bahujan Dravida Party,508,5,513,0.26,198798,780,87705,False
Thanjavur,H. MOHAMED ABDUL KHADIR,Tamizhaga Vaazhvurimai Katchi,264,2,266,0.13,198798,74809,87705,False
Thanjavur,M. SANTHOSH,Independent,170,9,179,0.09,198798,524736,87705,False
Thanjavur,D. KUMARAN,Independent,156,1,157,0.08,198798,524736,87705,False
Thanjavur,R. SABTHAGIRI,Independent,136,1,137,0.07,198798,524736,87705,False
Thiru-Vi-Ka-Nagar,M. R. PALLAVI,Tamilaga Vettri Kazhagam,68768,357,69125,48.04,143903,17226030,69125,True
Thiru-Vi-Ka-Nagar,K. S. RAVICHANDRAN,Dravida Munnetra Kazhagam,46380,412,46792,32.52,143903,11928996,69125,False
Thiru-Vi-Ka-Nagar,PORKODI ARMSTRONG,All India Anna Dravida Munnetra Kazhagam,23080,224,23304,16.19,143903,10462146,69125,False
Thiru-Vi-Ka-Nagar,JAGADESH CHANDER .M,Naam Tamilar Katchi,2637,21,2658,1.85,143903,1972520,69125,False
Thiru-Vi-Ka-Nagar,NOTA,None of the Above,523,4,527,0.37,143903,199800,69125,False
Thiru-Vi-Ka-Nagar,S JAYAKALPANA,Republican Party of India (Athawale),342,8,350,0.24,143903,11047,69125,False
Thiru-Vi-Ka-Nagar,A. SELVA KUMAR,Thakkam Katchi,170,0,170,0.12,143903,2416,69125,False
Thiru-Vi-Ka-Nagar,PRAKASH ARUNACHALAM,Independent,133,1,134,0.09,143903,524736,69125,False
Thiru-Vi-Ka-Nagar,PRASANTH. D,Independent,134,0,134,0.09,143903,524736,69125,False
Thiru-Vi-Ka-Nagar,M. LOKESH,Independent,127,0,127,0.09,143903,524736,69125,False
Thiru-Vi-Ka-Nagar,C. CHRISTY,All India Puratchi Thalaivar Makkal Munnettra Kazhagam,92,2,94,0.07,143903,133479,69125,False
Thiru-Vi-Ka-Nagar,M. KOLANJI,Independent,77,0,77,0.05,143903,524736,69125,False
Thiru-Vi-Ka-Nagar,PRAVEEN THIYAGARAJAN,Independent,70,0,70,0.05,143903,524736,69125,False
Thiru-Vi-Ka-Nagar,C. JAGAN MOHAN,Independent,50,1,51,0.04,143903,524736,69125,False
Thiru-Vi-Ka-Nagar,S. PARTHIBAN,Independent,44,1,45,0.03,143903,524736,69125,False
Thiru-Vi-Ka-Nagar,D. SATHISH KUMAR,Independent,39,1,40,0.03,143903,524736,69125,False
Thiru-Vi-Ka-Nagar,S. RAJENDRAN,Independent,38,2,40,0.03,143903,524736,69125,False
Thiru-Vi-Ka-Nagar,R. MURUGAN,Independent,32,0,32,0.02,143903,524736,69125,False
Thiru-Vi-Ka-Nagar,R. ANANDAN,Independent,28,1,29,0.02,143903,524736,69125,False
Thiru-Vi-Ka-Nagar,G. J. DHARANIRAJ,Independent,27,0,27,0.02,143903,524736,69125,False
Thiru-Vi-Ka-Nagar,M. KANNADASAN,Independent,20,3,23,0.02,143903,524736,69125,False
Thiru-Vi-Ka-Nagar,SATHISH,Independent,19,2,21,0.01,143903,524736,69125,False
Thiru-Vi-Ka-Nagar,S. SENTHAMIZHAN,Independent,18,0,18,0.01,143903,524736,69125,False
Thiru-Vi-Ka-Nagar,M. MOHAN,Independent,15,0,15,0.01,143903,524736,69125,False
Thirumangalam,MANIMARAN.M,Dravida Munnetra Kazhagam,87063,1228,88291,38.22,230980,11928996,88291,True
Thirumangalam,UDHAYAKUMAR.R.B,All India Anna Dravida Munnetra Kazhagam,63652,832,64484,27.92,230980,10462146,88291,False
Thirumangalam,SATHISHKUMAR.N,Tamilaga Vettri Kazhagam,59700,1126,60826,26.33,230980,17226030,88291,False
Thirumangalam,MUNISH.N,Naam Tamilar Katchi,10751,388,11139,4.82,230980,1972520,88291,False
Thirumangalam,JEEVITHA NACHIYAR.B,All India Puratchi Thalaivar Makkal Munnettra Kazhagam,2750,101,2851,1.23,230980,133479,88291,False
Thirumangalam,NOTA,None of the Above,908,25,933,0.4,230980,199800,88291,False
Thirumangalam,BHARATH.M,Independent,906,18,924,0.4,230980,524736,88291,False
Thirumangalam,VENGATESWARAN.B,Independent,425,2,427,0.18,230980,524736,88291,False
Thirumangalam,KALAISELVI.R,Ahila India Dhayaga Makkal Munnetra Katchi,280,3,283,0.12,230980,283,88291,False
Thirumangalam,MURUGAN.S,Independent,239,14,253,0.11,230980,524736,88291,False
Thirumangalam,ALAGAR.A,Ezhuchi Tamilargal Munnetra Kazhagam,131,2,133,0.06,230980,802,88291,False
Thirumangalam,AYYANAN.P,Independent,110,2,112,0.05,230980,524736,88291,False
Thirumangalam,SAKKARAVARTHY.P,Independent,97,8,105,0.05,230980,524736,88291,False
Thirumangalam,NAGOOR.M,Independent,80,4,84,0.04,230980,524736,88291,False
Thirumangalam,MUTHURAJA.M,Independent,81,2,83,0.04,230980,524736,88291,False
Thirumangalam,GIRISHKUMAR.A,Independent,52,0,52,0.02,230980,524736,88291,False
Thirumayam,REGUPATHY.S,Dravida Munnetra Kazhagam,57676,525,58201,31.87,182612,11928996,58201,True
Thirumayam,CHINTHAMANI.C,Tamilaga Vettri Kazhagam,56463,246,56709,31.05,182612,17226030,58201,False
Thirumayam,VAIRAMUTHU.PK,All India Anna Dravida Munnetra Kazhagam,55073,391,55464,30.37,182612,10462146,58201,False
Thirumayam,LAKSHMI SRINIVASAN,Naam Tamilar Katchi,9037,65,9102,4.98,182612,1972520,58201,False
Thirumayam,NOTA,None of the Above,937,8,945,0.52,182612,199800,58201,False
Thirumayam,SUBBIAH.A,Puthiya Tamilagam,358,1,359,0.2,182612,93652,58201,False
Thirumayam,DURAIRAJAN.M,Independent,289,0,289,0.16,182612,524736,58201,False
Thirumayam,RAMNATH.T,Independent,285,2,287,0.16,182612,524736,58201,False
Thirumayam,SUBRAMANIAN.P,Independent,278,1,279,0.15,182612,524736,58201,False
Thirumayam,ESWAR.S,Independent,238,0,238,0.13,182612,524736,58201,False
Thirumayam,MUTHUKARUPPAN.CN,Party for the Rights of Other backward Classes,225,3,228,0.12,182612,4101,58201,False
Thirumayam,CHINNATHAMBI.P,Independent,193,0,193,0.11,182612,524736,58201,False
Thirumayam,RAJA.K,All India Puratchi Thalaivar Makkal Munnettra Kazhagam,133,2,135,0.07,182612,133479,58201,False
Thirumayam,RAMSINGH.SK,Tamizhaga Vaazhvurimai Katchi,97,0,97,0.05,182612,74809,58201,False
Thirumayam,SATHISHKUMAR.M,Independent,86,0,86,0.05,182612,524736,58201,False
Thiruparankundram,NIRMALKUMAR. R.,Tamilaga Vettri Kazhagam,113578,738,114316,44.75,255466,17226030,114316,True
Thiruparankundram,KIRUTHIGA THANGAPANDI,Dravida Munnetra Kazhagam,72075,688,72763,28.48,255466,11928996,114316,False
Thiruparankundram,RAJANCHELLAPPA. V.V.,All India Anna Dravida Munnetra Kazhagam,49423,442,49865,19.52,255466,10462146,114316,False
Thiruparankundram,SATHYADEVI. T.,Naam Tamilar Katchi,14156,194,14350,5.62,255466,1972520,114316,False
Thiruparankundram,NOTA,None of the Above,1133,15,1148,0.45,255466,199800,114316,False
Thiruparankundram,THANAPANDIAN. T.,All India Puratchi Thalaivar Makkal Munnettra Kazhagam,1068,20,1088,0.43,255466,133479,114316,False
Thiruparankundram,SETHURAMAN. A.,Puthiya Tamilagam,361,7,368,0.14,255466,93652,114316,False
Thiruparankundram,RAJ. P.,Independent,352,1,353,0.14,255466,524736,114316,False
Thiruparankundram,MOOKKAYEE. C.,Ezhuchi Tamilargal Munnetra Kazhagam,249,0,249,0.1,255466,802,114316,False
Thiruparankundram,CHELLADURAI. R,Naam Indiar Party,230,1,231,0.09,255466,4474,114316,False
Thiruparankundram,SYED IBRAHIM. M.,Tamizhaga Vaazhvurimai Katchi,161,2,163,0.06,255466,74809,114316,False
Thiruparankundram,RENGANATHAN DORAISAMY,Rashtriya Samaj Dal (R),137,3,140,0.05,255466,1760,114316,False
Thiruparankundram,VALLARASAN. K.,Independent,136,0,136,0.05,255466,524736,114316,False
Thiruparankundram,UKKRA PANDIAN. S.,Independent,119,3,122,0.05,255466,524736,114316,False
Thiruparankundram,ARUMUGAM. G.,Independent,103,5,108,0.04,255466,524736,114316,False
Thiruparankundram,POUNRAJ. N.,Independent,66,0,66,0.03,255466,524736,114316,False
Thiruporur,B.VIJAYARAJ,Tamilaga Vettri Kazhagam,109642,453,110095,41.96,262409,17226030,110095,True
Thiruporur,R. PANNEERDOSS,Viduthalai Chiruthaigal Katchi,70266,478,70744,26.96,262409,540056,110095,False
Thiruporur,K. BALU,Pattali Makkal Katchi,66845,547,67392,25.68,262409,1070745,110095,False
Thiruporur,AMBETH RAJAN,Naam Tamilar Katchi,9538,78,9616,3.66,262409,1972520,110095,False
Thiruporur,NOTA,None of the Above,1237,11,1248,0.48,262409,199800,110095,False
Thiruporur,D. PANNEERSELVAM,Independent,772,12,784,0.3,262409,524736,110095,False
Thiruporur,S. MESHAK,Independent,628,4,632,0.24,262409,524736,110095,False
Thiruporur,Dr.D.VINOTH KUMAR,Bahujan Samaj Party,528,7,535,0.2,262409,53369,110095,False
Thiruporur,A.SELVARAJ,Mannin Maithargal Kazhagam,515,9,524,0.2,262409,524,110095,False
Thiruporur,V M CHANDIRAN,Independent,325,1,326,0.12,262409,524736,110095,False
Thiruporur,V. DESAPPAN,Samata Party,303,5,308,0.12,262409,712,110095,False
Thiruporur,S. GNANASEKARAN,Independent,203,2,205,0.08,262409,524736,110095,False
Thiruthuraipoondi,MARIMUTHU.K,Communist Party of India,73139,923,74062,38.77,191030,326488,74062,True
Thiruthuraipoondi,PANDIYAN.S,Tamilaga Vettri Kazhagam,60771,369,61140,32.01,191030,17226030,74062,False
Thiruthuraipoondi,BALATHANDAYUTHAM.U,All India Anna Dravida Munnetra Kazhagam,42732,341,43073,22.55,191030,10462146,74062,False
Thiruthuraipoondi,VINOTHINI.R,Naam Tamilar Katchi,10047,129,10176,5.33,191030,1972520,74062,False
Thiruthuraipoondi,NOTA,None of the Above,775,22,797,0.42,191030,199800,74062,False
Thiruthuraipoondi,VIMALA.A,Bahujan Samaj Party,512,13,525,0.27,191030,53369,74062,False
Thiruthuraipoondi,ARUMUGAM.N,Tamizhaga Vaazhvurimai Katchi,445,5,450,0.24,191030,74809,74062,False
Thiruthuraipoondi,JAYASANGAR.A,Independent,360,5,365,0.19,191030,524736,74062,False
Thiruthuraipoondi,SIVAPRAKASAM.V,Independent,276,2,278,0.15,191030,524736,74062,False
Thiruthuraipoondi,MURUGANANTHAM.V,Independent,163,1,164,0.09,191030,524736,74062,False
Thiruvaiyaru,DURAI. CHANDRASEKARAN,Dravida Munnetra Kazhagam,79538,887,80425,36.21,222111,11928996,80425,True
Thiruvaiyaru,MATHI. MANIKANDAN,Tamilaga Vettri Kazhagam,71280,590,71870,32.36,222111,17226030,80425,False
Thiruvaiyaru,VELU. KARTHIKEYAN,Amma Makkal Munnettra Kazagam,54663,458,55121,24.82,222111,425345,80425,False
Thiruvaiyaru,DURAI. SENTHILNATHAN,Naam Tamilar Katchi,10539,142,10681,4.81,222111,1972520,80425,False
Thiruvaiyaru,VIJAYA BABU,Tamizhaga Vaazhvurimai Katchi,1106,24,1130,0.51,222111,74809,80425,False
Thiruvaiyaru,NOTA,None of the Above,935,13,948,0.43,222111,199800,80425,False
Thiruvaiyaru,RAJASEKARAN. S,Independent,345,12,357,0.16,222111,524736,80425,False
Thiruvaiyaru,V. VENU,Puthiya Tamilagam,341,11,352,0.16,222111,93652,80425,False
Thiruvaiyaru,R. RAJKUMAR,Independent,306,0,306,0.14,222111,524736,80425,False
Thiruvaiyaru,S. VIJAYAKUMAR,Anna Puratchi Thalaivar Amma Dravida Munnetra Kazhagam,293,0,293,0.13,222111,3034,80425,False
Thiruvaiyaru,R. SATHIYANARAYANAN,Independent,177,1,178,0.08,222111,524736,80425,False
Thiruvaiyaru,JAYAINDHRAESWARAN,Independent,167,0,167,0.08,222111,524736,80425,False
Thiruvaiyaru,ER.S. ARJUN,Independent,151,5,156,0.07,222111,524736,80425,False
Thiruvaiyaru,ABIMAN,Independent,125,2,127,0.06,222111,524736,80425,False
Thiruvallur,DR. T. ARUNKUMAR,Tamilaga Vettri Kazhagam,91683,507,92190,40.71,226428,17226030,92190,True
Thiruvallur,V.G. RAAJENDRAN,Dravida Munnetra Kazhagam,66729,701,67430,29.78,226428,11928996,92190,False
Thiruvallur,BE VEE RAMANAH,All India Anna Dravida Munnetra Kazhagam,56086,476,56562,24.98,226428,10462146,92190,False
Thiruvallur,K. SENTHILKUMAR,Naam Tamilar Katchi,5452,61,5513,2.43,226428,1972520,92190,False
Thiruvallur,NOTA,None of the Above,1122,10,1132,0.5,226428,199800,92190,False
Thiruvallur,S. RAJENDRAN,Independent,867,1,868,0.38,226428,524736,92190,False
Thiruvallur,B. RAJESH KUMAR,Bahujan Samaj Party,668,6,674,0.3,226428,53369,92190,False
Thiruvallur,E. MANI,Republican Party of India (Athawale),644,9,653,0.29,226428,11047,92190,False
Thiruvallur,N. VENKATESAN,Aanaithinthiya Jananayaka Pathukappu Kazhagam,352,2,354,0.16,226428,22964,92190,False
Thiruvallur,G. RAJENDIRAN,Independent,223,4,227,0.1,226428,524736,92190,False
Thiruvallur,E.KOTHANDAN,Independent,201,2,203,0.09,226428,524736,92190,False
Thiruvallur,N. BALAKRISHNAN,Independent,186,0,186,0.08,226428,524736,92190,False
Thiruvallur,N. NAGENDRABABU,Independent,184,0,184,0.08,226428,524736,92190,False
Thiruvallur,E. RAJARATHINAM,Tamizhaga Vaazhvurimai Katchi,134,0,134,0.06,226428,74809,92190,False
Thiruvallur,R. RAMANAN,Independent,118,0,118,0.05,226428,524736,92190,False
Thiruvarur,KALAIVANAN POONDI K,Dravida Munnetra Kazhagam,92504,904,93408,42.87,217875,11928996,93408,True
Thiruvarur,VEERAMANI V,Tamilaga Vettri Kazhagam,74822,438,75260,34.54,217875,17226030,93408,False
Thiruvarur,CHANDRASEKARAN GOVI,Bharatiya Janata Party,35978,409,36387,16.7,217875,1466979,93408,False
Thiruvarur,ASWINI B,Naam Tamilar Katchi,9896,135,10031,4.6,217875,1972520,93408,False
Thiruvarur,NOTA,None of the Above,813,12,825,0.38,217875,199800,93408,False
Thiruvarur,SAHUL HAMEED M,Independent,588,5,593,0.27,217875,524736,93408,False
Thiruvarur,THIYAGARAJAN .M,Puthiya Tamilagam,510,16,526,0.24,217875,93652,93408,False
Thiruvarur,KANTHAN A,Tamizhaga Vaazhvurimai Katchi,497,6,503,0.23,217875,74809,93408,False
Thiruvarur,MUTHARASAN S,Independent,339,3,342,0.16,217875,524736,93408,False
Thiruverumbur,VIJAYAKUMAR (A) NAVALPATTU S. VIJI,Tamilaga Vettri Kazhagam,88886,951,89837,42.06,213583,17226030,89837,True
Thiruverumbur,ANBIL MAHESH POYYAMOZHI,Dravida Munnetra Kazhagam,79778,1354,81132,37.99,213583,11928996,89837,False
Thiruverumbur,KUMAR. P,All India Anna Dravida Munnetra Kazhagam,29122,351,29473,13.8,213583,10462146,89837,False
Thiruverumbur,RAJESSH. T,Naam Tamilar Katchi,9196,115,9311,4.36,213583,1972520,89837,False
Thiruverumbur,NOTA,None of the Above,721,24,745,0.35,213583,199800,89837,False
Thiruverumbur,MURUGANANTHAM. G,Independent,441,0,441,0.21,213583,524736,89837,False
Thiruverumbur,POULOSH. D,Independent,284,7,291,0.14,213583,524736,89837,False
Thiruverumbur,RANJITH. S,Tamizhaga Vaazhvurimai Katchi,251,2,253,0.12,213583,74809,89837,False
Thiruverumbur,PITCHAIMUTHU. A,Puthiya Tamilagam,226,11,237,0.11,213583,93652,89837,False
Thiruverumbur,DR. MOHANA CHELVAN. P,Independent,202,1,203,0.1,213583,524736,89837,False
Thiruverumbur,VISITHRA. S,Bahujan Samaj Party,191,3,194,0.09,213583,53369,89837,False
Thiruverumbur,SHAJAGAN. A,Independent,182,0,182,0.09,213583,524736,89837,False
Thiruverumbur,KUMARAVEL. T,Thamizhaka Padaippalar Makkal Katchi,176,2,178,0.08,213583,4020,89837,False
Thiruverumbur,VETRIVEL KANNA. P,Independent,169,4,173,0.08,213583,524736,89837,False
Thiruverumbur,JAYACHANDRAN. P,Independent,133,0,133,0.06,213583,524736,89837,False
Thiruverumbur,JOSEPH. L,Samaniya Makkal Nala Katchi,114,0,114,0.05,213583,5144,89837,False
Thiruverumbur,DEEPAK. P,Independent,108,6,114,0.05,213583,524736,89837,False
Thiruverumbur,CHARLES. S,Independent,100,1,101,0.05,213583,524736,89837,False
Thiruverumbur,SUBBULAKSHMI. R,Independent,91,1,92,0.04,213583,524736,89837,False
Thiruverumbur,YESURAJ. I,Independent,63,1,64,0.03,213583,524736,89837,False
Thiruverumbur,VIJAYAKUMAR. N,Independent,51,3,54,0.03,213583,524736,89837,False
Thiruverumbur,KUMAR. P,Independent,47,1,48,0.02,213583,524736,89837,False
Thiruverumbur,VIJAYAKUMAR. C,Independent,47,1,48,0.02,213583,524736,89837,False
Thiruverumbur,RAMACHANDRAN. V,Independent,46,1,47,0.02,213583,524736,89837,False
Thiruverumbur,HABEEB RAHAMAN. H,Independent,44,0,44,0.02,213583,524736,89837,False
Thiruverumbur,KUMAR. K,Independent,40,0,40,0.02,213583,524736,89837,False
Thiruverumbur,VINCENTRAJ. A,Independent,34,0,34,0.02,213583,524736,89837,False
Thiruvidaimarudur,GOVI.CHEZHIAAN,Dravida Munnetra Kazhagam,79307,644,79951,38.26,208944,11928996,79951,True
Thiruvidaimarudur,S.PRABAKARAN,Tamilaga Vettri Kazhagam,65620,215,65835,31.51,208944,17226030,79951,False
Thiruvidaimarudur,ELAMATHI SUBRAMANIAN,All India Anna Dravida Munnetra Kazhagam,52592,330,52922,25.33,208944,10462146,79951,False
Thiruvidaimarudur,M.DIVYA BHARATHI,Naam Tamilar Katchi,6313,50,6363,3.05,208944,1972520,79951,False
Thiruvidaimarudur,T.M.PURATCHI MANI,Bahujan Samaj Party,1021,22,1043,0.5,208944,53369,79951,False
Thiruvidaimarudur,NOTA,None of the Above,740,7,747,0.36,208944,199800,79951,False
Thiruvidaimarudur,P.MANIKANDAN,Independent,587,1,588,0.28,208944,524736,79951,False
Thiruvidaimarudur,KANNAIYAN. T,Communist Party of India (Marxist-Leninist) (Liberation),317,4,321,0.15,208944,3983,79951,False
Thiruvidaimarudur,A.VISWANATHAN,Tamizhaga Vaazhvurimai Katchi,272,1,273,0.13,208944,74809,79951,False
Thiruvidaimarudur,DHANASEKAR,Independent,266,0,266,0.13,208944,524736,79951,False
Thiruvidaimarudur,L.PRABAKARAN,Independent,174,0,174,0.08,208944,524736,79951,False
Thiruvidaimarudur,M.TAMILMARAN,Independent,141,2,143,0.07,208944,524736,79951,False
Thiruvidaimarudur,SELVARANI. S,Independent,131,8,139,0.07,208944,524736,79951,False
Thiruvidaimarudur,KEERTHIGA. K,Independent,90,5,95,0.05,208944,524736,79951,False
Thiruvidaimarudur,ARAVINDARAJ. R,Independent,84,0,84,0.04,208944,524736,79951,False
Thiruvottiyur,SENTHIL KUMAR. N,Tamilaga Vettri Kazhagam,109788,279,110067,53.15,207088,17226030,110067,True
Thiruvottiyur,SUNDARARAJ. L,Communist Party of India (Marxist),56265,238,56503,27.28,207088,293817,110067,False
Thiruvottiyur,KUPPAN. K,All India Anna Dravida Munnetra Kazhagam,28190,130,28320,13.68,207088,10462146,110067,False
Thiruvottiyur,SATHYA. B,Naam Tamilar Katchi,8380,33,8413,4.06,207088,1972520,110067,False
Thiruvottiyur,MICHAELRAJ. M. A,Independent,832,6,838,0.4,207088,524736,110067,False
Thiruvottiyur,NOTA,None of the Above,795,10,805,0.39,207088,199800,110067,False
Thiruvottiyur,MAHENDRA KUMAR. D,Bahujan Samaj Party,455,3,458,0.22,207088,53369,110067,False
Thiruvottiyur,VIJAY. A,Independent,310,6,316,0.15,207088,524736,110067,False
Thiruvottiyur,BALARUBAN,Independent,307,0,307,0.15,207088,524736,110067,False
Thiruvottiyur,SASIREKHA. M,Veerath Thiyagi Viswanathadoss Thozhilalarkal Katchi,271,0,271,0.13,207088,5624,110067,False
Thiruvottiyur,DILLI KUMAR. R,Democratic National Allegiance,198,0,198,0.1,207088,311,110067,False
Thiruvottiyur,VENKATARAMANAN. J,Tamizhaga Vaazhvurimai Katchi,148,1,149,0.07,207088,74809,110067,False
Thiruvottiyur,THANIKASALAM. B,Independent,138,1,139,0.07,207088,524736,110067,False
Thiruvottiyur,GOPI. K,Independent,117,0,117,0.06,207088,524736,110067,False
Thiruvottiyur,JANAGARAJ,Independent,109,1,110,0.05,207088,524736,110067,False
Thiruvottiyur,ARAVIND. R,Independent,72,5,77,0.04,207088,524736,110067,False
Thiyagarayanagar,ANAND N,Tamilaga Vettri Kazhagam,51390,242,51632,38.55,133928,17226030,51632,True
Thiyagarayanagar,SATHIYANARAYANAN B,All India Anna Dravida Munnetra Kazhagam,38048,557,38605,28.83,133928,10462146,51632,False
Thiyagarayanagar,RAJA ANBAZHAGAN,Dravida Munnetra Kazhagam,36609,408,37017,27.64,133928,11928996,51632,False
Thiyagarayanagar,ANUSHA V,Naam Tamilar Katchi,4525,29,4554,3.4,133928,1972520,51632,False
Thiyagarayanagar,NOTA,None of the Above,861,17,878,0.66,133928,199800,51632,False
Thiyagarayanagar,PADMINI NARASIMHAN,Independent,118,6,124,0.09,133928,524736,51632,False
Thiyagarayanagar,ABUKITHER M,Independent,122,1,123,0.09,133928,524736,51632,False
Thiyagarayanagar,RAVI M L,Desiya Makkal Sakthi Katchi,108,0,108,0.08,133928,2279,51632,False
Thiyagarayanagar,MYTHILI C,Independent,85,1,86,0.06,133928,524736,51632,False
Thiyagarayanagar,BADRI S,Independent,78,1,79,0.06,133928,524736,51632,False
Thiyagarayanagar,MANIKANDAN N,Independent,79,0,79,0.06,133928,524736,51632,False
Thiyagarayanagar,RAMACHANDRAN O N,Independent,70,4,74,0.06,133928,524736,51632,False
Thiyagarayanagar,VETRIVEL K,Independent,68,0,68,0.05,133928,524736,51632,False
Thiyagarayanagar,RAJESH E,Independent,66,1,67,0.05,133928,524736,51632,False
Thiyagarayanagar,MOORTHY N,Independent,63,1,64,0.05,133928,524736,51632,False
Thiyagarayanagar,PRASATH D,Independent,45,0,45,0.03,133928,524736,51632,False
Thiyagarayanagar,GNANASEKARAN G,Independent,38,6,44,0.03,133928,524736,51632,False
Thiyagarayanagar,EASAN NATARAJAN T,Independent,40,1,41,0.03,133928,524736,51632,False
Thiyagarayanagar,MANIKANDAN T,Independent,35,1,36,0.03,133928,524736,51632,False
Thiyagarayanagar,SATHISH KUMAR B,Independent,26,5,31,0.02,133928,524736,51632,False
Thiyagarayanagar,RAMKUMAR L,Independent,31,0,31,0.02,133928,524736,51632,False
Thiyagarayanagar,ARAVIND GOSH Y T,Independent,29,1,30,0.02,133928,524736,51632,False
Thiyagarayanagar,BALAJI S,Independent,27,2,29,0.02,133928,524736,51632,False
Thiyagarayanagar,JAYAVEL,Independent,23,0,23,0.02,133928,524736,51632,False
Thiyagarayanagar,KUMAR SRI SRI B,Independent,20,2,22,0.02,133928,524736,51632,False
Thiyagarayanagar,JOTHIRAJ G M,Independent,21,0,21,0.02,133928,524736,51632,False
Thiyagarayanagar,THENNARASU P,Independent,14,3,17,0.01,133928,524736,51632,False
Thondamuthur,S.P.VELUMANI,All India Anna Dravida Munnetra Kazhagam,92372,944,93316,36.09,258549,10462146,93316,True
Thondamuthur,SATHISH RAJU (ALIAS) K.P.R. SATHISH,Tamilaga Vettri Kazhagam,78365,226,78591,30.4,258549,17226030,93316,False
Thondamuthur,N.R.KARTHIKEYAN,Dravida Munnetra Kazhagam,75335,582,75917,29.36,258549,11928996,93316,False
Thondamuthur,RAJABU NISHA.Z,Naam Tamilar Katchi,6931,45,6976,2.7,258549,1972520,93316,False
Thondamuthur,NOTA,None of the Above,994,6,1000,0.39,258549,199800,93316,False
Thondamuthur,RAFEEQ.A.M.,Independent,317,0,317,0.12,258549,524736,93316,False
Thondamuthur,BALAMANI.V,Independent,304,0,304,0.12,258549,524736,93316,False
Thondamuthur,NIRMALKUMAR.R,Independent,258,0,258,0.1,258549,524736,93316,False
Thondamuthur,KARTHIKEYAN.R-POOLUVAPATTI,Independent,234,7,241,0.09,258549,524736,93316,False
Thondamuthur,SHAJAHAN.S,Tamizhaga Vaazhvurimai Katchi,214,1,215,0.08,258549,74809,93316,False
Thondamuthur,DEEPA.G.S,Independent,194,1,195,0.08,258549,524736,93316,False
Thondamuthur,SIVARAMAN.C,Independent,185,0,185,0.07,258549,524736,93316,False
Thondamuthur,VIJAYA.K,Independent,183,0,183,0.07,258549,524736,93316,False
Thondamuthur,MANOKARAN.K,Independent,142,0,142,0.05,258549,524736,93316,False
Thondamuthur,KALAIVANI.S,Independent,123,2,125,0.05,258549,524736,93316,False
Thondamuthur,KARTHIKEYAN.R-THONDAMUTHUR,Independent,105,3,108,0.04,258549,524736,93316,False
Thondamuthur,ARULKUMAR.P,Independent,99,5,104,0.04,258549,524736,93316,False
Thondamuthur,DEVADASS.K,Independent,98,1,99,0.04,258549,524736,93316,False
Thondamuthur,KARTHIKEYAN.M,Independent,90,0,90,0.03,258549,524736,93316,False
Thondamuthur,KOWSALYA.V,Independent,75,2,77,0.03,258549,524736,93316,False
Thondamuthur,KARTHIKEYAN.R,Independent,54,0,54,0.02,258549,524736,93316,False
Thondamuthur,VISWANATHAN.M,Independent,51,1,52,0.02,258549,524736,93316,False
Thoothukkudi,SRINATH,Tamilaga Vettri Kazhagam,99900,636,100536,49.11,204712,17226030,100536,True
Thoothukkudi,P. GEETHA JEEVAN,Dravida Munnetra Kazhagam,62045,760,62805,30.68,204712,11928996,100536,False
Thoothukkudi,CHELLAPANDIAN S.T.,All India Anna Dravida Munnetra Kazhagam,25879,334,26213,12.8,204712,10462146,100536,False
Thoothukkudi,JACOB DEVADOSS ABISHEAK R.,Naam Tamilar Katchi,11574,178,11752,5.74,204712,1972520,100536,False
Thoothukkudi,NOTA,None of the Above,835,18,853,0.42,204712,199800,100536,False
Thoothukkudi,YESADURAI S.,All India Puratchi Thalaivar Makkal Munnettra Kazhagam,682,7,689,0.34,204712,133479,100536,False
Thoothukkudi,SAMUEL J.,Independent,338,4,342,0.17,204712,524736,100536,False
Thoothukkudi,DHINAKARAN S.T.R.M.,Independent,260,2,262,0.13,204712,524736,100536,False
Thoothukkudi,PONKUMARAN P.P.M.T,Nam Naadu Nam Makkal Nam Ethirkaalam Katchi,259,2,261,0.13,204712,1466,100536,False
Thoothukkudi,SRIKANTH M.V.,Naam Indiar Party,243,0,243,0.12,204712,4474,100536,False
Thoothukkudi,KIDAR SAMSDEEN N.A.,Tamizhaga Vaazhvurimai Katchi,170,2,172,0.08,204712,74809,100536,False
Thoothukkudi,SAHAYAM T.,Communist Party of India (Marxist-Leninist) (Liberation),143,0,143,0.07,204712,3983,100536,False
Thoothukkudi,PRASANNA KUMAR M.,Makkal Nalvaazhvuk Katchi,137,0,137,0.07,204712,461,100536,False
Thoothukkudi,BABU P.,Independent,112,3,115,0.06,204712,524736,100536,False
Thoothukkudi,MUNEESWARA MOORTHY S.,Independent,103,1,104,0.05,204712,524736,100536,False
Thoothukkudi,MARUTHU PANDIAN P.,Independent,85,0,85,0.04,204712,524736,100536,False
Thousand Lights,PRABHAKAR.J.C.D,Tamilaga Vettri Kazhagam,58545,420,58965,44.73,131824,17226030,58965,True
Thousand Lights,EZHILAN NAGANATHAN,Dravida Munnetra Kazhagam,43224,600,43824,33.24,131824,11928996,58965,False
Thousand Lights,VALARMATHI.B,All India Anna Dravida Munnetra Kazhagam,22971,349,23320,17.69,131824,10462146,58965,False
Thousand Lights,KALANCHIYAM.MU,Naam Tamilar Katchi,3680,37,3717,2.82,131824,1972520,58965,False
Thousand Lights,NOTA,None of the Above,800,15,815,0.62,131824,199800,58965,False
Thousand Lights,VALARMATHI.E,Independent,233,12,245,0.19,131824,524736,58965,False
Thousand Lights,MOHAMED GHOUSE.H,Tamizhaga Vaazhvurimai Katchi,200,3,203,0.15,131824,74809,58965,False
Thousand Lights,SATHYA.A,Independent,161,4,165,0.13,131824,524736,58965,False
Thousand Lights,VALARMATHY.D,Independent,100,2,102,0.08,131824,524736,58965,False
Thousand Lights,VIJAY.D,Independent,77,6,83,0.06,131824,524736,58965,False
Thousand Lights,PRABHAKARAN.B,Independent,63,1,64,0.05,131824,524736,58965,False
Thousand Lights,PRABHAKARAN.V,Independent,62,1,63,0.05,131824,524736,58965,False
Thousand Lights,KARTHIKEYAN.S,Independent,60,1,61,0.05,131824,524736,58965,False
Thousand Lights,SUNDARA RAJU.A,Independent,48,0,48,0.04,131824,524736,58965,False
Thousand Lights,SHANKAR.V,Independent,40,2,42,0.03,131824,524736,58965,False
Thousand Lights,PRABHAKARAN.T,Independent,36,0,36,0.03,131824,524736,58965,False
Thousand Lights,MUNIYAN.E,Independent,26,2,28,0.02,131824,524736,58965,False
Thousand Lights,DHANASEKARAN.V,Independent,21,2,23,0.02,131824,524736,58965,False
Thousand Lights,PACHAIYAPPAN.E,Independent,20,0,20,0.02,131824,524736,58965,False
Thuraiyur,RAVISANKAR.M,Tamilaga Vettri Kazhagam,65711,552,66263,35.93,184426,17226030,66263,True
Thuraiyur,E.SAROJA,All India Anna Dravida Munnetra Kazhagam,56069,580,56649,30.72,184426,10462146,66263,False
Thuraiyur,M.LENIN PRASATH,Indian National Congress,48396,826,49222,26.69,184426,1661312,66263,False
Thuraiyur,S KOWSALYA,Naam Tamilar Katchi,8305,131,8436,4.57,184426,1972520,66263,False
Thuraiyur,NOTA,None of the Above,686,11,697,0.38,184426,199800,66263,False
Thuraiyur,P.SRINIVASAN,Bahujan Samaj Party,582,6,588,0.32,184426,53369,66263,False
Thuraiyur,GNANAVETTIYAN SIVAPERUMAL .K,Tamizhaga Vaazhvurimai Katchi,512,1,513,0.28,184426,74809,66263,False
Thuraiyur,M. RAVICHANDRAN,Independent,387,4,391,0.21,184426,524736,66263,False
Thuraiyur,K.SELVAM,Independent,350,6,356,0.19,184426,524736,66263,False
Thuraiyur,G. DHINESHKUMAR,Independent,323,3,326,0.18,184426,524736,66263,False
Thuraiyur,T. RAJAMANICKAM,Puthiya Tamilagam,236,0,236,0.13,184426,93652,66263,False
Thuraiyur,N. MUTHAZHAGU,Independent,213,0,213,0.12,184426,524736,66263,False
Thuraiyur,SELVAM .G,Independent,193,0,193,0.1,184426,524736,66263,False
Thuraiyur,P.SAROJA,Independent,140,1,141,0.08,184426,524736,66263,False
Thuraiyur,K.SAROJA,Independent,106,1,107,0.06,184426,524736,66263,False
Thuraiyur,E.SAROJA,Independent,95,0,95,0.05,184426,524736,66263,False
Tindivanam,VANNI ARASU,Viduthalai Chiruthaigal Katchi,63094,739,63833,32.56,196026,540056,63833,True
Tindivanam,ARJUNAN. P,All India Anna Dravida Munnetra Kazhagam,62325,774,63099,32.19,196026,10462146,63833,False
Tindivanam,SAKTHIVEL. S,Tamilaga Vettri Kazhagam,60836,323,61159,31.2,196026,17226030,63833,False
Tindivanam,PACHIMUTHU. P,Naam Tamilar Katchi,5205,37,5242,2.67,196026,1972520,63833,False
Tindivanam,NOTA,None of the Above,704,10,714,0.36,196026,199800,63833,False
Tindivanam,VINOTH. S,Independent,433,2,435,0.22,196026,524736,63833,False
Tindivanam,VENKATACHALAPATHY. A,Bahujan Samaj Party,420,2,422,0.22,196026,53369,63833,False
Tindivanam,VISWANATHAN. S.A,Independent,208,0,208,0.11,196026,524736,63833,False
Tindivanam,MOHAN. A,MAKKAL SAKTHI KATCHI,198,3,201,0.1,196026,424,63833,False
Tindivanam,PON.SIVAKUMAR,Independent,196,3,199,0.1,196026,524736,63833,False
Tindivanam,DEVAKUMARAN. E,Independent,197,1,198,0.1,196026,524736,63833,False
Tindivanam,CHANDARAN. A,Independent,99,0,99,0.05,196026,524736,63833,False
Tindivanam,DURKALI. N,Independent,69,9,78,0.04,196026,524736,63833,False
Tindivanam,VANJINATHAN. C,Tamizhaga Vaazhvurimai Katchi,72,2,74,0.04,196026,74809,63833,False
Tindivanam,RAMNESHWARAN. V,Thakkam Katchi,65,0,65,0.03,196026,2416,63833,False
Tiruchendur,ANITHA R. RADHAKRISHNAN,Dravida Munnetra Kazhagam,71564,1159,72723,39.09,186050,11928996,72723,True
Tiruchendur,J. MURUGAN,Tamilaga Vettri Kazhagam,66350,501,66851,35.93,186050,17226030,72723,False
Tiruchendur,K R M RADHAKRISHNAN,Bharatiya Janata Party,33665,494,34159,18.36,186050,1466979,72723,False
Tiruchendur,OPHILIYA,Naam Tamilar Katchi,9676,118,9794,5.26,186050,1972520,72723,False
Tiruchendur,NOTA,None of the Above,710,12,722,0.39,186050,199800,72723,False
Tiruchendur,GOPALAKRISHNAN,All India Puratchi Thalaivar Makkal Munnettra Kazhagam,437,5,442,0.24,186050,133479,72723,False
Tiruchendur,MAHARAJAN. M,Puthiya Makkal Tamil Desam Katchi,320,1,321,0.17,186050,2651,72723,False
Tiruchendur,RASIK MUSSAMMIL. K,Tamizhaga Vaazhvurimai Katchi,236,1,237,0.13,186050,74809,72723,False
Tiruchendur,VENKATESH PERUMAL. S,Independent,224,1,225,0.12,186050,524736,72723,False
Tiruchendur,MEERA SAHIB,Independent,173,2,175,0.09,186050,524736,72723,False
Tiruchendur,SHAIK ABDUL KADER. P.S.J,Independent,149,0,149,0.08,186050,524736,72723,False
Tiruchendur,PACKIA SAM. T,Naam Indiar Party,96,1,97,0.05,186050,4474,72723,False
Tiruchendur,VEERAPPA. T,Independent,95,1,96,0.05,186050,524736,72723,False
Tiruchendur,RAJALINGAM. M,Independent,59,0,59,0.03,186050,524736,72723,False
Tiruchengodu,ARUNRAJ K G,Tamilaga Vettri Kazhagam,78824,676,79500,41.6,191122,17226030,79500,True
Tiruchengodu,SRMT SEKAR (A) CHANDRASEKAR R,All India Anna Dravida Munnetra Kazhagam,50439,889,51328,26.86,191122,10462146,79500,False
Tiruchengodu,ESWARAN E R,Dravida Munnetra Kazhagam,48320,1145,49465,25.88,191122,11928996,79500,False
Tiruchengodu,REVATHI K,Naam Tamilar Katchi,6001,84,6085,3.18,191122,1972520,79500,False
Tiruchengodu,SARAVANASUNDARAM S,Independent,1173,17,1190,0.62,191122,524736,79500,False
Tiruchengodu,NOTA,None of the Above,509,11,520,0.27,191122,199800,79500,False
Tiruchengodu,DEEPAKRAJAN V,Independent,496,1,497,0.26,191122,524736,79500,False
Tiruchengodu,SHARAVANAN A K,Tamizhaga Vaazhvurimai Katchi,351,3,354,0.19,191122,74809,79500,False
Tiruchengodu,PALANISAMY K,Independent,319,5,324,0.17,191122,524736,79500,False
Tiruchengodu,RAMESH S,Independent,298,0,298,0.16,191122,524736,79500,False
Tiruchengodu,CHINNATHAMBI K,Republican Party of India (Athawale),287,9,296,0.15,191122,11047,79500,False
Tiruchengodu,SATHEESKUMAR P,Independent,249,2,251,0.13,191122,524736,79500,False
Tiruchengodu,DHINESH KARIKALAN,Independent,246,1,247,0.13,191122,524736,79500,False
Tiruchengodu,BALAJI CHEZHIAN P,Independent,189,0,189,0.1,191122,524736,79500,False
Tiruchengodu,RAJAKUMAR P,Independent,96,0,96,0.05,191122,524736,79500,False
Tiruchengodu,ESWARAN M,Independent,91,2,93,0.05,191122,524736,79500,False
Tiruchengodu,DHANAPAL SUBRAMANIYAM,Anaithinthiya Anna Dravida Makkal Seyal katchi,91,0,91,0.05,191122,1462,79500,False
Tiruchengodu,VISWANATHAN P,Independent,53,0,53,0.03,191122,524736,79500,False
Tiruchengodu,THIRUKKUMARAN P,Makkal Munnetra Katchi,51,1,52,0.03,191122,305,79500,False
Tiruchengodu,ARULPRAKASAM S,Independent,49,0,49,0.03,191122,524736,79500,False
Tiruchengodu,MAHESHKUMAR N,Independent,45,0,45,0.02,191122,524736,79500,False
Tiruchengodu,MUNUSAMY A T,Samaniya Makkal Nala Katchi,36,2,38,0.02,191122,5144,79500,False
Tiruchengodu,REVANTH S N,Independent,37,0,37,0.02,191122,524736,79500,False
Tiruchengodu,ARJUNAN L K,Independent,24,0,24,0.01,191122,524736,79500,False
Tiruchirappalli (East),C. JOSEPH VIJAY,Tamilaga Vettri Kazhagam,90431,950,91381,50.07,182493,17226030,91381,True
Tiruchirappalli (East),S. INIGO IRUDAYARAJ,Dravida Munnetra Kazhagam,62859,1106,63965,35.05,182493,11928996,91381,False
Tiruchirappalli (East),G. RAJASEKARAN,All India Anna Dravida Munnetra Kazhagam,19437,278,19715,10.8,182493,10462146,91381,False
Tiruchirappalli (East),DR.KRISHNASAMY .V,Naam Tamilar Katchi,4725,65,4790,2.62,182493,1972520,91381,False
Tiruchirappalli (East),NOTA,None of the Above,498,16,514,0.28,182493,199800,91381,False
Tiruchirappalli (East),P. CHARLES SAGAYARAJ,Independent,390,0,390,0.21,182493,524736,91381,False
Tiruchirappalli (East),VIJAIA MOHANAAJI .MA,Vidial Valarchi Perani,234,1,235,0.13,182493,235,91381,False
Tiruchirappalli (East),R. ELANGOVAN,Bahujan Samaj Party,227,7,234,0.13,182493,53369,91381,False
Tiruchirappalli (East),ROYAL RAJA,Tamizhaga Vaazhvurimai Katchi,165,2,167,0.09,182493,74809,91381,False
Tiruchirappalli (East),VIJAY .K,All India Jananayaka Makkal Kazhagam,138,3,141,0.08,182493,1415,91381,False
Tiruchirappalli (East),KANNAN .S,Independent,137,1,138,0.08,182493,524736,91381,False
Tiruchirappalli (East),C. NANDA KUMAR,All India Puratchi Thalaivar Makkal Munnettra Kazhagam,127,5,132,0.07,182493,133479,91381,False
Tiruchirappalli (East),G. SEBASTIAN ANAND,Independent,124,0,124,0.07,182493,524736,91381,False
Tiruchirappalli (East),S. PANNEER SELVAM,Independent,109,0,109,0.06,182493,524736,91381,False
Tiruchirappalli (East),ANAND SELVARAJ,National Maha Sabha Party,105,0,105,0.06,182493,278,91381,False
Tiruchirappalli (East),SUKUMAR .S,Thamizhaka Padaippalar Makkal Katchi,99,2,101,0.06,182493,4020,91381,False
Tiruchirappalli (East),T. GANGAI ULAGANATHAN,Independent,78,1,79,0.04,182493,524736,91381,False
Tiruchirappalli (East),N. GOBINATH,Puthiya Tamilagam,61,2,63,0.03,182493,93652,91381,False
Tiruchirappalli (East),P. RAJENDRAN,Independent,48,0,48,0.03,182493,524736,91381,False
Tiruchirappalli (East),R. MUTHUKUMAR,Samaniya Makkal Nala Katchi,30,1,31,0.02,182493,5144,91381,False
Tiruchirappalli (East),J. ROBERT CHRISTY,Independent,29,2,31,0.02,182493,524736,91381,False
Tiruchirappalli (West),K.N.NEHRU,Dravida Munnetra Kazhagam,86969,1266,88235,44.94,196347,11928996,88235,True
Tiruchirappalli (West),G.RAMAMOORTHI,Tamilaga Vettri Kazhagam,82817,632,83449,42.5,196347,17226030,88235,False
Tiruchirappalli (West),M.RAJASEKARAN,Amma Makkal Munnettra Kazagam,13923,213,14136,7.2,196347,425345,88235,False
Tiruchirappalli (West),K.BHUVANESWARI,Naam Tamilar Katchi,7384,86,7470,3.8,196347,1972520,88235,False
Tiruchirappalli (West),NOTA,None of the Above,1075,23,1098,0.56,196347,199800,88235,False
Tiruchirappalli (West),CHINNAIYAN POOSARI,Bahujan Samaj Party,442,11,453,0.23,196347,53369,88235,False
Tiruchirappalli (West),JEEVANANTHAM.M,Independent,323,0,323,0.16,196347,524736,88235,False
Tiruchirappalli (West),R.PRABU,Tamizhaga Vaazhvurimai Katchi,302,8,310,0.16,196347,74809,88235,False
Tiruchirappalli (West),A.VASUDEVAN,Independent,155,3,158,0.08,196347,524736,88235,False
Tiruchirappalli (West),SAMPATH,Independent,148,4,152,0.08,196347,524736,88235,False
Tiruchirappalli (West),A.VEERAMANI,Samaniya Makkal Nala Katchi,138,2,140,0.07,196347,5144,88235,False
Tiruchirappalli (West),SUNDARAPANDIYARAJA,Independent,116,6,122,0.06,196347,524736,88235,False
Tiruchirappalli (West),P.RAJENDRAN,Independent,116,1,117,0.06,196347,524736,88235,False
Tiruchirappalli (West),M.KALAIMANI,Independent,107,1,108,0.06,196347,524736,88235,False
Tiruchirappalli (West),M.CHANDRASEKARAN,Independent,74,2,76,0.04,196347,524736,88235,False
Tiruchuli,THANGAM THENARASU,Dravida Munnetra Kazhagam,74298,787,75085,41.43,181250,11928996,75085,True
Tiruchuli,SAMAYAN.S,Tamilaga Vettri Kazhagam,60912,688,61600,33.99,181250,17226030,75085,False
Tiruchuli,RAJAVARMAN.M.S.R,All India Anna Dravida Munnetra Kazhagam,25205,376,25581,14.11,181250,10462146,75085,False
Tiruchuli,AVARANGADU KARTHIK RAJA,Naam Tamilar Katchi,12522,241,12763,7.04,181250,1972520,75085,False
Tiruchuli,GUNASEKARAN.G,Puthiya Tamilagam,1222,26,1248,0.69,181250,93652,75085,False
Tiruchuli,MURUGESAPANDIAN.T,All India Puratchi Thalaivar Makkal Munnettra Kazhagam,1097,10,1107,0.61,181250,133479,75085,False
Tiruchuli,MALAI ALAGU.M,Independent,631,0,631,0.35,181250,524736,75085,False
Tiruchuli,ADVOCATE THANGAPANDIAN,Independent,518,7,525,0.29,181250,524736,75085,False
Tiruchuli,NOTA,None of the Above,407,18,425,0.23,181250,199800,75085,False
Tiruchuli,MARIMUTHU.M,Independent,392,0,392,0.22,181250,524736,75085,False
Tiruchuli,KANNAN.G,Ezhuchi Tamilargal Munnetra Kazhagam,281,0,281,0.16,181250,802,75085,False
Tiruchuli,SETHURAMALINGAM.S,Independent,245,0,245,0.14,181250,524736,75085,False
Tiruchuli,PALANIYANDI.M,Independent,194,1,195,0.11,181250,524736,75085,False
Tiruchuli,NALLAMARUTHU.K,Independent,164,0,164,0.09,181250,524736,75085,False
Tiruchuli,RAJANGAM.C,Independent,162,0,162,0.09,181250,524736,75085,False
Tiruchuli,KALIMUTHU.S,Independent,124,0,124,0.07,181250,524736,75085,False
Tiruchuli,RAJKUMAR.D,Tamizhaga Vaazhvurimai Katchi,119,0,119,0.07,181250,74809,75085,False
Tiruchuli,GURUSAMY.T,Independent,108,6,114,0.06,181250,524736,75085,False
Tiruchuli,VELLAISAMY.P,Ahimsa Socialist Party,108,0,108,0.06,181250,321,75085,False
Tiruchuli,JEYACHITRA,Independent,86,2,88,0.05,181250,524736,75085,False
Tiruchuli,CHENNA KESAVAN.P,Independent,82,3,85,0.05,181250,524736,75085,False
Tiruchuli,MUNIYASAMY.R,Independent,77,0,77,0.04,181250,524736,75085,False
Tiruchuli,MARNADU.M,Independent,66,0,66,0.04,181250,524736,75085,False
Tiruchuli,ARAVINTHASAMY.J,Independent,65,0,65,0.04,181250,524736,75085,False
Tirukkoyilur,PALANISAMY S,All India Anna Dravida Munnetra Kazhagam,72347,686,73033,33.61,217318,10462146,73033,True
Tirukkoyilur,VIJAY R BARANIBALAAJI,Tamilaga Vettri Kazhagam,72247,501,72748,33.48,217318,17226030,73033,False
Tirukkoyilur,DR PON GAUTHAMSIGAMANI,Dravida Munnetra Kazhagam,61525,927,62452,28.74,217318,11928996,73033,False
Tirukkoyilur,HEMARAJAN K,Naam Tamilar Katchi,5703,88,5791,2.66,217318,1972520,73033,False
Tirukkoyilur,RAMAKRISHNAN M,Independent,588,1,589,0.27,217318,524736,73033,False
Tirukkoyilur,VIJAYAMOORTHI E,Independent,570,1,571,0.26,217318,524736,73033,False
Tirukkoyilur,NOTA,None of the Above,491,9,500,0.23,217318,199800,73033,False
Tirukkoyilur,GOVINDHAKANNAN M,Bahujan Samaj Party,373,1,374,0.17,217318,53369,73033,False
Tirukkoyilur,TAMILSELVAM R,Tamizhaga Vaazhvurimai Katchi,303,9,312,0.14,217318,74809,73033,False
Tirukkoyilur,RAVICHANDRAN G,Independent,205,0,205,0.09,217318,524736,73033,False
Tirukkoyilur,GOWTHAM S,Independent,192,0,192,0.09,217318,524736,73033,False
Tirukkoyilur,EDWIN ABINESH A,Independent,136,0,136,0.06,217318,524736,73033,False
Tirukkoyilur,PRABHAKARAN V J,Independent,127,5,132,0.06,217318,524736,73033,False
Tirukkoyilur,SELVAM K,Veerath Thiyagi Viswanathadoss Thozhilalarkal Katchi,108,0,108,0.05,217318,5624,73033,False
Tirukkoyilur,PALANISAMY E,Independent,92,2,94,0.04,217318,524736,73033,False
Tirukkoyilur,KARTHICK S,Independent,81,0,81,0.04,217318,524736,73033,False
Tirunelveli,MURUGHAN.R.S.,Tamilaga Vettri Kazhagam,75157,683,75840,34.72,218425,17226030,75840,True
Tirunelveli,SUBRAMANIAN.S,Dravida Munnetra Kazhagam,63449,977,64426,29.5,218425,11928996,75840,False
Tirunelveli,THACHAI GANESARAJA,All India Anna Dravida Munnetra Kazhagam,46953,551,47504,21.75,218425,10462146,75840,False
Tirunelveli,SATHYA. B.,Naam Tamilar Katchi,14908,200,15108,6.92,218425,1972520,75840,False
Tirunelveli,DR.SHYAM KRISHNASAMY,Puthiya Tamilagam,10473,161,10634,4.87,218425,93652,75840,False
Tirunelveli,NOTA,None of the Above,698,19,717,0.33,218425,199800,75840,False
Tirunelveli,ARUMUGARAJ. S.,Tamizhaga Vaazhvurimai Katchi,547,9,556,0.25,218425,74809,75840,False
Tirunelveli,THALABATHI MURUGAN. M.,Independent,472,4,476,0.22,218425,524736,75840,False
Tirunelveli,MURUGAN.S.,Independent,424,4,428,0.2,218425,524736,75840,False
Tirunelveli,CHENDUR MAHARAJAN,Puthiya Makkal Tamil Desam Katchi,343,3,346,0.16,218425,2651,75840,False
Tirunelveli,MUGESH SUBRAMANIAN,Independent,345,1,346,0.16,218425,524736,75840,False
Tirunelveli,VEERABAGHU. M.,Independent,337,0,337,0.15,218425,524736,75840,False
Tirunelveli,KANNAN. G.,Aanaithinthiya Jananayaka Pathukappu Kazhagam,286,4,290,0.13,218425,22964,75840,False
Tirunelveli,SUBRAMANIAN. E.,Independent,242,18,260,0.12,218425,524736,75840,False
Tirunelveli,ATHISAYA PNDIYAN. V.,Independent,221,9,230,0.11,218425,524736,75840,False
Tirunelveli,VELAYUTHAM. P.,Independent,213,8,221,0.1,218425,524736,75840,False
Tirunelveli,MURUGAN. P.,Thamizhaka Padaippalar Makkal Katchi,210,0,210,0.1,218425,4020,75840,False
Tirunelveli,MURUGALAKSHMANAN,Independent,168,3,171,0.08,218425,524736,75840,False
Tirunelveli,ESWARA VADIVU. S.,Naam Indiar Party,113,1,114,0.05,218425,4474,75840,False
Tirunelveli,SELVAKUMAR SINGH,Bahujan Dravida Party,108,1,109,0.05,218425,780,75840,False
Tirunelveli,ESAKKIRAJA. V.,Independent,100,2,102,0.05,218425,524736,75840,False
Tirupattur,DR.THIRUPATHI. N,Tamilaga Vettri Kazhagam,104203,895,105098,51.79,202925,17226030,105098,True
Tirupattur,NALLATHAMBI. A,Dravida Munnetra Kazhagam,56264,571,56835,28.01,202925,11928996,105098,False
Tirupattur,GNANASEKAR. A,Amma Makkal Munnettra Kazagam,29817,186,30003,14.79,202925,425345,105098,False
Tirupattur,ARUMUGAM. V,Naam Tamilar Katchi,5360,122,5482,2.7,202925,1972520,105098,False
Tirupattur,RAJESH. S,Tamizhaga Vaazhvurimai Katchi,485,1,486,0.24,202925,74809,105098,False
Tirupattur,NOTA,None of the Above,456,8,464,0.23,202925,199800,105098,False
Tirupattur,THIRUPATHI. N,Independent,447,0,447,0.22,202925,524736,105098,False
Tirupattur,VENKATESAN. K,Independent,407,1,408,0.2,202925,524736,105098,False
Tirupattur,SEKAR. N,All India Youth Development Party,385,2,387,0.19,202925,1203,105098,False
Tirupattur,RAJIV GANDHI. S,Bahujan Samaj Party,359,2,361,0.18,202925,53369,105098,False
Tirupattur,THIRUPATHI. C,Independent,349,6,355,0.17,202925,524736,105098,False
Tirupattur,VIJAYAKUMAR. G,Aanaithinthiya Jananayaka Pathukappu Kazhagam,343,2,345,0.17,202925,22964,105098,False
Tirupattur,THIRUPATHI. S,Independent,331,8,339,0.17,202925,524736,105098,False
Tirupattur,RAGUJOSEPH. J,Independent,308,0,308,0.15,202925,524736,105098,False
Tirupattur,KALASTHIRI. S,All India Uzhavargal Uzhaippalargal Katchi,203,5,208,0.1,202925,578,105098,False
Tirupattur,GNANASEKARAN. R,Independent,206,0,206,0.1,202925,524736,105098,False
Tirupattur,NALLATHAMBI. R,Independent,191,1,192,0.09,202925,524736,105098,False
Tirupattur,SANKAR. S,Independent,181,1,182,0.09,202925,524736,105098,False
Tirupattur,DR.POOVALAGI. P,Independent,138,1,139,0.07,202925,524736,105098,False
Tirupattur,SATHIYAMOORTHY. S,Makkal Nala Kazhagam,135,1,136,0.07,202925,285,105098,False
Tirupattur,BALABHARATHI. S.V,Independent,127,1,128,0.06,202925,524736,105098,False
Tirupattur,GNANASEKARAN. M,Independent,126,1,127,0.06,202925,524736,105098,False
Tirupattur,MOHAN RAJ. R,Independent,119,0,119,0.06,202925,524736,105098,False
Tirupattur,ANJALI. M,Independent,110,5,115,0.06,202925,524736,105098,False
Tirupattur,GOVIND. T.G,Independent,55,0,55,0.03,202925,524736,105098,False
Tiruppattur,PERIAKARUPPAN. KR,Dravida Munnetra Kazhagam,82043,1183,83226,38.65,215316,11928996,83226,True
Tiruppattur,SEENIVASA SETHUPATHY. R,Tamilaga Vettri Kazhagam,82831,365,83196,38.64,215316,17226030,83226,False
Tiruppattur,THIRUMARAN. K.C,Bharatiya Janata Party,28733,276,29009,13.47,215316,1466979,83226,False
Tiruppattur,RAMYA MOHAN,Naam Tamilar Katchi,15172,102,15274,7.09,215316,1972520,83226,False
Tiruppattur,RAJA. K.P.M,Independent,744,7,751,0.35,215316,524736,83226,False
Tiruppattur,NOTA,None of the Above,740,6,746,0.35,215316,199800,83226,False
Tiruppattur,UMADEVI. S,All India Puratchi Thalaivar Makkal Munnettra Kazhagam,603,8,611,0.28,215316,133479,83226,False
Tiruppattur,VISHWANATHAN. S,Independent,496,0,496,0.23,215316,524736,83226,False
Tiruppattur,SHANMUGAM. M,Independent,379,3,382,0.18,215316,524736,83226,False
Tiruppattur,DR.VINAYAGA MEYYARASU. T,Independent,376,4,380,0.18,215316,524736,83226,False
Tiruppattur,MARIMUTHU. S,Independent,348,2,350,0.16,215316,524736,83226,False
Tiruppattur,BAKIYALAKSHMI. M,Independent,265,1,266,0.12,215316,524736,83226,False
Tiruppattur,PIRAMAN. P,Independent,219,3,222,0.1,215316,524736,83226,False
Tiruppattur,MALLIKA. A,Independent,135,8,143,0.07,215316,524736,83226,False
Tiruppattur,SETHU. P,Independent,134,1,135,0.06,215316,524736,83226,False
Tiruppattur,PANCHAVARNAM. M,Independent,129,0,129,0.06,215316,524736,83226,False
Tiruppur (North),V.SATHYABAMA,Tamilaga Vettri Kazhagam,130901,500,131401,49.88,263457,17226030,131401,True
Tiruppur (North),M.S.M.ANANDAN,All India Anna Dravida Munnetra Kazhagam,61082,327,61409,23.31,263457,10462146,131401,False
Tiruppur (North),M.RAVI ALIAS M.SUBRAMANIAN,Communist Party of India,53525,439,53964,20.48,263457,326488,131401,False
Tiruppur (North),R.ABINAYA,Naam Tamilar Katchi,13095,62,13157,4.99,263457,1972520,131401,False
Tiruppur (North),NOTA,None of the Above,1065,13,1078,0.41,263457,199800,131401,False
Tiruppur (North),L.JAMES REYNOLD,Bahujan Samaj Party,378,2,380,0.14,263457,53369,131401,False
Tiruppur (North),T.KRISHNASWAMY,Anna Puratchi Thalaivar Amma Dravida Munnetra Kazhagam,349,2,351,0.13,263457,3034,131401,False
Tiruppur (North),G.BALAKRISHNAN,Independent,247,0,247,0.09,263457,524736,131401,False
Tiruppur (North),K.VENKADASWAMY,Independent,216,2,218,0.08,263457,524736,131401,False
Tiruppur (North),PY.DHATCHINAMURTHY,Tamizhaga Vaazhvurimai Katchi,213,1,214,0.08,263457,74809,131401,False
Tiruppur (North),R.VISHNUMOORTHY,Independent,198,0,198,0.08,263457,524736,131401,False
Tiruppur (North),P.RAVI,Independent,195,1,196,0.07,263457,524736,131401,False
Tiruppur (North),K.ANAND,Independent,191,2,193,0.07,263457,524736,131401,False
Tiruppur (North),M.RANGASAMY,Independent,179,0,179,0.07,263457,524736,131401,False
Tiruppur (North),GANISHKAR,Independent,170,2,172,0.07,263457,524736,131401,False
Tiruppur (North),S.ANANDHAKUMAR,Independent,99,1,100,0.04,263457,524736,131401,False
Tiruppur (South),BALAMURUGAN. S,Tamilaga Vettri Kazhagam,73472,321,73793,41.04,179814,17226030,73793,True
Tiruppur (South),DINESHKUMAR. N,Dravida Munnetra Kazhagam,60392,500,60892,33.86,179814,11928996,73793,False
Tiruppur (South),THANGARAJ. S,Bharatiya Janata Party,34399,218,34617,19.25,179814,1466979,73793,False
Tiruppur (South),DINESH. P.N,Naam Tamilar Katchi,6918,38,6956,3.87,179814,1972520,73793,False
Tiruppur (South),NOTA,None of the Above,636,8,644,0.36,179814,199800,73793,False
Tiruppur (South),KALIMUTHU. K,All India Forward Bloc,625,1,626,0.35,179814,4455,73793,False
Tiruppur (South),DINESHKUMAR,Independent,235,0,235,0.13,179814,524736,73793,False
Tiruppur (South),RANGASAMY. S,Bahujan Samaj Party,231,3,234,0.13,179814,53369,73793,False
Tiruppur (South),DINESHKUMAR,Independent,202,1,203,0.11,179814,524736,73793,False
Tiruppur (South),KESAVAMURTHI. N,Independent,193,1,194,0.11,179814,524736,73793,False
Tiruppur (South),MALARVIZHI. G,Indhu Dravida Makkal Katchi,167,3,170,0.09,179814,2112,73793,False
Tiruppur (South),MAHALINGAM. V,Independent,167,0,167,0.09,179814,524736,73793,False
Tiruppur (South),VASANTHAMANI. K,Independent,141,1,142,0.08,179814,524736,73793,False
Tiruppur (South),VENKATACHALAM. G,Independent,138,1,139,0.08,179814,524736,73793,False
Tiruppur (South),DHANABAL. D,Independent,131,1,132,0.07,179814,524736,73793,False
Tiruppur (South),DINESHKUMAR. V,Independent,115,1,116,0.06,179814,524736,73793,False
Tiruppur (South),VIJAYAKUMAR. M,Anna Puratchi Thalaivar Amma Dravida Munnetra Kazhagam,78,3,81,0.05,179814,3034,73793,False
Tiruppur (South),JOHN BASHA. A,Tamizhaga Vaazhvurimai Katchi,75,1,76,0.04,179814,74809,73793,False
Tiruppur (South),RATHINAVEL. M,Independent,71,1,72,0.04,179814,524736,73793,False
Tiruppur (South),AMUTHAVEL. P,Independent,69,0,69,0.04,179814,524736,73793,False
Tiruppur (South),MOHAMED MUBARAK ALI,Ganasangam Party of India,60,0,60,0.03,179814,3235,73793,False
Tiruppur (South),VENKADASAMY. K,Independent,60,0,60,0.03,179814,524736,73793,False
Tiruppur (South),DR. RAMAKRISHNAN. S,Independent,49,1,50,0.03,179814,524736,73793,False
Tiruppur (South),KARTHIKADEVI. K,Independent,44,1,45,0.03,179814,524736,73793,False
Tiruppur (South),RAMESH. S,Independent,39,2,41,0.02,179814,524736,73793,False
Tiruttani,G.HARI,All India Anna Dravida Munnetra Kazhagam,87893,1276,89169,37.34,238798,10462146,89169,True
Tiruttani,M.SATHYA KUMAR,Tamilaga Vettri Kazhagam,82608,768,83376,34.91,238798,17226030,89169,False
Tiruttani,D.KRISHNAMURTHY,Desiya Murpokku Dravida Kazhagam,53976,887,54863,22.97,238798,589500,89169,False
Tiruttani,CHANDRAN .S.S,Naam Tamilar Katchi,6516,188,6704,2.81,238798,1972520,89169,False
Tiruttani,NOTA,None of the Above,1180,30,1210,0.51,238798,199800,89169,False
Tiruttani,KRISHNAMOORTHY.M,Independent,943,3,946,0.4,238798,524736,89169,False
Tiruttani,JAMBU.B,Independent,623,5,628,0.26,238798,524736,89169,False
Tiruttani,MUTHURAJ.G,Bahujan Samaj Party,469,1,470,0.2,238798,53369,89169,False
Tiruttani,KRISHNAMOORTHY.D,Independent,460,7,467,0.2,238798,524736,89169,False
Tiruttani,BALAJI.A,Thakkam Katchi,272,0,272,0.11,238798,2416,89169,False
Tiruttani,KRISHNAMOORTHY.K,Independent,201,9,210,0.09,238798,524736,89169,False
Tiruttani,DR.A.V.NARENDRAN,Independent,197,1,198,0.08,238798,524736,89169,False
Tiruttani,SHETTU.S,Independent,152,1,153,0.06,238798,524736,89169,False
Tiruttani,PAVENDHAN.Y.R,Tamizhaga Vaazhvurimai Katchi,130,2,132,0.06,238798,74809,89169,False
Tiruvadanai,RAJEEV,Tamilaga Vettri Kazhagam,69001,550,69551,31.57,220278,17226030,69551,True
Tiruvadanai,RM. KARUMANICKAM,Indian National Congress,66394,644,67038,30.43,220278,1661312,69551,False
Tiruvadanai,M.KEERTHIKA,All India Anna Dravida Munnetra Kazhagam,63205,674,63879,29.0,220278,10462146,69551,False
Tiruvadanai,N PREMNATH,Naam Tamilar Katchi,13224,165,13389,6.08,220278,1972520,69551,False
Tiruvadanai,S SURESH KASINI VENTHAN,All India Forward Bloc,1463,19,1482,0.67,220278,4455,69551,False
Tiruvadanai,ALAGARSAMY PANDIAN,Independent,657,18,675,0.31,220278,524736,69551,False
Tiruvadanai,S.BALUSAMY,Puthiya Tamilagam,607,12,619,0.28,220278,93652,69551,False
Tiruvadanai,A DINESH KUMAR,Independent,486,5,491,0.22,220278,524736,69551,False
Tiruvadanai,A SEGU ALI UDUMAN,Independent,480,1,481,0.22,220278,524736,69551,False
Tiruvadanai,R THILAGESWARAN,Independent,455,2,457,0.21,220278,524736,69551,False
Tiruvadanai,NOTA,None of the Above,347,7,354,0.16,220278,199800,69551,False
Tiruvadanai,B SIKKANDAR,Independent,328,2,330,0.15,220278,524736,69551,False
Tiruvadanai,A MUTHUSAMY,Bahujan Samaj Party,256,2,258,0.12,220278,53369,69551,False
Tiruvadanai,K KALEESWARAN,Tamizhaga Vaazhvurimai Katchi,214,1,215,0.1,220278,74809,69551,False
Tiruvadanai,MS ABDUL BAKKI,Independent,208,1,209,0.09,220278,524736,69551,False
Tiruvadanai,R ILAIYARAJA,Indhu Dravida Makkal Katchi,180,0,180,0.08,220278,2112,69551,False
Tiruvadanai,SAKTHIK KUMAR,Independent,149,1,150,0.07,220278,524736,69551,False
Tiruvadanai,N ANBU BAGURUDEEN,Independent,123,2,125,0.06,220278,524736,69551,False
Tiruvadanai,ALLA PICHAI,Independent,111,1,112,0.05,220278,524736,69551,False
Tiruvadanai,DEVASITHAM,Independent,110,2,112,0.05,220278,524736,69551,False
Tiruvadanai,M.VIJAY,Independent,106,3,109,0.05,220278,524736,69551,False
Tiruvadanai,A MANI,Independent,59,3,62,0.03,220278,524736,69551,False
Tiruvannamalai,VELU. E.V,Dravida Munnetra Kazhagam,87271,1002,88273,40.11,220066,11928996,88273,True
Tiruvannamalai,ARUL ARUMUGAM,Tamilaga Vettri Kazhagam,85172,646,85818,39.0,220066,17226030,88273,False
Tiruvannamalai,ELUMALAI. C,Bharatiya Janata Party,33809,471,34280,15.58,220066,1466979,88273,False
Tiruvannamalai,VIGNESH. S,Naam Tamilar Katchi,5930,81,6011,2.73,220066,1972520,88273,False
Tiruvannamalai,NOTA,None of the Above,758,27,785,0.36,220066,199800,88273,False
Tiruvannamalai,BENNY RAJAN. C.J,Republican Party of India (Athawale),611,16,627,0.28,220066,11047,88273,False
Tiruvannamalai,SALAM .M,Independent,474,0,474,0.22,220066,524736,88273,False
Tiruvannamalai,ELUMALAI. A S/O ARUMUGAM,Independent,356,0,356,0.16,220066,524736,88273,False
Tiruvannamalai,ARUL. K,Independent,323,2,325,0.15,220066,524736,88273,False
Tiruvannamalai,KOTHANDAPANI. B,Independent,284,0,284,0.13,220066,524736,88273,False
Tiruvannamalai,RAJ. S,Bahujan Samaj Party,281,0,281,0.13,220066,53369,88273,False
Tiruvannamalai,VIJAYAKUMAR. S,Naadaalum Makkal Katchi,276,1,277,0.13,220066,9715,88273,False
Tiruvannamalai,KANNAN. P,Veerath Thiyagi Viswanathadoss Thozhilalarkal Katchi,256,0,256,0.12,220066,5624,88273,False
Tiruvannamalai,PALANI. N,Independent,219,0,219,0.1,220066,524736,88273,False
Tiruvannamalai,ANANTH. A. M,Independent,212,0,212,0.1,220066,524736,88273,False
Tiruvannamalai,ADHITHYA PALANISAMY. A,Independent,188,0,188,0.09,220066,524736,88273,False
Tiruvannamalai,ARUL ANAND. V,Independent,168,1,169,0.08,220066,524736,88273,False
Tiruvannamalai,NAKKIRAN. A,Thamizhaka Padaippalar Makkal Katchi,134,1,135,0.06,220066,4020,88273,False
Tiruvannamalai,ELUMALAI. C S/O CHINNAKUZHANTHAI,Independent,130,0,130,0.06,220066,524736,88273,False
Tiruvannamalai,RAMESH. V,Independent,129,0,129,0.06,220066,524736,88273,False
Tiruvannamalai,MALLI. S,Tamizhaga Vaazhvurimai Katchi,121,1,122,0.06,220066,74809,88273,False
Tiruvannamalai,VIGNESH. M,Independent,93,0,93,0.04,220066,524736,88273,False
Tiruvannamalai,RAJA. V,Independent,90,1,91,0.04,220066,524736,88273,False
Tiruvannamalai,ELUMALAI. C S/O CHINNARASU,Independent,87,0,87,0.04,220066,524736,88273,False
Tiruvannamalai,VELU. V,Anti Corruption Dynamic Party,80,1,81,0.04,220066,4558,88273,False
Tiruvannamalai,MAHESWARI. R,Independent,76,1,77,0.03,220066,524736,88273,False
Tiruvannamalai,VENKATESAN. M,Independent,66,0,66,0.03,220066,524736,88273,False
Tiruvannamalai,MARIKKANNU. E,Independent,61,0,61,0.03,220066,524736,88273,False
Tiruvannamalai,ANBALAGAN. M,Independent,58,1,59,0.03,220066,524736,88273,False
Tiruvannamalai,VELU. K,Independent,57,1,58,0.03,220066,524736,88273,False
Tiruvannamalai,MOORTHY. P,Independent,42,0,42,0.02,220066,524736,88273,False
Tittakudi,GANESAN C.V,Dravida Munnetra Kazhagam,62086,1020,63106,35.91,175754,11928996,63106,True
Tittakudi,RAJASEKAR A,Tamilaga Vettri Kazhagam,60153,324,60477,34.41,175754,17226030,63106,False
Tittakudi,MURUGUMARAN N,All India Anna Dravida Munnetra Kazhagam,42159,343,42502,24.18,175754,10462146,63106,False
Tittakudi,MAHALAKSHMI V,Naam Tamilar Katchi,5659,50,5709,3.25,175754,1972520,63106,False
Tittakudi,NOTA,None of the Above,570,14,584,0.33,175754,199800,63106,False
Tittakudi,VELMURUGAN G,Independent,548,1,549,0.31,175754,524736,63106,False
Tittakudi,PALANIVEL R,All India Puratchi Thalaivar Makkal Munnettra Kazhagam,439,4,443,0.25,175754,133479,63106,False
Tittakudi,MURUGAN A,Independent,400,1,401,0.23,175754,524736,63106,False
Tittakudi,RAVICHANDRAN K.P,Bahujan Samaj Party,397,2,399,0.23,175754,53369,63106,False
Tittakudi,SATHYA M,Aanaithinthiya Jananayaka Pathukappu Kazhagam,362,0,362,0.21,175754,22964,63106,False
Tittakudi,JAYA K,Tamizhaga Vaazhvurimai Katchi,336,2,338,0.19,175754,74809,63106,False
Tittakudi,PERINBAM D,Independent,313,2,315,0.18,175754,524736,63106,False
Tittakudi,SILAMBARASAN J,Independent,274,1,275,0.16,175754,524736,63106,False
Tittakudi,JAYARAMAN N,Bahujan Dravida Party,158,0,158,0.09,175754,780,63106,False
Tittakudi,PADMANATHAN V,Independent,135,1,136,0.08,175754,524736,63106,False
Udhagamandalam,BHOJARAJAN.M,Bharatiya Janata Party,47734,754,48488,32.61,148704,1466979,48488,True
Udhagamandalam,IBRAHIM.R,Tamilaga Vettri Kazhagam,47002,510,47512,31.95,148704,17226030,48488,False
Udhagamandalam,RAMACHANDRAN.B,Indian National Congress,44879,779,45658,30.7,148704,1661312,48488,False
Udhagamandalam,RAGUPATHY.B,Naam Tamilar Katchi,4551,90,4641,3.12,148704,1972520,48488,False
Udhagamandalam,NOTA,None of the Above,1502,23,1525,1.03,148704,199800,48488,False
Udhagamandalam,MANIAN.R,Independent,452,10,462,0.31,148704,524736,48488,False
Udhagamandalam,SAVEETHA.R,Tamizhaga Vaazhvurimai Katchi,409,9,418,0.28,148704,74809,48488,False
Udumalaipettai,JAYAKUMAR M.,Dravida Munnetra Kazhagam,67727,822,68549,33.67,203575,11928996,68549,True
Udumalaipettai,RADHAKRISHNAN K.,All India Anna Dravida Munnetra Kazhagam,65156,511,65667,32.26,203575,10462146,68549,False
Udumalaipettai,SANKAR K.,Tamilaga Vettri Kazhagam,59506,325,59831,29.39,203575,17226030,68549,False
Udumalaipettai,RAM KUMAR M.,Naam Tamilar Katchi,6629,73,6702,3.29,203575,1972520,68549,False
Udumalaipettai,NOTA,None of the Above,1128,21,1149,0.56,203575,199800,68549,False
Udumalaipettai,PADMENDRAPRAKASH A.,Independent,462,8,470,0.23,203575,524736,68549,False
Udumalaipettai,MAHENDRAN A.,Independent,322,0,322,0.16,203575,524736,68549,False
Udumalaipettai,UMAR ALI D.,Independent,314,1,315,0.15,203575,524736,68549,False
Udumalaipettai,RAMASAMY S.,Independent,223,4,227,0.11,203575,524736,68549,False
Udumalaipettai,KALIMUTHU S.,Independent,135,0,135,0.07,203575,524736,68549,False
Udumalaipettai,GANESH S.,Independent,120,4,124,0.06,203575,524736,68549,False
Udumalaipettai,ELSY C.,Independent,82,2,84,0.04,203575,524736,68549,False
Ulundurpettai,VASANTHAVEL G R,Dravida Munnetra Kazhagam,97584,887,98471,36.34,271002,11928996,98471,True
Ulundurpettai,KUMARAGURU R,All India Anna Dravida Munnetra Kazhagam,95014,1180,96194,35.5,271002,10462146,98471,False
Ulundurpettai,SUDHAKAR M,Tamilaga Vettri Kazhagam,65739,469,66208,24.43,271002,17226030,98471,False
Ulundurpettai,LOGESHWARI S,Naam Tamilar Katchi,6449,76,6525,2.41,271002,1972520,98471,False
Ulundurpettai,NOTA,None of the Above,1047,4,1051,0.39,271002,199800,98471,False
Ulundurpettai,MANIKANDAN P,Independent,642,0,642,0.24,271002,524736,98471,False
Ulundurpettai,UDHAYAKUMAR R,All India Puratchi Thalaivar Makkal Munnettra Kazhagam,590,0,590,0.22,271002,133479,98471,False
Ulundurpettai,KRISHNAMOORTHY V,Independent,281,1,282,0.1,271002,524736,98471,False
Ulundurpettai,RAMAKRISHNAN R,Independent,250,1,251,0.09,271002,524736,98471,False
Ulundurpettai,SENTHIL P,Independent,215,2,217,0.08,271002,524736,98471,False
Ulundurpettai,PARTHIBAN V,Independent,166,4,170,0.06,271002,524736,98471,False
Ulundurpettai,BALAKRISHNAN K,Anna Makkal Katchi,138,2,140,0.05,271002,1197,98471,False
Ulundurpettai,SASIKUMAR N,Independent,102,8,110,0.04,271002,524736,98471,False
Ulundurpettai,SANKAR S,Independent,78,0,78,0.03,271002,524736,98471,False
Ulundurpettai,ARASAN K,Independent,73,0,73,0.03,271002,524736,98471,False
Usilampatti,VIJAY. M,Tamilaga Vettri Kazhagam,64693,1050,65743,29.34,224048,17226030,65743,True
Usilampatti,MAHENDRAN. I,All India Anna Dravida Munnetra Kazhagam,63206,732,63938,28.54,224048,10462146,65743,False
Usilampatti,SARAVANAKUMAR. T,Indian National Congress,58841,624,59465,26.54,224048,1661312,65743,False
Usilampatti,AYYAPPAN. P,All India Puratchi Thalaivar Makkal Munnettra Kazhagam,16303,317,16620,7.42,224048,133479,65743,False
Usilampatti,ABIRAMI. D,Naam Tamilar Katchi,14749,436,15185,6.78,224048,1972520,65743,False
Usilampatti,VELLAIPANDI. V,Bahujan Samaj Party,711,13,724,0.32,224048,53369,65743,False
Usilampatti,NOTA,None of the Above,671,21,692,0.31,224048,199800,65743,False
Usilampatti,PRAVEENA. S,Independent,343,0,343,0.15,224048,524736,65743,False
Usilampatti,THIAGARAJAN. O. V,Independent,332,5,337,0.15,224048,524736,65743,False
Usilampatti,MUTHU. N,Independent,299,1,300,0.13,224048,524736,65743,False
Usilampatti,THIRUMOORTHY. A,Independent,268,2,270,0.12,224048,524736,65743,False
Usilampatti,KIRANYA. S,Independent,259,3,262,0.12,224048,524736,65743,False
Usilampatti,DHANASEKARAN. T,Independent,169,0,169,0.08,224048,524736,65743,False
Uthangarai,N ELAIYARAJA,Tamilaga Vettri Kazhagam,69448,753,70201,34.16,205530,17226030,70201,True
Uthangarai,T M TAMILSELVAM,All India Anna Dravida Munnetra Kazhagam,64081,922,65003,31.63,205530,10462146,70201,False
Uthangarai,R KUPPUSAMY,Indian National Congress,59877,1116,60993,29.68,205530,1661312,70201,False
Uthangarai,MEKALA,Naam Tamilar Katchi,6486,143,6629,3.23,205530,1972520,70201,False
Uthangarai,NOTA,None of the Above,867,14,881,0.43,205530,199800,70201,False
Uthangarai,K THAVARAJ,Tamizhaga Vaazhvurimai Katchi,288,3,291,0.14,205530,74809,70201,False
Uthangarai,MUNIRAJ,Independent,255,2,257,0.13,205530,524736,70201,False
Uthangarai,KUMARAVEL,Independent,245,2,247,0.12,205530,524736,70201,False
Uthangarai,TAMILMANI,Independent,234,7,241,0.12,205530,524736,70201,False
Uthangarai,VIJIYAL,Aanaithinthiya Jananayaka Pathukappu Kazhagam,203,3,206,0.1,205530,22964,70201,False
Uthangarai,BAKKIYARAJ R,Independent,173,3,176,0.09,205530,524736,70201,False
Uthangarai,A SAMRAJ,Independent,151,4,155,0.08,205530,524736,70201,False
Uthangarai,PALANI R,Thakkam Katchi,135,0,135,0.07,205530,2416,70201,False
Uthangarai,RAMESHWARI,Bharat Jan Chikitsa Party,115,0,115,0.06,205530,276,70201,False
Uthiramerur,MUNIRATHINAM.J,Tamilaga Vettri Kazhagam,83909,1008,84917,37.28,227765,17226030,84917,True
Uthiramerur,SUNDAR.K,Dravida Munnetra Kazhagam,69426,1268,70694,31.04,227765,11928996,84917,False
Uthiramerur,MAGESHKUMAR.P,Pattali Makkal Katchi,61785,1024,62809,27.58,227765,1070745,84917,False
Uthiramerur,MARAM MASILAMANI.B.S,Naam Tamilar Katchi,5667,116,5783,2.54,227765,1972520,84917,False
Uthiramerur,NOTA,None of the Above,1085,29,1114,0.49,227765,199800,84917,False
Uthiramerur,DEVARAJAN.C,Independent,549,2,551,0.24,227765,524736,84917,False
Uthiramerur,DEVENTHIRAMOORTHY.S,Independent,363,27,390,0.17,227765,524736,84917,False
Uthiramerur,SIVAKUMAR.A,Desiya Makkal Sakthi Katchi,339,3,342,0.15,227765,2279,84917,False
Uthiramerur,JAKIRUSAN.D,Tamizhaga Vaazhvurimai Katchi,234,1,235,0.1,227765,74809,84917,False
Uthiramerur,ANBU.V,Independent,221,0,221,0.1,227765,524736,84917,False
Uthiramerur,MAHESWARI.J,Independent,210,2,212,0.09,227765,524736,84917,False
Uthiramerur,MAGESH KUMAR.T,Independent,193,14,207,0.09,227765,524736,84917,False
Uthiramerur,GUNASEKAR.V,Independent,103,22,125,0.05,227765,524736,84917,False
Uthiramerur,CITTIBABU.R,Independent,91,4,95,0.04,227765,524736,84917,False
Uthiramerur,KAMALAKANNAN.K,Independent,68,2,70,0.03,227765,524736,84917,False
Valparai,KUTTY (ALIAS) SUDHAKAR. A,Dravida Munnetra Kazhagam,54096,575,54671,36.34,150431,11928996,54671,True
Valparai,DR. SRIDHARAN. A,Tamilaga Vettri Kazhagam,45099,201,45300,30.11,150431,17226030,54671,False
Valparai,LEKSHMANA SINGH. D,All India Anna Dravida Munnetra Kazhagam,43393,335,43728,29.07,150431,10462146,54671,False
Valparai,UMADEVI. P,Naam Tamilar Katchi,5203,53,5256,3.49,150431,1972520,54671,False
Valparai,NOTA,None of the Above,671,4,675,0.45,150431,199800,54671,False
Valparai,PERUMAL. K,Independent,479,0,479,0.32,150431,524736,54671,False
Valparai,LAKSHMI. N,Independent,319,3,322,0.21,150431,524736,54671,False
Vandavasi,AMBETHKUMAR. S,Dravida Munnetra Kazhagam,63011,794,63805,33.37,191204,11928996,63805,True
Vandavasi,RANI. P,All India Anna Dravida Munnetra Kazhagam,59842,630,60472,31.63,191204,10462146,63805,False
Vandavasi,UDHAYAKUMAR. M,Tamilaga Vettri Kazhagam,57810,364,58174,30.43,191204,17226030,63805,False
Vandavasi,GANESH. R,Naam Tamilar Katchi,5422,73,5495,2.87,191204,1972520,63805,False
Vandavasi,NOTA,None of the Above,981,7,988,0.52,191204,199800,63805,False
Vandavasi,RANI. A,Independent,672,2,674,0.35,191204,524736,63805,False
Vandavasi,JAISANKAR. M,Independent,330,1,331,0.17,191204,524736,63805,False
Vandavasi,PONNAMBALAM. P,Independent,262,0,262,0.14,191204,524736,63805,False
Vandavasi,THAMARAI SELVI. S,Tamizhaga Vaazhvurimai Katchi,248,4,252,0.13,191204,74809,63805,False
Vandavasi,UDHAYAKUMAR. N,Independent,160,27,187,0.1,191204,524736,63805,False
Vandavasi,MUTHUPERUMAL. K,Aanaithinthiya Jananayaka Pathukappu Kazhagam,121,3,124,0.06,191204,22964,63805,False
Vandavasi,KANNIYAPPAN. S,Independent,117,4,121,0.06,191204,524736,63805,False
Vandavasi,MUTHUSELVAM. V,Anti Corruption Dynamic Party,112,1,113,0.06,191204,4558,63805,False
Vandavasi,AMBEDKAR. T,Independent,65,39,104,0.05,191204,524736,63805,False
Vandavasi,RAKESH SHARMA. R,Thakkam Katchi,61,0,61,0.03,191204,2416,63805,False
Vandavasi,ARJUNAN. M,Independent,41,0,41,0.02,191204,524736,63805,False
Vaniyambadi,SYED FAROOQ BASHA SSB,Indian Union Muslim League,72764,417,73181,34.43,212534,142465,73181,True
Vaniyambadi,SYED BHURHANUDEEN,Tamilaga Vettri Kazhagam,69845,354,70199,33.03,212534,17226030,73181,False
Vaniyambadi,SENDHIL KUMAR.G,All India Anna Dravida Munnetra Kazhagam,60472,583,61055,28.73,212534,10462146,73181,False
Vaniyambadi,MURUGESAN.G,Naam Tamilar Katchi,4784,65,4849,2.28,212534,1972520,73181,False
Vaniyambadi,NOTA,None of the Above,616,8,624,0.29,212534,199800,73181,False
Vaniyambadi,SUBRAMANI.P,Bahujan Samaj Party,599,10,609,0.29,212534,53369,73181,False
Vaniyambadi,SUNDARAMMAL,Makkal Arasial Katchi,540,4,544,0.26,212534,1008,73181,False
Vaniyambadi,ANBARASU.P,Aanaithinthiya Jananayaka Pathukappu Kazhagam,229,2,231,0.11,212534,22964,73181,False
Vaniyambadi,RAJESH.T,Independent,211,2,213,0.1,212534,524736,73181,False
Vaniyambadi,DEVENDRAN.J,Tamizhaga Vaazhvurimai Katchi,192,3,195,0.09,212534,74809,73181,False
Vaniyambadi,MANOJ.S,Independent,166,0,166,0.08,212534,524736,73181,False
Vaniyambadi,NAVEEN.R,Independent,158,1,159,0.07,212534,524736,73181,False
Vaniyambadi,SRINIVASAN.A,Independent,158,0,158,0.07,212534,524736,73181,False
Vaniyambadi,MANJUNATH.K,Independent,139,1,140,0.07,212534,524736,73181,False
Vaniyambadi,ABDUL WAHID.A,Independent,109,0,109,0.05,212534,524736,73181,False
Vaniyambadi,SELVARAJ.M,Independent,99,3,102,0.05,212534,524736,73181,False
Vanur,GOWTHAM D,Dravida Munnetra Kazhagam,68418,455,68873,35.85,192119,11928996,68873,True
Vanur,SURESH P,Tamilaga Vettri Kazhagam,61589,250,61839,32.19,192119,17226030,68873,False
Vanur,MURUGAN P,All India Anna Dravida Munnetra Kazhagam,53839,354,54193,28.21,192119,10462146,68873,False
Vanur,KARIKALAN B,Naam Tamilar Katchi,4654,43,4697,2.44,192119,1972520,68873,False
Vanur,VETRIVEL G,Independent,571,1,572,0.3,192119,524736,68873,False
Vanur,NOTA,None of the Above,510,9,519,0.27,192119,199800,68873,False
Vanur,SAKTHIVEL S,Tamizhaga Vaazhvurimai Katchi,283,2,285,0.15,192119,74809,68873,False
Vanur,VINAYAGAMOORTHY M,Bahujan Samaj Party,265,0,265,0.14,192119,53369,68873,False
Vanur,RADHIKA S,Independent,197,0,197,0.1,192119,524736,68873,False
Vanur,SATHYARAMAN P,Independent,172,0,172,0.09,192119,524736,68873,False
Vanur,SIVAKUMAR R,Independent,111,1,112,0.06,192119,524736,68873,False
Vanur,ANANDAKUMAR P M,Thakkam Katchi,95,0,95,0.05,192119,2416,68873,False
Vanur,AYYANAR E,Independent,93,0,93,0.05,192119,524736,68873,False
Vanur,MURALI M,Independent,83,0,83,0.04,192119,524736,68873,False
Vanur,SURESH C V,Independent,67,1,68,0.04,192119,524736,68873,False
Vanur,THANGARASU N,Independent,56,0,56,0.03,192119,524736,68873,False
Vasudevanallur,E. RAJA,Dravida Munnetra Kazhagam,61907,1138,63045,33.22,189795,11928996,63045,True
Vasudevanallur,ANANTHAN AYYASAMY,Bharatiya Janata Party,55452,1010,56462,29.75,189795,1466979,63045,False
Vasudevanallur,R. AMUTHARANI,Tamilaga Vettri Kazhagam,45074,788,45862,24.16,189795,17226030,63045,False
Vasudevanallur,ESAI MATHIVANAN,Naam Tamilar Katchi,12529,327,12856,6.77,189795,1972520,63045,False
Vasudevanallur,K. PAULRAJ,Puthiya Tamilagam,3991,128,4119,2.17,189795,93652,63045,False
Vasudevanallur,A. PONNUTHAI,All India Puratchi Thalaivar Makkal Munnettra Kazhagam,2205,44,2249,1.18,189795,133479,63045,False
Vasudevanallur,A. PALANIKUMAR,Independent,1020,0,1020,0.54,189795,524736,63045,False
Vasudevanallur,SENTHILKUMAR,Independent,730,1,731,0.39,189795,524736,63045,False
Vasudevanallur,NOTA,None of the Above,616,21,637,0.34,189795,199800,63045,False
Vasudevanallur,PRABAKARAN .R,Independent,568,2,570,0.3,189795,524736,63045,False
Vasudevanallur,P. KARPAGAVALLI,Independent,481,5,486,0.26,189795,524736,63045,False
Vasudevanallur,I. SARAVANAN,Independent,361,2,363,0.19,189795,524736,63045,False
Vasudevanallur,R. RAMESHKUMAR,Bahujan Samaj Party,331,2,333,0.18,189795,53369,63045,False
Vasudevanallur,K. NAGARAJAN,Independent,257,2,259,0.14,189795,524736,63045,False
Vasudevanallur,B. VEERALAKSHMI,Tamilaga Makkal Nala Katchi,179,4,183,0.1,189795,1555,63045,False
Vasudevanallur,K. RAMACHANDRAN,Independent,178,1,179,0.09,189795,524736,63045,False
Vasudevanallur,SELVARAJ .C,Independent,170,7,177,0.09,189795,524736,63045,False
Vasudevanallur,K. RAJENDRAN,Puthiya Makkal Tamil Desam Katchi,141,0,141,0.07,189795,2651,63045,False
Vasudevanallur,M. ARUMUGASAMY,Independent,123,0,123,0.06,189795,524736,63045,False
Vedaranyam,MANIAN. O.S,All India Anna Dravida Munnetra Kazhagam,58108,1064,59172,36.48,162216,10462146,59172,True
Vedaranyam,PUGAZHENDI. M,Dravida Munnetra Kazhagam,50587,1254,51841,31.96,162216,11928996,59172,False
Vedaranyam,KINGSLY GERALD. A,Tamilaga Vettri Kazhagam,38071,276,38347,23.64,162216,17226030,59172,False
Vedaranyam,KARTHICK. T,Naam Tamilar Katchi,10211,185,10396,6.41,162216,1972520,59172,False
Vedaranyam,NOTA,None of the Above,548,15,563,0.35,162216,199800,59172,False
Vedaranyam,LINGESWARAN. M,All India Puratchi Thalaivar Makkal Munnettra Kazhagam,378,4,382,0.24,162216,133479,59172,False
Vedaranyam,VEERAKUMAR. V,Independent,352,11,363,0.22,162216,524736,59172,False
Vedaranyam,THIVASKAR. B,Independent,309,15,324,0.2,162216,524736,59172,False
Vedaranyam,RAJASIMMAN. D,Independent,253,6,259,0.16,162216,524736,59172,False
Vedaranyam,SATHIYASEELAN. M,Independent,206,1,207,0.13,162216,524736,59172,False
Vedaranyam,GOWTHAMAN. M,Independent,202,2,204,0.13,162216,524736,59172,False
Vedaranyam,SELVAKUMAR. S,Independent,158,0,158,0.1,162216,524736,59172,False
Vedasandur,SAMINATHAN. T,Dravida Munnetra Kazhagam,84196,752,84948,37.5,226554,11928996,84948,True
Vedasandur,PARAMASIVAM. V.P.B.,All India Anna Dravida Munnetra Kazhagam,74188,697,74885,33.05,226554,10462146,84948,False
Vedasandur,DR.NAKAJOTHI. N,Tamilaga Vettri Kazhagam,56444,360,56804,25.07,226554,17226030,84948,False
Vedasandur,KHAJA HUSSAIN AHAMED. A,Naam Tamilar Katchi,7000,95,7095,3.13,226554,1972520,84948,False
Vedasandur,MURUGAN. V,Independent,727,0,727,0.32,226554,524736,84948,False
Vedasandur,NOTA,None of the Above,466,8,474,0.21,226554,199800,84948,False
Vedasandur,MARIMUTHU. S,Independent,355,0,355,0.16,226554,524736,84948,False
Vedasandur,MANIKANDAPRABHU. N C,Independent,292,2,294,0.13,226554,524736,84948,False
Vedasandur,MANEESHANKAR. M.G.,Independent,205,0,205,0.09,226554,524736,84948,False
Vedasandur,BOOMIRAJ. K,Samaniya Makkal Nala Katchi,183,1,184,0.08,226554,5144,84948,False
Vedasandur,RAVI. R,Communist Party of India (Marxist-Leninist) (Liberation),151,2,153,0.07,226554,3983,84948,False
Vedasandur,RAMESH. T,Tamizhaga Vaazhvurimai Katchi,131,0,131,0.06,226554,74809,84948,False
Vedasandur,SELVARAJ. V,Independent,94,0,94,0.04,226554,524736,84948,False
Vedasandur,NATCHIMUTHU. R,Independent,77,1,78,0.03,226554,524736,84948,False
Vedasandur,SURESH. B,Independent,71,1,72,0.03,226554,524736,84948,False
Vedasandur,DHIVAKAR. A,Independent,54,1,55,0.02,226554,524736,84948,False
Veerapandi,PALANIVEL. M.S,Tamilaga Vettri Kazhagam,79535,372,79907,33.88,235875,17226030,79907,True
Veerapandi,SRI BALAJI SUGUMAR. S,All India Anna Dravida Munnetra Kazhagam,75091,745,75836,32.15,235875,10462146,79907,False
Veerapandi,THARUN. A.K,Dravida Munnetra Kazhagam,68483,813,69296,29.38,235875,11928996,79907,False
Veerapandi,RAJESHKUMAR. S,Naam Tamilar Katchi,6741,79,6820,2.89,235875,1972520,79907,False
Veerapandi,BRAMAMOORTHI. M,Tamizhaga Vaazhvurimai Katchi,635,7,642,0.27,235875,74809,79907,False
Veerapandi,NOTA,None of the Above,585,9,594,0.25,235875,199800,79907,False
Veerapandi,PALANISAMY. P,Independent,448,1,449,0.19,235875,524736,79907,False
Veerapandi,ANBAZHAGAN. P,Communist Party of India (Marxist-Leninist) (Liberation),435,2,437,0.19,235875,3983,79907,False
Veerapandi,SAKTHIVEL. M,Naadaalum Makkal Katchi,396,1,397,0.17,235875,9715,79907,False
Veerapandi,PRABHU. V,Independent,348,1,349,0.15,235875,524736,79907,False
Veerapandi,VAIDESSWARA PRASAD. N,Independent,197,0,197,0.08,235875,524736,79907,False
Veerapandi,INDRAJITH GUPTHA. G,Independent,152,1,153,0.06,235875,524736,79907,False
Veerapandi,TAMILARASAN. D,Independent,142,0,142,0.06,235875,524736,79907,False
Veerapandi,SENTHILKUMAR. M,Independent,135,0,135,0.06,235875,524736,79907,False
Veerapandi,DEVENDHIRAPRABU. M,Independent,103,0,103,0.04,235875,524736,79907,False
Veerapandi,GOPI. R,Independent,96,0,96,0.04,235875,524736,79907,False
Veerapandi,KARTHI. R,Independent,77,3,80,0.03,235875,524736,79907,False
Veerapandi,JAYAVEL. M,Independent,79,0,79,0.03,235875,524736,79907,False
Veerapandi,GOPINATH. B,Independent,56,2,58,0.02,235875,524736,79907,False
Veerapandi,KAVITHA. M.P,Independent,56,0,56,0.02,235875,524736,79907,False
Veerapandi,RANGANATHAN. D,Independent,49,0,49,0.02,235875,524736,79907,False
Velachery,KUMAR. R,Tamilaga Vettri Kazhagam,80057,373,80430,43.52,184815,17226030,80430,True
Velachery,ASHOK. M.K,All India Anna Dravida Munnetra Kazhagam,46505,620,47125,25.5,184815,10462146,80430,False
Velachery,AASSAN MAULAANA J.M.H,Indian National Congress,45416,512,45928,24.85,184815,1661312,80430,False
Velachery,KEERTHANA. M,Naam Tamilar Katchi,7656,41,7697,4.16,184815,1972520,80430,False
Velachery,NOTA,None of the Above,1318,18,1336,0.72,184815,199800,80430,False
Velachery,MOHANRAJ. K,Bahujan Samaj Party,237,2,239,0.13,184815,53369,80430,False
Velachery,KALA PETHACHI,Independent,229,4,233,0.13,184815,524736,80430,False
Velachery,KANCHANA. R,Tamizhaga Murpokku Makkal Katchi,203,2,205,0.11,184815,998,80430,False
Velachery,RADHAKRISHNAN. D.R,Independent,143,0,143,0.08,184815,524736,80430,False
Velachery,SURESH K,Independent,134,3,137,0.07,184815,524736,80430,False
Velachery,MANI. M,Veerath Thiyagi Viswanathadoss Thozhilalarkal Katchi,132,1,133,0.07,184815,5624,80430,False
Velachery,POYYAMOZHI. M,Proutist Sarva Samaj,127,3,130,0.07,184815,130,80430,False
Velachery,DIWAKAR. R,Independent,129,1,130,0.07,184815,524736,80430,False
Velachery,SARABESHWAR SISU. P,Independent,128,1,129,0.07,184815,524736,80430,False
Velachery,ROKESH KUMAR. V,Tamizhaga Vaazhvurimai Katchi,114,3,117,0.06,184815,74809,80430,False
Velachery,ASHOK. M,Independent,83,5,88,0.05,184815,524736,80430,False
Velachery,KANNAN. K,Independent,82,3,85,0.05,184815,524736,80430,False
Velachery,JANAGARAJ RAVI GUNASEELAN,Independent,76,1,77,0.04,184815,524736,80430,False
Velachery,VIGNESH. M,Independent,69,1,70,0.04,184815,524736,80430,False
Velachery,VIGNESH. R,Independent,65,1,66,0.04,184815,524736,80430,False
Velachery,AZARUTHEEN. M,Independent,60,3,63,0.03,184815,524736,80430,False
Velachery,RAJASEKAR. S,Independent,58,3,61,0.03,184815,524736,80430,False
Velachery,MOHAMED YASEEN. I,Thakkam Katchi,47,4,51,0.03,184815,2416,80430,False
Velachery,BHASKAR. G,Independent,45,2,47,0.03,184815,524736,80430,False
Velachery,MOHAN. R,Independent,32,0,32,0.02,184815,524736,80430,False
Velachery,DEEPAK RAVI,Independent,27,0,27,0.01,184815,524736,80430,False
Velachery,AHAMMED NAZEER KHAN,Independent,23,1,24,0.01,184815,524736,80430,False
Velachery,RITISH,Independent,12,0,12,0.01,184815,524736,80430,False
Vellore,M.M.VINOTH KANNAN,Tamilaga Vettri Kazhagam,72563,469,73032,38.33,190527,17226030,73032,True
Vellore,P.KARTHIKEYAN,Dravida Munnetra Kazhagam,65587,668,66255,34.77,190527,11928996,73032,False
Vellore,S R K APPU,All India Anna Dravida Munnetra Kazhagam,44934,524,45458,23.86,190527,10462146,73032,False
Vellore,A.SONIYA,Naam Tamilar Katchi,3731,62,3793,1.99,190527,1972520,73032,False
Vellore,NOTA,None of the Above,745,12,757,0.4,190527,199800,73032,False
Vellore,K.VIMALA,Naam Indiar Party,195,0,195,0.1,190527,4474,73032,False
Vellore,U.VIJAYA KUMAR,Independent,191,0,191,0.1,190527,524736,73032,False
Vellore,S.M.IRSHAD,Tamizhaga Vaazhvurimai Katchi,130,5,135,0.07,190527,74809,73032,False
Vellore,M.VINOTHKUMAR,Anna MGR Dravida Makkal Kalgam,125,6,131,0.07,190527,295,73032,False
Vellore,S.MADHAN KUMAR,Independent,122,1,123,0.06,190527,524736,73032,False
Vellore,S.GIRIDHARA PRASAD,Party for the Rights of Other backward Classes,103,0,103,0.05,190527,4101,73032,False
Vellore,S.APPU,Independent,102,1,103,0.05,190527,524736,73032,False
Vellore,K.M.VINAAYAGAM,Viro Ke Vir Indian Party,87,1,88,0.05,190527,498,73032,False
Vellore,M.LOGANATHAN,Independent,59,0,59,0.03,190527,524736,73032,False
Vellore,K.MUNIYAPPAN,ALL PENSIONER'S PARTY,54,1,55,0.03,190527,55,73032,False
Vellore,S.RAJKAMAL,Independent,49,0,49,0.03,190527,524736,73032,False
Veppanahalli,SRINIVASAN.P.S,Dravida Munnetra Kazhagam,74147,544,74691,33.55,222608,11928996,74691,True
Veppanahalli,MUNUSAMY.K.P,All India Anna Dravida Munnetra Kazhagam,74020,533,74553,33.49,222608,10462146,74691,False
Veppanahalli,SAMPANGI.S.R,Tamilaga Vettri Kazhagam,63487,420,63907,28.71,222608,17226030,74691,False
Veppanahalli,NAGARAJ.R,Naam Tamilar Katchi,4471,48,4519,2.03,222608,1972520,74691,False
Veppanahalli,NOTA,None of the Above,1559,11,1570,0.71,222608,199800,74691,False
Veppanahalli,IYAPPAN.L,Tamizhaga Vaazhvurimai Katchi,867,4,871,0.39,222608,74809,74691,False
Veppanahalli,VENKATESAN.C,Independent,690,2,692,0.31,222608,524736,74691,False
Veppanahalli,RAMASAMY.G.C,Independent,487,0,487,0.22,222608,524736,74691,False
Veppanahalli,MANOHARAN.K.A,Independent,345,0,345,0.15,222608,524736,74691,False
Veppanahalli,YUVARAJ.K.P.U,Independent,262,3,265,0.12,222608,524736,74691,False
Veppanahalli,SENTHILKUMAR.R,Tamil Nadu Ilangyar Katchi,215,0,215,0.1,222608,355,74691,False
Veppanahalli,GOVINDARAJ.G.J,Independent,183,2,185,0.08,222608,524736,74691,False
Veppanahalli,PRAJAPATHI VIJAY.C,Tamilar Makkal Katchi,154,2,156,0.07,222608,2056,74691,False
Veppanahalli,ESHWARAN.C,Independent,151,1,152,0.07,222608,524736,74691,False
Vikravandi,SIVAKUMAR C,Pattali Makkal Katchi,69028,699,69727,33.33,209231,1070745,69727,True
Vikravandi,VIJAI VADIVEL A,Tamilaga Vettri Kazhagam,68088,729,68817,32.89,209231,17226030,69727,False
Vikravandi,ANNIYUR SIVA @ SIVASHANMUGAM A,Dravida Munnetra Kazhagam,60292,649,60941,29.13,209231,11928996,69727,False
Vikravandi,SUBHA CHANDRASEKARAN A,Naam Tamilar Katchi,4895,84,4979,2.38,209231,1972520,69727,False
Vikravandi,SETTU C,Tamizhaga Vaazhvurimai Katchi,585,7,592,0.28,209231,74809,69727,False
Vikravandi,SIVAKUMAR S,Independent,454,1,455,0.22,209231,524736,69727,False
Vikravandi,INBARASAN G,Bahujan Samaj Party,442,0,442,0.21,209231,53369,69727,False
Vikravandi,SANMUGAM B,Independent,432,0,432,0.21,209231,524736,69727,False
Vikravandi,NOTA,None of the Above,393,8,401,0.19,209231,199800,69727,False
Vikravandi,RAMACHANDRAN P,Anti Corruption Dynamic Party,342,0,342,0.16,209231,4558,69727,False
Vikravandi,TAMILSELVAN D,Independent,287,1,288,0.14,209231,524736,69727,False
Vikravandi,SHANMUGAM P,Independent,244,0,244,0.12,209231,524736,69727,False
Vikravandi,GOKUL RAJ B,Independent,204,1,205,0.1,209231,524736,69727,False
Vikravandi,STALIN D,Aanaithinthiya Jananayaka Pathukappu Kazhagam,190,4,194,0.09,209231,22964,69727,False
Vikravandi,SHANMUGAM R,Independent,157,1,158,0.08,209231,524736,69727,False
Vikravandi,SELVAKUMAR S,Independent,152,2,154,0.07,209231,524736,69727,False
Vikravandi,BACKIYALAKSHMI C,Thakkam Katchi,141,0,141,0.07,209231,2416,69727,False
Vikravandi,RAJARAM M,Independent,127,0,127,0.06,209231,524736,69727,False
Vikravandi,YEASURAJA M,Independent,115,0,115,0.05,209231,524736,69727,False
Vikravandi,SAKTHIVEL A,Independent,104,0,104,0.05,209231,524736,69727,False
Vikravandi,THAMIZHVENGAI KA,Desiya Makkal Sakthi Katchi,103,0,103,0.05,209231,2279,69727,False
Vikravandi,MURUGAN C,Independent,75,1,76,0.04,209231,524736,69727,False
Vikravandi,MOHAMMAD SIDDIQ M H,Veerath Thiyagi Viswanathadoss Thozhilalarkal Katchi,71,0,71,0.03,209231,5624,69727,False
Vikravandi,RAMACHANDRAN A,Independent,67,1,68,0.03,209231,524736,69727,False
Vikravandi,PRABHAKARAN D,Independent,55,0,55,0.03,209231,524736,69727,False
Vilathikulam,MARKANDAYAN G V,Dravida Munnetra Kazhagam,57458,937,58395,33.4,174814,11928996,58395,True
Vilathikulam,P. KASIRAM,Tamilaga Vettri Kazhagam,49578,589,50167,28.7,174814,17226030,58395,False
Vilathikulam,R. SATHYA,All India Anna Dravida Munnetra Kazhagam,48461,418,48879,27.96,174814,10462146,58395,False
Vilathikulam,BALAJI RAMACHANDRAN,Naam Tamilar Katchi,11574,206,11780,6.74,174814,1972520,58395,False
Vilathikulam,P.MADASAMY,Puthiya Tamilagam,1995,62,2057,1.18,174814,93652,58395,False
Vilathikulam,C. PONPANDI,All India Puratchi Thalaivar Makkal Munnettra Kazhagam,1359,21,1380,0.79,174814,133479,58395,False
Vilathikulam,NOTA,None of the Above,636,6,642,0.37,174814,199800,58395,False
Vilathikulam,P. RAJASEKARAN,Independent,440,1,441,0.25,174814,524736,58395,False
Vilathikulam,G. MUNIYASAMY,Independent,175,0,175,0.1,174814,524736,58395,False
Vilathikulam,M. PONNUSAMY,Independent,166,6,172,0.1,174814,524736,58395,False
Vilathikulam,R. PERUMAL,Naam Indiar Party,164,2,166,0.09,174814,4474,58395,False
Vilathikulam,K. AJAY KUMAR,Independent,163,3,166,0.09,174814,524736,58395,False
Vilathikulam,P. JEYAKUMAR,Independent,145,3,148,0.08,174814,524736,58395,False
Vilathikulam,V. GANESAN,Independent,87,1,88,0.05,174814,524736,58395,False
Vilathikulam,A. PRABAHAR,Independent,87,0,87,0.05,174814,524736,58395,False
Vilathikulam,A. PATTURAJ,Independent,68,3,71,0.04,174814,524736,58395,False
Vilavancode,PRAVEEN T.T,Indian National Congress,69378,1377,70755,40.45,174927,1661312,70755,True
Vilavancode,MICHAEL KUMAR K,Tamilaga Vettri Kazhagam,49028,757,49785,28.46,174927,17226030,70755,False
Vilavancode,VIJAYADHARANI S,Bharatiya Janata Party,44676,928,45604,26.07,174927,1466979,70755,False
Vilavancode,MARIA STELLA,Naam Tamilar Katchi,6000,199,6199,3.54,174927,1972520,70755,False
Vilavancode,NOTA,None of the Above,811,17,828,0.47,174927,199800,70755,False
Vilavancode,JOHN CHRISTOPHER T,Rashtriya Janata Dal,389,13,402,0.23,174927,402,70755,False
Vilavancode,BAIJU T,Viro Ke Vir Indian Party,287,7,294,0.17,174927,498,70755,False
Vilavancode,MOHAN KUMAR M,All India Jananayaka Makkal Kazhagam,214,3,217,0.12,174927,1415,70755,False
Vilavancode,VENKADEASAN. K,Thamizhaka Padaippalar Makkal Katchi,193,1,194,0.11,174927,4020,70755,False
Vilavancode,JOSELAL L.V,Independent,185,5,190,0.11,174927,524736,70755,False
Vilavancode,MURUGANANDHA PRASAD T,Independent,108,4,112,0.06,174927,524736,70755,False
Vilavancode,PRAVEEN KUMAR,Independent,106,2,108,0.06,174927,524736,70755,False
Vilavancode,SHIBU AMOSE,Independent,86,2,88,0.05,174927,524736,70755,False
Vilavancode,DAVID T,Independent,72,9,81,0.05,174927,524736,70755,False
Vilavancode,KRISHNAN M,Independent,66,4,70,0.04,174927,524736,70755,False
Villivakkam,AADHAV ARJUNA,Tamilaga Vettri Kazhagam,66149,296,66445,46.97,141452,17226030,66445,True
Villivakkam,KARTHIK MOHAN,Dravida Munnetra Kazhagam,48730,413,49143,34.74,141452,11928996,66445,False
Villivakkam,VIJAYAKUMAR S.R,All India Anna Dravida Munnetra Kazhagam,19163,175,19338,13.67,141452,10462146,66445,False
Villivakkam,ROSHINI S,Naam Tamilar Katchi,4287,23,4310,3.05,141452,1972520,66445,False
Villivakkam,NOTA,None of the Above,691,4,695,0.49,141452,199800,66445,False
Villivakkam,DHAYANIDHI D,Independent,184,0,184,0.13,141452,524736,66445,False
Villivakkam,ABDUL SHABEEK A,Tamizhaga Vaazhvurimai Katchi,147,0,147,0.1,141452,74809,66445,False
Villivakkam,AJITHKUMAR A,Thakkam Katchi,146,1,147,0.1,141452,2416,66445,False
Villivakkam,SHANMUGA D,Independent,103,4,107,0.08,141452,524736,66445,False
Villivakkam,ASHOK KUMAR C.A,Independent,99,0,99,0.07,141452,524736,66445,False
Villivakkam,MURALI R,Independent,88,0,88,0.06,141452,524736,66445,False
Villivakkam,SUBRAMANI K,Independent,77,0,77,0.05,141452,524736,66445,False
Villivakkam,KARTHICK P,Independent,69,2,71,0.05,141452,524736,66445,False
Villivakkam,DEVARAJAN G,Independent,62,0,62,0.04,141452,524736,66445,False
Villivakkam,KANNAN M,Independent,55,3,58,0.04,141452,524736,66445,False
Villivakkam,SOLOMON J.R,Independent,50,1,51,0.04,141452,524736,66445,False
Villivakkam,BALAMURALI G,Independent,50,0,50,0.04,141452,524736,66445,False
Villivakkam,KARTHICK S,Independent,42,6,48,0.03,141452,524736,66445,False
Villivakkam,JAYA ZEBA C,Independent,48,0,48,0.03,141452,524736,66445,False
Villivakkam,VIJAYAKUMAR G,Independent,45,1,46,0.03,141452,524736,66445,False
Villivakkam,KANDASAMY S,Independent,41,1,42,0.03,141452,524736,66445,False
Villivakkam,ANBAZHAGAN G,Independent,33,0,33,0.02,141452,524736,66445,False
Villivakkam,YUVARAJ S,Independent,32,0,32,0.02,141452,524736,66445,False
Villivakkam,VIJAYAKUMAR D,Independent,30,0,30,0.02,141452,524736,66445,False
Villivakkam,CHARAVANAN M.P,Independent,27,2,29,0.02,141452,524736,66445,False
Villivakkam,MURALI VINODH M,Independent,27,1,28,0.02,141452,524736,66445,False
Villivakkam,MANIMARAN P,Independent,25,0,25,0.02,141452,524736,66445,False
Villivakkam,PURUSHOTHAMAN P,Independent,10,0,10,0.01,141452,524736,66445,False
Villivakkam,RAJI M,Independent,9,0,9,0.01,141452,524736,66445,False
Villupuram,LAKSHMANAN R,Dravida Munnetra Kazhagam,72041,941,72982,33.88,215422,11928996,72982,True
Villupuram,MOHANRAJ N,Tamilaga Vettri Kazhagam,68287,576,68863,31.97,215422,17226030,72982,False
Villupuram,VIJAYASURESHBABU,All India Anna Dravida Munnetra Kazhagam,63118,690,63808,29.62,215422,10462146,72982,False
Villupuram,ABINAYA PONNIVALAVAN,Naam Tamilar Katchi,5690,96,5786,2.69,215422,1972520,72982,False
Villupuram,NOTA,None of the Above,564,9,573,0.27,215422,199800,72982,False
Villupuram,KUMARAN R,Tamizhaga Vaazhvurimai Katchi,437,3,440,0.2,215422,74809,72982,False
Villupuram,MURUGAN S,Bahujan Samaj Party,386,4,390,0.18,215422,53369,72982,False
Villupuram,MOHAMED ALI JINNA M,Independent,282,0,282,0.13,215422,524736,72982,False
Villupuram,RAGHUL R,Independent,277,0,277,0.13,215422,524736,72982,False
Villupuram,LAKSHMANAN R,Independent,243,0,243,0.11,215422,524736,72982,False
Villupuram,NAGARAJAN P,Veerath Thiyagi Viswanathadoss Thozhilalarkal Katchi,230,1,231,0.11,215422,5624,72982,False
Villupuram,LAKSHMANAN R,Independent,175,0,175,0.08,215422,524736,72982,False
Villupuram,RAJKUMAR S,Independent,172,0,172,0.08,215422,524736,72982,False
Villupuram,ARUMUGAM M,Independent,150,0,150,0.07,215422,524736,72982,False
Villupuram,LAKSHMANAN K,Independent,148,0,148,0.07,215422,524736,72982,False
Villupuram,RAYAR K,Independent,141,1,142,0.07,215422,524736,72982,False
Villupuram,VIJAYA M,Independent,141,0,141,0.07,215422,524736,72982,False
Villupuram,VIJAYA D,Independent,99,1,100,0.05,215422,524736,72982,False
Villupuram,RAMAN K,Independent,94,0,94,0.04,215422,524736,72982,False
Villupuram,VIJAYA M,Independent,92,1,93,0.04,215422,524736,72982,False
Villupuram,PRAVEEN KUMAR R,Independent,84,0,84,0.04,215422,524736,72982,False
Villupuram,BALAMURUGAN N,Independent,75,2,77,0.04,215422,524736,72982,False
Villupuram,AKBAR ALI P,Independent,63,0,63,0.03,215422,524736,72982,False
Villupuram,MOHAN C,Independent,62,0,62,0.03,215422,524736,72982,False
Villupuram,VIJAYA K,Independent,46,0,46,0.02,215422,524736,72982,False
Viralimalai,VIJAYABASKAR. C,All India Anna Dravida Munnetra Kazhagam,104857,916,105773,51.87,203921,10462146,105773,True
Viralimalai,MURUGESAN. P,Tamilaga Vettri Kazhagam,43464,236,43700,21.43,203921,17226030,105773,False
Viralimalai,CHELLAPANDIYAN. K.K,Dravida Munnetra Kazhagam,39884,513,40397,19.81,203921,11928996,105773,False
Viralimalai,SATHYALAKSHMI. K,Naam Tamilar Katchi,9389,78,9467,4.64,203921,1972520,105773,False
Viralimalai,KARTHIKA PRAKASH,All India Puratchi Thalaivar Makkal Munnettra Kazhagam,830,4,834,0.41,203921,133479,105773,False
Viralimalai,MAHENDIRAN. K,Independent,555,0,555,0.27,203921,524736,105773,False
Viralimalai,THIRUVENDRAN. V,Independent,424,0,424,0.21,203921,524736,105773,False
Viralimalai,NOTA,None of the Above,370,5,375,0.18,203921,199800,105773,False
Viralimalai,PALANISAMY. K,Veerath Thiyagi Viswanathadoss Thozhilalarkal Katchi,261,0,261,0.13,203921,5624,105773,False
Viralimalai,SELVARAJ. A,Puthiya Tamilagam,245,6,251,0.12,203921,93652,105773,False
Viralimalai,THIRUMURUGAN. K,Independent,217,1,218,0.11,203921,524736,105773,False
Viralimalai,BALAVEL MURUGESAN. T,Independent,215,0,215,0.11,203921,524736,105773,False
Viralimalai,BALASUBRAMANIAN. K.K,Independent,205,0,205,0.1,203921,524736,105773,False
Viralimalai,MANIKANDAN. M,Independent,157,0,157,0.08,203921,524736,105773,False
Viralimalai,JAYAGANDHI. R,Independent,153,0,153,0.08,203921,524736,105773,False
Viralimalai,PALANISAMY. A,Independent,134,0,134,0.07,203921,524736,105773,False
Viralimalai,BALASUBRAMANIAN. M,Independent,130,0,130,0.06,203921,524736,105773,False
Viralimalai,ADAIKALARAJ. S,Independent,95,1,96,0.05,203921,524736,105773,False
Viralimalai,VEERAMANI. M,Independent,90,0,90,0.04,203921,524736,105773,False
Viralimalai,SUBBAIAH. R,Independent,71,4,75,0.04,203921,524736,105773,False
Viralimalai,JOTHIVEL. A,Independent,73,0,73,0.04,203921,524736,105773,False
Viralimalai,THIRUMURUGAN. A,Independent,68,2,70,0.03,203921,524736,105773,False
Viralimalai,CHANDRAJOTHI. M,Independent,58,2,60,0.03,203921,524736,105773,False
Viralimalai,MATHIYALAGAN. G,Independent,57,1,58,0.03,203921,524736,105773,False
Viralimalai,VEERAMANI. M,Independent,56,0,56,0.03,203921,524736,105773,False
Viralimalai,ALAGAR. P ADVOCATE,Independent,52,0,52,0.03,203921,524736,105773,False
Viralimalai,RAJA. P,Independent,41,1,42,0.02,203921,524736,105773,False
Virudhunagar,SELVAM P,Tamilaga Vettri Kazhagam,63070,583,63653,37.93,167832,17226030,63653,True
Virudhunagar,VIJAYAPRABHAKAR,Desiya Murpokku Dravida Kazhagam,53689,573,54262,32.33,167832,589500,63653,False
Virudhunagar,GANESAN V.G.,All India Anna Dravida Munnetra Kazhagam,33851,361,34212,20.38,167832,10462146,63653,False
Virudhunagar,LAKSHMANAN,Naam Tamilar Katchi,9938,182,10120,6.03,167832,1972520,63653,False
Virudhunagar,BALASUBRAMANIAM M,Puthiya Tamilagam,2166,51,2217,1.32,167832,93652,63653,False
Virudhunagar,NOTA,None of the Above,940,14,954,0.57,167832,199800,63653,False
Virudhunagar,AJAY I,Independent,532,0,532,0.32,167832,524736,63653,False
Virudhunagar,MUTHUVEL S,Independent,508,1,509,0.3,167832,524736,63653,False
Virudhunagar,SUBBURAJ K,Independent,342,1,343,0.2,167832,524736,63653,False
Virudhunagar,GUNASUNDARAM R,Independent,204,0,204,0.12,167832,524736,63653,False
Virudhunagar,GURUSAMY S,Independent,180,2,182,0.11,167832,524736,63653,False
Virudhunagar,RATHINARAJA S,Nam Naadu Nam Makkal Nam Ethirkaalam Katchi,145,3,148,0.09,167832,1466,63653,False
Virudhunagar,SANTHOSH KUMAR R,Independent,137,0,137,0.08,167832,524736,63653,False
Virudhunagar,AMIRTHA PANDI M.V,Independent,121,1,122,0.07,167832,524736,63653,False
Virudhunagar,RANJITH S,Independent,118,1,119,0.07,167832,524736,63653,False
Virudhunagar,VIKRAMAN N,Desa Makkal Munnetrak Kazhagam,115,3,118,0.07,167832,278,63653,False
Virugampakkam,SABARINATHAN.R,Tamilaga Vettri Kazhagam,75801,291,76092,44.03,172831,17226030,76092,True
Virugampakkam,PRABHAKARA RAJA.A.M.V,Dravida Munnetra Kazhagam,48482,524,49006,28.35,172831,11928996,76092,False
Virugampakkam,VIRUGAI V.N.RAVI,All India Anna Dravida Munnetra Kazhagam,38337,430,38767,22.43,172831,10462146,76092,False
Virugampakkam,SANTHOSH,Naam Tamilar Katchi,6027,29,6056,3.5,172831,1972520,76092,False
Virugampakkam,NOTA,None of the Above,1016,14,1030,0.6,172831,199800,76092,False
Virugampakkam,JAGADISH.S,Republican Party of India (Athawale),458,4,462,0.27,172831,11047,76092,False
Virugampakkam,SURESHBABU.T.M,Tamil Telugu National Party,151,4,155,0.09,172831,642,76092,False
Virugampakkam,SABARINATHAN.P,Independent,121,3,124,0.07,172831,524736,76092,False
Virugampakkam,DINESHKUMAR.N,Independent,122,0,122,0.07,172831,524736,76092,False
Virugampakkam,RAVIKUMAR,Independent,104,3,107,0.06,172831,524736,76092,False
Virugampakkam,MUTHURAJ.T,Tamizhaga Vaazhvurimai Katchi,100,1,101,0.06,172831,74809,76092,False
Virugampakkam,SRINIVASAN.M,Independent,97,4,101,0.06,172831,524736,76092,False
Virugampakkam,RANGARAJ.G,Independent,91,0,91,0.05,172831,524736,76092,False
Virugampakkam,CHANDRA SEKAR.K,Independent,87,1,88,0.05,172831,524736,76092,False
Virugampakkam,GOPINATH.G,Independent,81,1,82,0.05,172831,524736,76092,False
Virugampakkam,SANKAR.E,Independent,66,0,66,0.04,172831,524736,76092,False
Virugampakkam,KUMAR.S,Independent,62,1,63,0.04,172831,524736,76092,False
Virugampakkam,EZHILRAJ.D,Independent,50,2,52,0.03,172831,524736,76092,False
Virugampakkam,LUKMANBABU.S,Independent,50,0,50,0.03,172831,524736,76092,False
Virugampakkam,ROY GEORGE,Anna Puratchi Thalaivar Amma Dravida Munnetra Kazhagam,42,1,43,0.02,172831,3034,76092,False
Virugampakkam,KARTHICK.M,Independent,40,1,41,0.02,172831,524736,76092,False
Virugampakkam,BALAMURUGAN.P,Naam Indiar Party,40,0,40,0.02,172831,4474,76092,False
Virugampakkam,ALEX PANDIAN.K,Independent,30,6,36,0.02,172831,524736,76092,False
Virugampakkam,ESAKKIMUTHUNADAR.P,Independent,32,4,36,0.02,172831,524736,76092,False
Virugampakkam,VENKATESAN.C,Independent,20,0,20,0.01,172831,524736,76092,False
Vriddhachalam,PREMALLATHA VIJAYAKANT,Desiya Murpokku Dravida Kazhagam,68625,726,69351,33.15,209186,589500,69351,True
Vriddhachalam,VIJAY.S,Tamilaga Vettri Kazhagam,66429,535,66964,32.01,209186,17226030,69351,False
Vriddhachalam,DR.TAMIZHARASI.P,Pattali Makkal Katchi,59086,705,59791,28.58,209186,1070745,69351,False
Vriddhachalam,ANANTHI DHANDAPANI,Naam Tamilar Katchi,5962,85,6047,2.89,209186,1972520,69351,False
Vriddhachalam,ARIVAZHAGAN.E.N,Tamizhaga Vaazhvurimai Katchi,1872,24,1896,0.91,209186,74809,69351,False
Vriddhachalam,ARIVUDAINAMBI.S,Anti Corruption Dynamic Party,900,4,904,0.43,209186,4558,69351,False
Vriddhachalam,NOTA,None of the Above,740,15,755,0.36,209186,199800,69351,False
Vriddhachalam,DURAI.K,Independent,737,1,738,0.35,209186,524736,69351,False
Vriddhachalam,GNANASUNDARI.M,Aanaithinthiya Jananayaka Pathukappu Kazhagam,608,3,611,0.29,209186,22964,69351,False
Vriddhachalam,SIVAPRAKASAM.V,Bahujan Samaj Party,370,4,374,0.18,209186,53369,69351,False
Vriddhachalam,SRINIVASAN.R,Independent,326,2,328,0.16,209186,524736,69351,False
Vriddhachalam,BALU.P,Independent,252,0,252,0.12,209186,524736,69351,False
Vriddhachalam,SIDHARTHAN.S,Desiya Makkal Sakthi Katchi,225,0,225,0.11,209186,2279,69351,False
Vriddhachalam,EZHILKUMAR.K,Independent,174,1,175,0.08,209186,524736,69351,False
Vriddhachalam,DEIVEEGADASS.M,Independent,163,0,163,0.08,209186,524736,69351,False
Vriddhachalam,JAYAPRAKASH.S,Independent,161,1,162,0.08,209186,524736,69351,False
Vriddhachalam,SIVASANKARAN.K,Independent,160,1,161,0.08,209186,524736,69351,False
Vriddhachalam,SATHIYA.B,Anna Makkal Katchi,157,3,160,0.08,209186,1197,69351,False
Vriddhachalam,PRABAKARAN.T,Independent,129,0,129,0.06,209186,524736,69351,False
Yercaud,USHARANI. P,All India Anna Dravida Munnetra Kazhagam,86895,877,87772,34.61,253592,10462146,87772,True
Yercaud,LAKSHMI JANARTHANAN. J,Tamilaga Vettri Kazhagam,84951,632,85583,33.75,253592,17226030,87772,False
Yercaud,REVATHI. T.M,Dravida Munnetra Kazhagam,67152,893,68045,26.83,253592,11928996,87772,False
Yercaud,PALANISAMY. M,Naam Tamilar Katchi,7472,129,7601,3.0,253592,1972520,87772,False
Yercaud,NOTA,None of the Above,1231,19,1250,0.49,253592,199800,87772,False
Yercaud,PALANISAMY. K,Bahujan Samaj Party,900,10,910,0.36,253592,53369,87772,False
Yercaud,GOPI. C,Communist Party of India (Marxist-Leninist) (Liberation),653,5,658,0.26,253592,3983,87772,False
Yercaud,VENKATESAN. S,Independent,510,3,513,0.2,253592,524736,87772,False
Yercaud,PAZHANIVEL. K,Independent,303,0,303,0.12,253592,524736,87772,False
Yercaud,THANGADURAI. N,Independent,291,3,294,0.12,253592,524736,87772,False
Yercaud,VENGATESHSAN. T,Tamizhaga Vaazhvurimai Katchi,234,1,235,0.09,253592,74809,87772,False
Yercaud,VIJAYAKUMAR. N,Independent,210,1,211,0.08,253592,524736,87772,False
Yercaud,KALIYAPPAN. A,Independent,123,0,123,0.05,253592,524736,87772,False
Yercaud,KARTHIK. N,Independent,93,1,94,0.04,253592,524736,87772,False
